﻿-- --------------------------------------------------------
-- Host:                         kompis-db-devtest.cywe3yl7yico.ap-southeast-1.rds.amazonaws.com
-- Server version:               5.7.22-log - Source distribution
-- Server OS:                    Linux
-- HeidiSQL Version:             9.3.0.4984
-- --------------------------------------------------------

/*!40101 SET @OLD_CHARACTER_SET_CLIENT=@@CHARACTER_SET_CLIENT */;
/*!40101 SET NAMES utf8mb4 */;
/*!40014 SET @OLD_FOREIGN_KEY_CHECKS=@@FOREIGN_KEY_CHECKS, FOREIGN_KEY_CHECKS=0 */;
/*!40101 SET @OLD_SQL_MODE=@@SQL_MODE, SQL_MODE='NO_AUTO_VALUE_ON_ZERO' */;

-- Dumping database structure for db_kompis
CREATE DATABASE IF NOT EXISTS `db_kompis` /*!40100 DEFAULT CHARACTER SET utf8 */;
USE `db_kompis`;


-- Dumping structure for table db_kompis.agenda
CREATE TABLE IF NOT EXISTS `agenda` (
  `id_agenda` varchar(24) NOT NULL COMMENT 'AGDID<id_bank_sampah><kode 4 digit auto>',
  `id_bank_sampah` varchar(15) DEFAULT NULL COMMENT 'KMP<dd-mm-yyyy><4 digit auto inc>',
  `judul_agenda` varchar(40) DEFAULT NULL,
  `deskripsi_agenda` tinytext,
  `tanggal_mulai_agenda` datetime DEFAULT NULL,
  `tanggal_selesai_agenda` datetime DEFAULT NULL,
  `tipe_kegiatan_agenda` varchar(40) DEFAULT NULL,
  `status_agenda_aktif` char(1) NOT NULL COMMENT '0 = Dibatalkan, 1 = Tidak Dibatalkan',
  `status_agenda_remove` char(1) NOT NULL COMMENT '0 = Hidden, 1 = Visible',
  `created_at` datetime DEFAULT NULL,
  `update_at` timestamp NULL DEFAULT '0000-00-00 00:00:00' ON UPDATE CURRENT_TIMESTAMP,
  PRIMARY KEY (`id_agenda`)
) ENGINE=InnoDB DEFAULT CHARSET=utf8;

-- Dumping data for table db_kompis.agenda: ~2 rows (approximately)
/*!40000 ALTER TABLE `agenda` DISABLE KEYS */;
/*INSERT INTO `agenda` (`id_agenda`, `id_bank_sampah`, `judul_agenda`, `deskripsi_agenda`, `tanggal_mulai_agenda`, `tanggal_selesai_agenda`, `tipe_kegiatan_agenda`, `status_agenda_aktif`, `status_agenda_remove`, `created_at`, `update_at`) VALUES
	('AGDIDKMP0803202000020001', 'KMP080320200002', 'Workshop Pilah Sampah', 'test12', '2020-03-08 20:14:57', '2020-03-09 20:14:58', 'test', '1', '1', '2020-03-17 07:32:36', '2020-03-19 07:52:08'),
	('AGDIDKMP1203202000030001', 'KMP120320200003', 'Rapat Bank Sampah', 'test31', '2020-03-12 09:15:42', '2020-03-12 15:15:58', 'test', '1', '1', '2020-03-17 07:32:36', '2020-03-19 07:52:40');
/*!40000 ALTER TABLE `agenda` ENABLE KEYS */;


-- Dumping structure for table db_kompis.album
CREATE TABLE IF NOT EXISTS `album` (
  `id_album` varchar(22) NOT NULL COMMENT 'ALB<id_bank_sampah><kode 4 digit auto>',
  `id_bank_sampah` varchar(15) DEFAULT NULL COMMENT 'KMP<dd-mm-yyyy><4 digit auto inc>',
  `judul_album` varchar(255) DEFAULT NULL,
  `deskripsi_album` tinytext,
  `foto_album` tinytext,
  `status_album_aktif` char(1) NOT NULL COMMENT '0 = Non Aktif, 1 = Aktif',
  `status_album_remove` char(1) NOT NULL COMMENT '0 = Hidden, 1 = Visible',
  `created_at` datetime DEFAULT NULL,
  `update_at` timestamp NULL DEFAULT '0000-00-00 00:00:00' ON UPDATE CURRENT_TIMESTAMP,
  PRIMARY KEY (`id_album`)
) ENGINE=InnoDB DEFAULT CHARSET=utf8;

-- Dumping data for table db_kompis.album: ~2 rows (approximately)
/*!40000 ALTER TABLE `album` DISABLE KEYS */;
/*INSERT INTO `album` (`id_album`, `id_bank_sampah`, `judul_album`, `deskripsi_album`, `foto_album`, `status_album_aktif`, `status_album_remove`, `created_at`, `update_at`) VALUES
	('ALBKMP0703202000010001', 'KMP070320200001', 'Penelitian Sampah Perumahan', 'penelitian sampah perumahan di Jakarta', NULL, '1', '1', '2020-03-17 07:45:13', '0000-00-00 00:00:00'),
	('ALBKMP0703202000010002', 'ALBKMP070320200', 'Proses Pilah Sampah', 'Pilah sampah di Jogja', NULL, '1', '1', '2020-03-17 07:45:13', '2020-03-17 07:46:02');
/*!40000 ALTER TABLE `album` ENABLE KEYS */;


-- Dumping structure for table db_kompis.album_detail
CREATE TABLE IF NOT EXISTS `album_detail` (
  `id_album` varchar(22) NOT NULL COMMENT 'ALB<id_bank_sampah><kode 4 digit auto>',
  `judul_album` varchar(255) DEFAULT NULL,
  `deskripsi_album` tinytext,
  `foto_album` tinytext
) ENGINE=InnoDB DEFAULT CHARSET=utf8;

-- Dumping data for table db_kompis.album_detail: ~0 rows (approximately)
/*!40000 ALTER TABLE `album_detail` DISABLE KEYS */;
/*INSERT INTO `album_detail` (`id_album`, `judul_album`, `deskripsi_album`, `foto_album`) VALUES
	('ALBKMP0703202000010001', 'Penelitian Sampah Perumahan', 'penelitian', NULL),
	('ALBKMP0703202000010001', 'Penelitian Sampah Perumahan', 'penelitian', NULL),
	('ALBKMP0703202000010001', 'Penelitian Sampah Perumahan', 'penelitian', NULL),
	('ALBKMP0703202000010001', 'Penelitian Sampah Perumahan', 'penelitian', NULL),
	('ALBKMP0703202000010001', 'Penelitian Sampah Perumahan', 'penelitian', NULL),
	('ALBKMP0703202000010001', 'Penelitian Sampah Perumahan', 'penelitian', NULL),
	('ALBKMP0703202000010001', 'Penelitian Sampah Perumahan', 'penelitian', NULL),
	('ALBKMP0703202000010001', 'Penelitian Sampah Perumahan', 'penelitian', NULL),
	('ALBKMP0703202000010001', 'Penelitian Sampah Perumahan', 'penelitian', NULL),
	('ALBKMP0703202000010001', 'Penelitian Sampah Perumahan', 'penelitian', NULL),
	('ALBKMP0703202000010001', 'Penelitian Sampah Perumahan', 'penelitian', NULL),
	('ALBKMP0703202000010001', 'Penelitian Sampah Perumahan', 'penelitian', NULL),
	('ALBKMP0703202000010001', 'Penelitian Sampah Perumahan', 'penelitian', NULL),
	('ALBKMP0703202000010001', 'Penelitian Sampah Perumahan', 'penelitian', NULL),
	('ALBKMP0703202000010001', 'Penelitian Sampah Perumahan', 'penelitian', NULL),
	('ALBKMP0703202000010001', 'Penelitian Sampah Perumahan', 'penelitian', NULL),
	('ALBKMP0703202000010001', 'Penelitian Sampah Perumahan', 'penelitian', NULL),
	('ALBKMP0703202000010001', 'Penelitian Sampah Perumahan', 'penelitian', NULL),
	('ALBKMP0703202000010001', 'Penelitian Sampah Perumahan', 'penelitian', NULL);
/*!40000 ALTER TABLE `album_detail` ENABLE KEYS */;


-- Dumping structure for table db_kompis.bank
CREATE TABLE IF NOT EXISTS `bank` (
  `id_bank` varchar(8) NOT NULL COMMENT ' BANK<kode 4 digit auto>',
  `nama_bank` varchar(50) DEFAULT NULL,
  `kode_bank` varchar(10) DEFAULT NULL,
  `id_superadmin` varchar(7) NOT NULL COMMENT 'SPR<kode 4 digit auto>',
  `status_bank_remove` char(1) NOT NULL COMMENT '0 = Hidden, 1 = Visible',
  `created_at` datetime DEFAULT NULL,
  `update_at` timestamp NULL DEFAULT '0000-00-00 00:00:00' ON UPDATE CURRENT_TIMESTAMP,
  PRIMARY KEY (`id_bank`)
) ENGINE=InnoDB DEFAULT CHARSET=utf8;

-- Dumping data for table db_kompis.bank: ~11 rows (approximately)
/*!40000 ALTER TABLE `bank` DISABLE KEYS */;
/*INSERT INTO `bank` (`id_bank`, `nama_bank`, `kode_bank`, `id_superadmin`, `status_bank_remove`, `created_at`, `update_at`) VALUES
	('BANK0001', 'BANK BRI', '002', 'SPR2104', '1', '2020-03-17 07:47:19', '0000-00-00 00:00:00'),
	('BANK0002', 'BANK BCA', '014', 'SPR2104', '1', '2020-03-17 07:47:19', '2020-03-17 10:55:00'),
	('BANK0003', 'BANK MANDIRI', '008', 'SPR2104', '1', '2020-03-17 07:47:19', '0000-00-00 00:00:00'),
	('BANK0004', 'BANK BNI', '009', 'SPR2104', '1', '2020-03-17 07:47:19', '0000-00-00 00:00:00'),
	('BANK0005', 'BANK BNI SYARIAH', '427', 'SPR2104', '1', '2020-03-17 07:47:19', '0000-00-00 00:00:00'),
	('BANK0006', 'BANK SYARIAH MANDIRI (BSM)', '451', 'SPR2104', '1', '2020-03-17 07:47:19', '0000-00-00 00:00:00'),
	('BANK0007', 'BANK CIMB NIAGA', '022', 'SPR2104', '1', '2020-03-17 07:47:19', '0000-00-00 00:00:00'),
	('BANK0008', 'BANK CIMB NIAGA SYARIAH	', '022', 'SPR2104', '1', '2020-03-17 07:47:19', '0000-00-00 00:00:00'),
	('BANK0009', 'BANK MUAMALAT	', '147', 'SPR2104', '1', '2020-03-17 07:47:19', '0000-00-00 00:00:00'),
	('BANK0010', 'BANK BTPN	', '213', 'SPR2104', '1', '2020-03-17 07:47:19', '0000-00-00 00:00:00'),
	('BANK0011', 'BANK BTPN SYARIAH', '547', 'SPR2104', '1', '2020-03-17 07:47:19', '2020-03-17 07:50:23');
/*!40000 ALTER TABLE `bank` ENABLE KEYS */;


-- Dumping structure for table db_kompis.bank_sampah
CREATE TABLE IF NOT EXISTS `bank_sampah` (
  `id_bank_sampah` varchar(15) CHARACTER SET latin1 NOT NULL COMMENT 'KMP<dd-mm-yyyy><4 digit auto inc>',
  `id_status_bank_sampah` int(11) NOT NULL DEFAULT '0',
  `nama_bank_sampah` varchar(50) CHARACTER SET latin1 DEFAULT NULL,
  `logo_bank_sampah` varchar(100) DEFAULT NULL,
  `alamat_bank_sampah` varchar(50) CHARACTER SET latin1 DEFAULT NULL,
  `id_provinsi` int(11) NOT NULL COMMENT ' ',
  `id_kabupaten` int(11) NOT NULL COMMENT ' ',
  `id_kecamatan` int(11) NOT NULL COMMENT ' ',
  `lat_bank_sampah` decimal(12,8) DEFAULT NULL,
  `long_bank_sampah` decimal(12,8) DEFAULT NULL,
  `email_bank_sampah` varchar(50) CHARACTER SET latin1 DEFAULT NULL,
  `no_hp_bank_sampah` varchar(15) CHARACTER SET latin1 DEFAULT NULL,
  `password_bank_sampah` varchar(64) CHARACTER SET latin1 DEFAULT NULL COMMENT 'Minimal password 6 karakter',
  `kode_verifikasi_bank_sampah` varchar(6) CHARACTER SET latin1 DEFAULT NULL,
  `tgl_daftar` datetime DEFAULT NULL COMMENT 'Generate saat Register',
  `ip_addres` varchar(15) DEFAULT NULL,
  `last_login` timestamp NULL DEFAULT NULL,
  `status_banksampah_remove` char(1) NOT NULL COMMENT '0 = Hidden, 1 = Visible',
  `reason_reject` varchar(100) NOT NULL,
  PRIMARY KEY (`id_bank_sampah`)
) ENGINE=InnoDB DEFAULT CHARSET=utf8;

-- Dumping data for table db_kompis.bank_sampah: ~13 rows (approximately)
/*!40000 ALTER TABLE `bank_sampah` DISABLE KEYS */;
/*INSERT INTO `bank_sampah` (`id_bank_sampah`, `id_status_bank_sampah`, `nama_bank_sampah`, `logo_bank_sampah`, `alamat_bank_sampah`, `id_provinsi`, `id_kabupaten`, `id_kecamatan`, `lat_bank_sampah`, `long_bank_sampah`, `email_bank_sampah`, `no_hp_bank_sampah`, `password_bank_sampah`, `kode_verifikasi_bank_sampah`, `tgl_daftar`, `ip_addres`, `last_login`, `status_banksampah_remove`, `reason_reject`) VALUES
	('KMP070320200001', 1, 'Bank Sampah Berkah', NULL, 'Kompleks Balapan, JL Kalisahak No. 28, Klitren, Ke', 0, 0, 0, -7.40033860, 110.33069520, 'william_sianturi@yahoo.com', '081362732676', 'new password', '92805', '2020-03-05 16:16:47', NULL, '2020-03-05 16:20:34', '1', ''),
	('KMP080320200002', 1, 'Bank Sampah Jaya', NULL, 'Tangerang', 1, 3, 4, -7.40063454, 110.33069345, 'manilakristin21@gmail.com', '087839911121', 'new password', NULL, '2020-03-08 19:33:51', NULL, '2020-03-08 19:33:52', '', ''),
	('KMP110320200001', 0, 'Ayat Maulana', NULL, 'Amphitheatre Parkway, Mountain View', 0, 95, 3535, 37.42199830, -122.08400000, 'ayatmaulana.04@gmail.com', '08977770986', '32232233', '44130', '2020-03-11 23:33:20', NULL, NULL, '', ''),
	('KMP110320200002', 0, 'cacing', NULL, 'Amphitheatre Parkway, Mountain View', 0, 162, 8, 37.42199830, -122.08400000, 'cacing@mailinator.com', '0837373723232', '123456', '95725', '2020-03-11 23:36:32', NULL, NULL, '', ''),
	('KMP110320200003', 0, 'cacing', NULL, 'Amphitheatre Parkway, Mountain View', 0, 162, 8, 37.42199830, -122.08400000, 'cacing@mailinator.comf', '08373737232321', '123456', '93148', '2020-03-11 23:38:24', NULL, NULL, '', ''),
	('KMP110320200004', 0, 'Mr A', NULL, 'Jalan Tebet Timur IV A, Kecamatan Tebet', 0, 172, 433, -6.23837450, 106.85413740, 'mra@mailinator.com', '0854646613131', '123456', '60968', '2020-03-11 23:47:26', NULL, NULL, '', ''),
	('KMP110320200005', 0, 'mrb', NULL, 'Jalan Tebet Timur Dalam VI A, Kecamatan Tebet', 0, 157, 770, -6.23835200, 106.85417990, 'mailb@mailinator.con', '082127808461', '123456', '96144', '2020-03-11 23:48:21', NULL, NULL, '', ''),
	('KMP120320200001', 0, 'BS Center', NULL, 'Jalan Kresna, Kecamatan Mlati', 0, 230, 1415, -7.76805820, 110.35692090, 'manilapoenya21@gmail.com', '087839911122', '123456789', '16320', '2020-03-12 08:55:07', NULL, NULL, '', ''),
	('KMP120320200002', 1, 'BS Rejeki', NULL, 'Jalan Kresna, Kecamatan Mlati', 0, 230, 1415, -7.76805840, 110.35691600, 'manilakr@kompiscreative.tech', '081393135615', '123456789', '4390', '2020-03-12 08:59:28', NULL, '2020-03-13 04:01:00', '', ''),
	('KMP120320200003', 4, 'Bank Sampah Tangerang Selatan 2', NULL, 'Allogio, Medang, Tangerang', 1, 3, 4, -7.40060850, 120.33069520, 'williamsianturi22913@gmail.com', '081362732548', '123456', '748890', '2020-03-12 10:22:42', NULL, NULL, '', ''),
	('KMP90320200001', 4, 'Bank Sampah Tangerang Selatan', NULL, 'Allogio, Medang, Tangerang', 1, 3, 4, -7.40060850, 120.33069520, 'me@ayatmaulana.com', '08164242171', '111111', '58863', '2020-03-09 13:34:28', NULL, '2020-03-13 10:16:17', '', ''),
	('KMP90320200002', 1, 'Bank Sampah Tangerang Selatan', NULL, 'Allogio, Medang, Tangerang', 1, 3, 4, -7.40060850, 120.33069520, 'me.ayatmaulana@gmail.com', '08977880986', '123456', '63220', '2020-03-09 13:35:35', NULL, '2020-03-11 23:40:10', '', ''),
	('KMP90320200003', 2, 'Bank Sampah Tangerang Selatan 2', NULL, 'Allogio, Medang, Tangerang', 1, 3, 4, -7.40060850, 120.33069520, 'zybercream@gmail.com', '081362732544', 'new password', '92648', '2020-03-09 14:58:01', NULL, '2020-03-09 14:59:38', '', '');
/*!40000 ALTER TABLE `bank_sampah` ENABLE KEYS */;


-- Dumping structure for table db_kompis.bank_sampah_detail
CREATE TABLE IF NOT EXISTS `bank_sampah_detail` (
  `id_bank_sampah` varchar(15) CHARACTER SET latin1 DEFAULT NULL COMMENT 'KMP<dd-mm-yyyy><4 digit auto inc>',
  `no_telp_bank_sampah` varchar(15) CHARACTER SET latin1 DEFAULT NULL,
  `foto_bangunan_bank_sampah` varchar(100) CHARACTER SET latin1 DEFAULT NULL,
  `sk_bank_sampah` varchar(50) DEFAULT NULL,
  `tanggal_berdiri_bank_sampah` date DEFAULT NULL,
  `slogan_bank_sampah` varchar(100) CHARACTER SET latin1 DEFAULT NULL,
  `website_bank_sampah` varchar(100) CHARACTER SET latin1 DEFAULT NULL,
  `nama_penanggungjawab` varchar(100) CHARACTER SET latin1 DEFAULT NULL,
  `id_jabatan_pengurus` int(11) NOT NULL DEFAULT '1',
  `no_ktp_penanggungjawab` varchar(16) DEFAULT NULL,
  `foto_ktp_penanggungjawab` varchar(100) CHARACTER SET latin1 DEFAULT NULL,
  `selfie_ktp_penanggungjawab` varchar(100) CHARACTER SET latin1 DEFAULT NULL,
  `alamat_penanggungjawab` varchar(100) CHARACTER SET latin1 DEFAULT NULL,
  `no_hp_penanggungjawab` varchar(15) CHARACTER SET latin1 DEFAULT NULL,
  `email_penanggungjawab` varchar(50) CHARACTER SET latin1 DEFAULT NULL,
  `saldo_bank_sampah` float DEFAULT NULL,
  `point_bank_sampah` float DEFAULT NULL
) ENGINE=InnoDB DEFAULT CHARSET=utf8;

-- Dumping data for table db_kompis.bank_sampah_detail: ~21 rows (approximately)
/*!40000 ALTER TABLE `bank_sampah_detail` DISABLE KEYS */;
/*INSERT INTO `bank_sampah_detail` (`id_bank_sampah`, `no_telp_bank_sampah`, `foto_bangunan_bank_sampah`, `sk_bank_sampah`, `tanggal_berdiri_bank_sampah`, `slogan_bank_sampah`, `website_bank_sampah`, `nama_penanggungjawab`, `id_jabatan_pengurus`, `no_ktp_penanggungjawab`, `foto_ktp_penanggungjawab`, `selfie_ktp_penanggungjawab`, `alamat_penanggungjawab`, `no_hp_penanggungjawab`, `email_penanggungjawab`, `saldo_bank_sampah`, `point_bank_sampah`) VALUES
	('KMP070320200001', '027436056', NULL, NULL, '2008-03-08', 'Bersih pangkal kaya', 'www.bsberkah.com', 'Marlon Kamagi', 1, '340402920393029', NULL, NULL, 'Jl. Soragan Lor', '088822113344', 'marlon@gmail.com', 5225000, 23),
	('KMP080320200001', '22913', NULL, NULL, '2006-12-29', 'Kebersihan adalah sebagian dari iman', 'www.test_data.com', 'Jan William Sianturi', 1, NULL, NULL, NULL, 'Medang Lestari', '081362732676', 'test@gmail.com', 0, 0),
	('KMP90320200003', '25237', NULL, NULL, '2020-01-14', 'Bersih itu sehat', 'www.banksampahallogio.com', 'Jan William Sianturi', 1, '3203012503770011', 'urlfoto/testS3', 'urlselfie/testS3', 'Allogio Barat 5 No. 90', '081362732644', 'test@gmail.com', 0, 0),
	('KMP070320200001', '027436056', NULL, NULL, '2008-03-08', 'Bersih pangkal kaya', 'www.bsberkah.com', 'Marlon Kamagi', 1, '340402920393029', NULL, NULL, 'Jl. Soragan Lor', '088822113344', 'marlon@gmail.com', 5225000, 23),
	('KMP080320200001', '22913', NULL, NULL, '2006-12-29', 'Kebersihan adalah sebagian dari iman', 'www.test_data.com', 'Jan William Sianturi', 1, NULL, NULL, NULL, 'Medang Lestari', '081362732676', 'test@gmail.com', 0, 0),
	('KMP90320200003', '25237', NULL, NULL, '2020-01-14', 'Bersih itu sehat', 'www.banksampahallogio.com', 'Jan William Sianturi', 1, '3203012503770011', 'urlfoto/testS3', 'urlselfie/testS3', 'Allogio Barat 5 No. 90', '081362732644', 'test@gmail.com', 0, 0),
	('KMP070320200001', '027436056', NULL, NULL, '2008-03-08', 'Bersih pangkal kaya', 'www.bsberkah.com', 'Marlon Kamagi', 1, '340402920393029', NULL, NULL, 'Jl. Soragan Lor', '088822113344', 'marlon@gmail.com', 5225000, 23),
	('KMP080320200001', '22913', NULL, NULL, '2006-12-29', 'Kebersihan adalah sebagian dari iman', 'www.test_data.com', 'Jan William Sianturi', 1, NULL, NULL, NULL, 'Medang Lestari', '081362732676', 'test@gmail.com', 0, 0),
	('KMP90320200003', '25237', NULL, NULL, '2020-01-14', 'Bersih itu sehat', 'www.banksampahallogio.com', 'Jan William Sianturi', 1, '3203012503770011', 'urlfoto/testS3', 'urlselfie/testS3', 'Allogio Barat 5 No. 90', '081362732644', 'test@gmail.com', 0, 0),
	('KMP070320200001', '027436056', NULL, NULL, '2008-03-08', 'Bersih pangkal kaya', 'www.bsberkah.com', 'Marlon Kamagi', 1, '340402920393029', NULL, NULL, 'Jl. Soragan Lor', '088822113344', 'marlon@gmail.com', 5225000, 23),
	('KMP080320200001', '22913', NULL, NULL, '2006-12-29', 'Kebersihan adalah sebagian dari iman', 'www.test_data.com', 'Jan William Sianturi', 1, NULL, NULL, NULL, 'Medang Lestari', '081362732676', 'test@gmail.com', 0, 0),
	('KMP90320200003', '25237', NULL, NULL, '2020-01-14', 'Bersih itu sehat', 'www.banksampahallogio.com', 'Jan William Sianturi', 1, '3203012503770011', 'urlfoto/testS3', 'urlselfie/testS3', 'Allogio Barat 5 No. 90', '081362732644', 'test@gmail.com', 0, 0),
	('KMP070320200001', '027436056', NULL, NULL, '2008-03-08', 'Bersih pangkal kaya', 'www.bsberkah.com', 'Marlon Kamagi', 1, '340402920393029', NULL, NULL, 'Jl. Soragan Lor', '088822113344', 'marlon@gmail.com', 5225000, 23),
	('KMP080320200001', '22913', NULL, NULL, '2006-12-29', 'Kebersihan adalah sebagian dari iman', 'www.test_data.com', 'Jan William Sianturi', 1, NULL, NULL, NULL, 'Medang Lestari', '081362732676', 'test@gmail.com', 0, 0),
	('KMP90320200003', '25237', NULL, NULL, '2020-01-14', 'Bersih itu sehat', 'www.banksampahallogio.com', 'Jan William Sianturi', 1, '3203012503770011', 'urlfoto/testS3', 'urlselfie/testS3', 'Allogio Barat 5 No. 90', '081362732644', 'test@gmail.com', 0, 0),
	('KMP070320200001', '027436056', NULL, NULL, '2008-03-08', 'Bersih pangkal kaya', 'www.bsberkah.com', 'Marlon Kamagi', 1, '340402920393029', NULL, NULL, 'Jl. Soragan Lor', '088822113344', 'marlon@gmail.com', 5225000, 23),
	('KMP080320200001', '22913', NULL, NULL, '2006-12-29', 'Kebersihan adalah sebagian dari iman', 'www.test_data.com', 'Jan William Sianturi', 1, NULL, NULL, NULL, 'Medang Lestari', '081362732676', 'test@gmail.com', 0, 0),
	('KMP90320200003', '25237', NULL, NULL, '2020-01-14', 'Bersih itu sehat', 'www.banksampahallogio.com', 'Jan William Sianturi', 1, '3203012503770011', 'urlfoto/testS3', 'urlselfie/testS3', 'Allogio Barat 5 No. 90', '081362732644', 'test@gmail.com', 0, 0),
	('KMP070320200001', '027436056', NULL, NULL, '2008-03-08', 'Bersih pangkal kaya', 'www.bsberkah.com', 'Marlon Kamagi', 1, '340402920393029', NULL, NULL, 'Jl. Soragan Lor', '088822113344', 'marlon@gmail.com', 5225000, 23),
	('KMP080320200001', '22913', NULL, NULL, '2006-12-29', 'Kebersihan adalah sebagian dari iman', 'www.test_data.com', 'Jan William Sianturi', 1, NULL, NULL, NULL, 'Medang Lestari', '081362732676', 'test@gmail.com', 0, 0),
	('KMP90320200003', '25237', NULL, NULL, '2020-01-14', 'Bersih itu sehat', 'www.banksampahallogio.com', 'Jan William Sianturi', 1, '3203012503770011', 'urlfoto/testS3', 'urlselfie/testS3', 'Allogio Barat 5 No. 90', '081362732644', 'test@gmail.com', 0, 0),
	('KMP070320200001', '027436056', NULL, NULL, '2008-03-08', 'Bersih pangkal kaya', 'www.bsberkah.com', 'Marlon Kamagi', 1, '340402920393029', NULL, NULL, 'Jl. Soragan Lor', '088822113344', 'marlon@gmail.com', 5225000, 23),
	('KMP080320200001', '22913', NULL, NULL, '2006-12-29', 'Kebersihan adalah sebagian dari iman', 'www.test_data.com', 'Jan William Sianturi', 1, NULL, NULL, NULL, 'Medang Lestari', '081362732676', 'test@gmail.com', 0, 0),
	('KMP90320200003', '25237', NULL, NULL, '2020-01-14', 'Bersih itu sehat', 'www.banksampahallogio.com', 'Jan William Sianturi', 1, '3203012503770011', 'urlfoto/testS3', 'urlselfie/testS3', 'Allogio Barat 5 No. 90', '081362732644', 'test@gmail.com', 0, 0),
	('KMP070320200001', '027436056', NULL, NULL, '2008-03-08', 'Bersih pangkal kaya', 'www.bsberkah.com', 'Marlon Kamagi', 1, '340402920393029', NULL, NULL, 'Jl. Soragan Lor', '088822113344', 'marlon@gmail.com', 5225000, 23),
	('KMP080320200001', '22913', NULL, NULL, '2006-12-29', 'Kebersihan adalah sebagian dari iman', 'www.test_data.com', 'Jan William Sianturi', 1, NULL, NULL, NULL, 'Medang Lestari', '081362732676', 'test@gmail.com', 0, 0),
	('KMP90320200003', '25237', NULL, NULL, '2020-01-14', 'Bersih itu sehat', 'www.banksampahallogio.com', 'Jan William Sianturi', 1, '3203012503770011', 'urlfoto/testS3', 'urlselfie/testS3', 'Allogio Barat 5 No. 90', '081362732644', 'test@gmail.com', 0, 0),
	('KMP070320200001', '027436056', NULL, NULL, '2008-03-08', 'Bersih pangkal kaya', 'www.bsberkah.com', 'Marlon Kamagi', 1, '340402920393029', NULL, NULL, 'Jl. Soragan Lor', '088822113344', 'marlon@gmail.com', 5225000, 23),
	('KMP080320200001', '22913', NULL, NULL, '2006-12-29', 'Kebersihan adalah sebagian dari iman', 'www.test_data.com', 'Jan William Sianturi', 1, NULL, NULL, NULL, 'Medang Lestari', '081362732676', 'test@gmail.com', 0, 0),
	('KMP90320200003', '25237', NULL, NULL, '2020-01-14', 'Bersih itu sehat', 'www.banksampahallogio.com', 'Jan William Sianturi', 1, '3203012503770011', 'urlfoto/testS3', 'urlselfie/testS3', 'Allogio Barat 5 No. 90', '081362732644', 'test@gmail.com', 0, 0),
	('KMP070320200001', '027436056', NULL, NULL, '2008-03-08', 'Bersih pangkal kaya', 'www.bsberkah.com', 'Marlon Kamagi', 1, '340402920393029', NULL, NULL, 'Jl. Soragan Lor', '088822113344', 'marlon@gmail.com', 5225000, 23),
	('KMP080320200001', '22913', NULL, NULL, '2006-12-29', 'Kebersihan adalah sebagian dari iman', 'www.test_data.com', 'Jan William Sianturi', 1, NULL, NULL, NULL, 'Medang Lestari', '081362732676', 'test@gmail.com', 0, 0),
	('KMP90320200003', '25237', NULL, NULL, '2020-01-14', 'Bersih itu sehat', 'www.banksampahallogio.com', 'Jan William Sianturi', 1, '3203012503770011', 'urlfoto/testS3', 'urlselfie/testS3', 'Allogio Barat 5 No. 90', '081362732644', 'test@gmail.com', 0, 0),
	('KMP070320200001', '027436056', NULL, NULL, '2008-03-08', 'Bersih pangkal kaya', 'www.bsberkah.com', 'Marlon Kamagi', 1, '340402920393029', NULL, NULL, 'Jl. Soragan Lor', '088822113344', 'marlon@gmail.com', 5225000, 23),
	('KMP080320200001', '22913', NULL, NULL, '2006-12-29', 'Kebersihan adalah sebagian dari iman', 'www.test_data.com', 'Jan William Sianturi', 1, NULL, NULL, NULL, 'Medang Lestari', '081362732676', 'test@gmail.com', 0, 0),
	('KMP90320200003', '25237', NULL, NULL, '2020-01-14', 'Bersih itu sehat', 'www.banksampahallogio.com', 'Jan William Sianturi', 1, '3203012503770011', 'urlfoto/testS3', 'urlselfie/testS3', 'Allogio Barat 5 No. 90', '081362732644', 'test@gmail.com', 0, 0),
	('KMP070320200001', '027436056', NULL, NULL, '2008-03-08', 'Bersih pangkal kaya', 'www.bsberkah.com', 'Marlon Kamagi', 1, '340402920393029', NULL, NULL, 'Jl. Soragan Lor', '088822113344', 'marlon@gmail.com', 5225000, 23),
	('KMP080320200001', '22913', NULL, NULL, '2006-12-29', 'Kebersihan adalah sebagian dari iman', 'www.test_data.com', 'Jan William Sianturi', 1, NULL, NULL, NULL, 'Medang Lestari', '081362732676', 'test@gmail.com', 0, 0),
	('KMP90320200003', '25237', NULL, NULL, '2020-01-14', 'Bersih itu sehat', 'www.banksampahallogio.com', 'Jan William Sianturi', 1, '3203012503770011', 'urlfoto/testS3', 'urlselfie/testS3', 'Allogio Barat 5 No. 90', '081362732644', 'test@gmail.com', 0, 0),
	('KMP070320200001', '027436056', NULL, NULL, '2008-03-08', 'Bersih pangkal kaya', 'www.bsberkah.com', 'Marlon Kamagi', 1, '340402920393029', NULL, NULL, 'Jl. Soragan Lor', '088822113344', 'marlon@gmail.com', 5225000, 23),
	('KMP080320200001', '22913', NULL, NULL, '2006-12-29', 'Kebersihan adalah sebagian dari iman', 'www.test_data.com', 'Jan William Sianturi', 1, NULL, NULL, NULL, 'Medang Lestari', '081362732676', 'test@gmail.com', 0, 0),
	('KMP90320200003', '25237', NULL, NULL, '2020-01-14', 'Bersih itu sehat', 'www.banksampahallogio.com', 'Jan William Sianturi', 1, '3203012503770011', 'urlfoto/testS3', 'urlselfie/testS3', 'Allogio Barat 5 No. 90', '081362732644', 'test@gmail.com', 0, 0),
	('KMP070320200001', '027436056', NULL, NULL, '2008-03-08', 'Bersih pangkal kaya', 'www.bsberkah.com', 'Marlon Kamagi', 1, '340402920393029', NULL, NULL, 'Jl. Soragan Lor', '088822113344', 'marlon@gmail.com', 5225000, 23),
	('KMP080320200001', '22913', NULL, NULL, '2006-12-29', 'Kebersihan adalah sebagian dari iman', 'www.test_data.com', 'Jan William Sianturi', 1, NULL, NULL, NULL, 'Medang Lestari', '081362732676', 'test@gmail.com', 0, 0),
	('KMP90320200003', '25237', NULL, NULL, '2020-01-14', 'Bersih itu sehat', 'www.banksampahallogio.com', 'Jan William Sianturi', 1, '3203012503770011', 'urlfoto/testS3', 'urlselfie/testS3', 'Allogio Barat 5 No. 90', '081362732644', 'test@gmail.com', 0, 0),
	('KMP070320200001', '027436056', NULL, NULL, '2008-03-08', 'Bersih pangkal kaya', 'www.bsberkah.com', 'Marlon Kamagi', 1, '340402920393029', NULL, NULL, 'Jl. Soragan Lor', '088822113344', 'marlon@gmail.com', 5225000, 23),
	('KMP080320200001', '22913', NULL, NULL, '2006-12-29', 'Kebersihan adalah sebagian dari iman', 'www.test_data.com', 'Jan William Sianturi', 1, NULL, NULL, NULL, 'Medang Lestari', '081362732676', 'test@gmail.com', 0, 0),
	('KMP90320200003', '25237', NULL, NULL, '2020-01-14', 'Bersih itu sehat', 'www.banksampahallogio.com', 'Jan William Sianturi', 1, '3203012503770011', 'urlfoto/testS3', 'urlselfie/testS3', 'Allogio Barat 5 No. 90', '081362732644', 'test@gmail.com', 0, 0);
/*!40000 ALTER TABLE `bank_sampah_detail` ENABLE KEYS */;


-- Dumping structure for table db_kompis.bantuan
CREATE TABLE IF NOT EXISTS `bantuan` (
  `id_bantuan` varchar(3) NOT NULL COMMENT 'BNT<kode 3 digit auto>',
  `id_menu_bantuan` int(11) NOT NULL,
  `judul_bantuan` varchar(50) DEFAULT NULL,
  `deskrispi_bantuan_detail` varchar(200) DEFAULT NULL,
  `capture_bantuan` varchar(100) DEFAULT NULL,
  `status_user` varchar(50) DEFAULT NULL COMMENT '1 = Bank Sampah, 2 = Nasabah, 3 = Pengepul',
  `order_id` int(11) DEFAULT NULL,
  `status_bantuan_remove` char(1) NOT NULL COMMENT '0 = Hidden, 1 = Visible',
  `created_at` datetime DEFAULT NULL,
  `update_at` timestamp NULL DEFAULT '0000-00-00 00:00:00' ON UPDATE CURRENT_TIMESTAMP,
  PRIMARY KEY (`id_bantuan`)
) ENGINE=InnoDB DEFAULT CHARSET=utf8;

-- Dumping data for table db_kompis.bantuan: ~2 rows (approximately)
/*!40000 ALTER TABLE `bantuan` DISABLE KEYS */;
/*INSERT INTO `bantuan` (`id_bantuan`, `id_menu_bantuan`, `judul_bantuan`, `deskrispi_bantuan_detail`, `capture_bantuan`, `status_user`, `order_id`, `status_bantuan_remove`, `created_at`, `update_at`) VALUES
	('1', 0, 'Test me', NULL, NULL, NULL, NULL, '', '2020-03-17 11:07:17', '2020-03-17 11:07:50'),
	('2', 2, 'Testt', 'test', NULL, '2', NULL, '1', '2020-03-19 11:21:51', '2020-03-19 04:21:58');
/*!40000 ALTER TABLE `bantuan` ENABLE KEYS */;


-- Dumping structure for table db_kompis.bookmark
CREATE TABLE IF NOT EXISTS `bookmark` (
  `id_bookmark` varchar(25) CHARACTER SET latin1 NOT NULL COMMENT 'BMARK<id_nasabah_online><4 digit auto inc>',
  `id_nasabah_online` varchar(16) CHARACTER SET latin1 DEFAULT NULL COMMENT 'NSB1<yyyy-mm-dd><4 digit auto inc>',
  `id_bank_sampah` varchar(15) CHARACTER SET latin1 DEFAULT NULL COMMENT 'KMP<dd-mm-yyyy><4 digit auto inc>',
  `status_bookmark_aktif` char(1) NOT NULL COMMENT '0 = Non Aktif, 1 = Aktif',
  `status_bookmark_remove` char(1) NOT NULL COMMENT '0 = Hidden, 1 = Visible',
  `created_at` datetime DEFAULT NULL,
  `update_at` timestamp NULL DEFAULT '0000-00-00 00:00:00' ON UPDATE CURRENT_TIMESTAMP,
  PRIMARY KEY (`id_bookmark`)
) ENGINE=InnoDB DEFAULT CHARSET=utf8;

-- Dumping data for table db_kompis.bookmark: ~3 rows (approximately)
/*!40000 ALTER TABLE `bookmark` DISABLE KEYS */;
/*INSERT INTO `bookmark` (`id_bookmark`, `id_nasabah_online`, `id_bank_sampah`, `status_bookmark_aktif`, `status_bookmark_remove`, `created_at`, `update_at`) VALUES
	('BMARKNSB1070320200060001', 'NSB107032020006', 'KMP070320200001', '1', '1', '2020-03-17 11:08:07', '0000-00-00 00:00:00'),
	('BMARKNSB1070320200060002', 'NSB107032020006', 'KMP080320200001', '1', '1', '2020-03-17 11:08:07', '0000-00-00 00:00:00'),
	('BMARKNSB1070320200060003', 'NSB107032020006', 'KMP070320200001', '1', '1', '2020-03-19 04:22:40', '2020-03-19 04:22:55');
/*!40000 ALTER TABLE `bookmark` ENABLE KEYS */;


-- Dumping structure for table db_kompis.brand
CREATE TABLE IF NOT EXISTS `brand` (
  `id_brand` varchar(9) CHARACTER SET latin1 NOT NULL COMMENT 'BRAND<4 digit auto inc>',
  `nama_brand` varchar(50) CHARACTER SET latin1 DEFAULT NULL,
  `logo_brand` varchar(100) CHARACTER SET latin1 DEFAULT NULL,
  `detail_brand` varchar(100) CHARACTER SET latin1 DEFAULT NULL,
  `id_superadmin` varchar(7) NOT NULL COMMENT 'SPR<kode 4 digit auto>',
  `status_brand_aktif` char(1) NOT NULL COMMENT '0 = Non Aktif, 1 = Aktif',
  `status_brand_remove` char(1) NOT NULL COMMENT '0 = Hidden, 1 = Visible',
  `created_at` datetime DEFAULT NULL,
  `update_at` timestamp NULL DEFAULT '0000-00-00 00:00:00' ON UPDATE CURRENT_TIMESTAMP,
  PRIMARY KEY (`id_brand`)
) ENGINE=InnoDB DEFAULT CHARSET=utf8;

-- Dumping data for table db_kompis.brand: ~4 rows (approximately)
/*!40000 ALTER TABLE `brand` DISABLE KEYS */;
/*INSERT INTO `brand` (`id_brand`, `nama_brand`, `logo_brand`, `detail_brand`, `id_superadmin`, `status_brand_aktif`, `status_brand_remove`, `created_at`, `update_at`) VALUES
	('BRAND0001', 'KOMPIS', NULL, 'PT. Solusi Kreatif Kompis', 'SPR2104', '1', '1', '2020-03-17 07:09:57', '2020-03-17 07:15:26'),
	('BRAND0002', 'Re-Juve', NULL, 'Brand Jus Kesehatan', 'SPR2104', '1', '1', '2020-03-17 07:12:23', '2020-03-17 07:14:19'),
	('BRAND0003', 'Starbuck', NULL, 'Franchise minuman', 'SPR2104', '1', '1', '2020-03-12 08:01:40', '2020-03-17 07:12:53'),
	('BRAND0004', 'Innertrue', NULL, 'Kosmetik', 'SPR2104', '1', '1', '2020-03-12 08:02:05', '2020-03-17 07:13:47');
/*!40000 ALTER TABLE `brand` ENABLE KEYS */;


-- Dumping structure for table db_kompis.buku_tabungan
CREATE TABLE IF NOT EXISTS `buku_tabungan` (
  `id_buku_tabungan` varchar(16) NOT NULL COMMENT 'BT<dd-mm-yyyy><kode 6 digit>',
  `id_nasabah_offline` varchar(16) NOT NULL COMMENT 'NSB0<yyyy-mm-dd><4 digit auto inc>',
  `id_bank_sampah` varchar(15) NOT NULL COMMENT 'KMP<dd-mm-yyyy><4 digit auto inc>',
  `id_tarik_saldo_offline` varchar(23) NOT NULL COMMENT 'TARIK0<kode 4 digit auto>',
  `id_setoran_offline` varchar(22) NOT NULL,
  `status_transaksi` char(1) NOT NULL COMMENT '0 = Nabung, 1 = Tarik Saldo',
  `created_at` datetime DEFAULT NULL,
  PRIMARY KEY (`id_buku_tabungan`)
) ENGINE=InnoDB DEFAULT CHARSET=utf8;

-- Dumping data for table db_kompis.buku_tabungan: ~3 rows (approximately)
/*!40000 ALTER TABLE `buku_tabungan` DISABLE KEYS */;
/*INSERT INTO `buku_tabungan` (`id_buku_tabungan`, `id_nasabah_offline`, `id_bank_sampah`, `id_tarik_saldo_offline`, `id_setoran_offline`, `status_transaksi`, `created_at`) VALUES
	('BT11932020000001', 'NSB0202003110001', 'KMP110320200001', 'TSFNSB02020031100010005', '2', '', '2020-03-19 04:25:57'),
	('BT11932020000002', 'NSB0202003110001', 'KMP110320200001', 'TARIK00002', 'STR01003202000003', '1', '2020-03-19 04:26:17'),
	('BT12032020000001', 'NSB0202003110001', 'KMP110320200001', 'TSFNSB02020031100010005', '', '1', '2020-03-19 04:25:57');
/*!40000 ALTER TABLE `buku_tabungan` ENABLE KEYS */;


-- Dumping structure for table db_kompis.datasensor
CREATE TABLE IF NOT EXISTS `datasensor` (
  `id_data_sensor` int(11) NOT NULL AUTO_INCREMENT,
  `nama` varchar(100) NOT NULL,
  `lokasi` varchar(100) NOT NULL,
  `tampung` float NOT NULL,
  `isi` float NOT NULL,
  `total` float NOT NULL,
  `status` varchar(10) NOT NULL,
  `ket` varchar(100) NOT NULL,
  PRIMARY KEY (`id_data_sensor`)
) ENGINE=InnoDB DEFAULT CHARSET=utf8;

-- Dumping data for table db_kompis.datasensor: ~0 rows (approximately)
/*!40000 ALTER TABLE `datasensor` DISABLE KEYS */;
/*!40000 ALTER TABLE `datasensor` ENABLE KEYS */;


-- Dumping structure for table db_kompis.infopromo
CREATE TABLE IF NOT EXISTS `infopromo` (
  `id_promo` varchar(15) NOT NULL COMMENT 'PRO<dd-mm-yyyy><4 digit auto inc>',
  `id_status_promo` int(11) NOT NULL,
  `id_tipe_promo` int(11) NOT NULL,
  `judul_promo` varchar(50) CHARACTER SET latin1 DEFAULT NULL,
  `gambar_promo` tinytext CHARACTER SET latin1,
  `detail_promo` varchar(100) CHARACTER SET latin1 DEFAULT NULL,
  `status_promo_aktif` char(1) NOT NULL COMMENT '0 = Non Aktif, 1 = Aktif',
  `status_promo_remove` char(1) NOT NULL COMMENT '0 = Hidden, 1 = Visible',
  `created_at` datetime DEFAULT NULL,
  `update_at` timestamp NULL DEFAULT '0000-00-00 00:00:00' ON UPDATE CURRENT_TIMESTAMP,
  PRIMARY KEY (`id_promo`)
) ENGINE=InnoDB DEFAULT CHARSET=utf8;

-- Dumping data for table db_kompis.infopromo: ~2 rows (approximately)
/*!40000 ALTER TABLE `infopromo` DISABLE KEYS */;
/*INSERT INTO `infopromo` (`id_promo`, `id_status_promo`, `id_tipe_promo`, `judul_promo`, `gambar_promo`, `detail_promo`, `status_promo_aktif`, `status_promo_remove`, `created_at`, `update_at`) VALUES
	('1', 1, 1, 'asldjalds', 'https://kompis-nasabah.s3.ap-southeast-1.amazonaws.com/promo/newvisual.jpg', 'sldkfsldfj', '1', '0', '2020-03-17 11:08:39', '0000-00-00 00:00:00'),
	('2', 1, 2, 'xxxxwwa', 'https://kompis-nasabah.s3.ap-southeast-1.amazonaws.com/promo/newvisual.jpg', 'sdfsdf', '1', '0', '2020-03-17 11:08:39', '2020-03-19 04:28:39');
/*!40000 ALTER TABLE `infopromo` ENABLE KEYS */;


-- Dumping structure for table db_kompis.jabatan_pengurus
CREATE TABLE IF NOT EXISTS `jabatan_pengurus` (
  `id_jabatan_pengurus` int(11) NOT NULL,
  `nama_jabatan_pengurus` varchar(50) CHARACTER SET latin1 DEFAULT NULL,
  `id_superadmin` varchar(7) NOT NULL COMMENT 'SPR<kode 4 digit auto>',
  `status_jabatan_pengurus_aktif` char(1) NOT NULL COMMENT '0 = Non Aktif, 1 = Aktif',
  `status_jabatan_pengurus_remove` char(1) NOT NULL COMMENT '0 = Hidden, 1 = Visible',
  `created_at` datetime DEFAULT NULL,
  `update_at` timestamp NULL DEFAULT '0000-00-00 00:00:00' ON UPDATE CURRENT_TIMESTAMP,
  PRIMARY KEY (`id_jabatan_pengurus`)
) ENGINE=InnoDB DEFAULT CHARSET=utf8;

-- Dumping data for table db_kompis.jabatan_pengurus: ~4 rows (approximately)
/*!40000 ALTER TABLE `jabatan_pengurus` DISABLE KEYS */;
/*INSERT INTO `jabatan_pengurus` (`id_jabatan_pengurus`, `nama_jabatan_pengurus`, `id_superadmin`, `status_jabatan_pengurus_aktif`, `status_jabatan_pengurus_remove`, `created_at`, `update_at`) VALUES
	(1, 'Direktur', 'SPR2104', '1', '1', '2020-03-17 11:09:02', '0000-00-00 00:00:00'),
	(2, 'Sekretaris', 'SPR2104', '1', '1', '2020-03-17 11:09:02', '0000-00-00 00:00:00'),
	(3, 'Bendahara', 'SPR2104', '1', '1', '2020-03-17 11:09:02', '0000-00-00 00:00:00'),
	(4, 'Staff', 'SPR2104', '1', '1', '2020-03-17 11:09:02', '2020-03-19 04:28:48');
/*!40000 ALTER TABLE `jabatan_pengurus` ENABLE KEYS */;


-- Dumping structure for table db_kompis.jadwal_bank_sampah
CREATE TABLE IF NOT EXISTS `jadwal_bank_sampah` (
  `id_bank_sampah` varchar(15) CHARACTER SET latin1 DEFAULT NULL COMMENT 'KMP<dd-mm-yyyy><4 digit auto inc>',
  `hari_buka` varchar(5) DEFAULT NULL,
  `jam_buka` varchar(5) DEFAULT NULL,
  `jam_tutup` varchar(5) DEFAULT NULL,
  `status_jadwal_bank_sampah_aktif` int(1) NOT NULL DEFAULT '1' COMMENT '0 = Tutup, 1 = Buka',
  `status_jadwal_bank_sampah_remove` int(1) NOT NULL DEFAULT '1' COMMENT '0 = Hidden, 1 = Visible',
  `created_at` datetime DEFAULT NULL,
  `update_at` timestamp NULL DEFAULT '0000-00-00 00:00:00' ON UPDATE CURRENT_TIMESTAMP
) ENGINE=InnoDB DEFAULT CHARSET=utf8;

-- Dumping data for table db_kompis.jadwal_bank_sampah: ~140 rows (approximately)
/*!40000 ALTER TABLE `jadwal_bank_sampah` DISABLE KEYS */;
/*INSERT INTO `jadwal_bank_sampah` (`id_bank_sampah`, `hari_buka`, `jam_buka`, `jam_tutup`, `status_jadwal_bank_sampah_aktif`, `status_jadwal_bank_sampah_remove`, `created_at`, `update_at`) VALUES
	('KMP070320200001', 'Sun', NULL, NULL, 1, 1, '2020-03-19 04:30:10', '0000-00-00 00:00:00'),
	('KMP070320200001', 'Mon', NULL, NULL, 1, 1, '2020-03-19 04:30:10', '0000-00-00 00:00:00'),
	('KMP070320200001', 'Tue', NULL, NULL, 1, 1, '2020-03-19 04:30:10', '0000-00-00 00:00:00'),
	('KMP070320200001', 'Wed', NULL, NULL, 1, 1, '2020-03-19 04:30:10', '0000-00-00 00:00:00'),
	('KMP070320200001', 'Thu', NULL, NULL, 1, 1, '2020-03-19 04:30:10', '0000-00-00 00:00:00'),
	('KMP070320200001', 'Fri', NULL, NULL, 1, 1, '2020-03-19 04:30:10', '0000-00-00 00:00:00'),
	('KMP070320200001', 'Sat', NULL, NULL, 1, 1, '2020-03-19 04:30:10', '0000-00-00 00:00:00'),
	('KMP110320200001', 'Sun', '09:00', '13:00', 1, 1, '2020-03-19 04:30:10', '0000-00-00 00:00:00'),
	('KMP110320200001', 'Mon', NULL, NULL, 0, 1, '2020-03-19 04:30:10', '0000-00-00 00:00:00'),
	('KMP110320200001', 'Tue', NULL, NULL, 0, 1, '2020-03-19 04:30:10', '0000-00-00 00:00:00'),
	('KMP110320200001', 'Wed', '10:00', '15:00', 1, 1, '2020-03-19 04:30:10', '2020-03-19 04:30:39'),
	('KMP110320200001', 'Thu', NULL, NULL, 1, 1, '2020-03-19 04:30:10', '0000-00-00 00:00:00'),
	('KMP110320200001', 'Fri', '12:00', '14:00', 1, 1, '2020-03-19 04:30:10', '0000-00-00 00:00:00'),
	('KMP110320200001', 'Sat', NULL, NULL, 1, 1, '2020-03-19 04:30:10', '0000-00-00 00:00:00'),
	('KMP070320200001', 'Sun', NULL, NULL, 1, 1, '2020-03-19 04:30:10', '0000-00-00 00:00:00'),
	('KMP070320200001', 'Mon', NULL, NULL, 1, 1, '2020-03-19 04:30:10', '0000-00-00 00:00:00'),
	('KMP070320200001', 'Tue', NULL, NULL, 1, 1, '2020-03-19 04:30:10', '0000-00-00 00:00:00'),
	('KMP070320200001', 'Wed', NULL, NULL, 1, 1, '2020-03-19 04:30:10', '0000-00-00 00:00:00'),
	('KMP070320200001', 'Thu', NULL, NULL, 1, 1, '2020-03-19 04:30:10', '0000-00-00 00:00:00'),
	('KMP070320200001', 'Fri', NULL, NULL, 1, 1, '2020-03-19 04:30:10', '0000-00-00 00:00:00'),
	('KMP070320200001', 'Sat', NULL, NULL, 1, 1, '2020-03-19 04:30:10', '0000-00-00 00:00:00'),
	('KMP110320200001', 'Sun', '09:00', '13:00', 1, 1, '2020-03-19 04:30:10', '0000-00-00 00:00:00'),
	('KMP110320200001', 'Mon', NULL, NULL, 0, 1, '2020-03-19 04:30:10', '0000-00-00 00:00:00'),
	('KMP110320200001', 'Tue', NULL, NULL, 0, 1, '2020-03-19 04:30:10', '0000-00-00 00:00:00'),
	('KMP110320200001', 'Wed', '10:00', '15:00', 1, 1, '2020-03-19 04:30:10', '2020-03-19 04:30:39'),
	('KMP110320200001', 'Thu', NULL, NULL, 1, 1, '2020-03-19 04:30:10', '0000-00-00 00:00:00'),
	('KMP110320200001', 'Fri', '12:00', '14:00', 1, 1, '2020-03-19 04:30:10', '0000-00-00 00:00:00'),
	('KMP110320200001', 'Sat', NULL, NULL, 1, 1, '2020-03-19 04:30:10', '0000-00-00 00:00:00'),
	('KMP070320200001', 'Sun', NULL, NULL, 1, 1, '2020-03-19 04:30:10', '0000-00-00 00:00:00'),
	('KMP070320200001', 'Mon', NULL, NULL, 1, 1, '2020-03-19 04:30:10', '0000-00-00 00:00:00'),
	('KMP070320200001', 'Tue', NULL, NULL, 1, 1, '2020-03-19 04:30:10', '0000-00-00 00:00:00'),
	('KMP070320200001', 'Wed', NULL, NULL, 1, 1, '2020-03-19 04:30:10', '0000-00-00 00:00:00'),
	('KMP070320200001', 'Thu', NULL, NULL, 1, 1, '2020-03-19 04:30:10', '0000-00-00 00:00:00'),
	('KMP070320200001', 'Fri', NULL, NULL, 1, 1, '2020-03-19 04:30:10', '0000-00-00 00:00:00'),
	('KMP070320200001', 'Sat', NULL, NULL, 1, 1, '2020-03-19 04:30:10', '0000-00-00 00:00:00'),
	('KMP110320200001', 'Sun', '09:00', '13:00', 1, 1, '2020-03-19 04:30:10', '0000-00-00 00:00:00'),
	('KMP110320200001', 'Mon', NULL, NULL, 0, 1, '2020-03-19 04:30:10', '0000-00-00 00:00:00'),
	('KMP110320200001', 'Tue', NULL, NULL, 0, 1, '2020-03-19 04:30:10', '0000-00-00 00:00:00'),
	('KMP110320200001', 'Wed', '10:00', '15:00', 1, 1, '2020-03-19 04:30:10', '2020-03-19 04:30:39'),
	('KMP110320200001', 'Thu', NULL, NULL, 1, 1, '2020-03-19 04:30:10', '0000-00-00 00:00:00'),
	('KMP110320200001', 'Fri', '12:00', '14:00', 1, 1, '2020-03-19 04:30:10', '0000-00-00 00:00:00'),
	('KMP110320200001', 'Sat', NULL, NULL, 1, 1, '2020-03-19 04:30:10', '0000-00-00 00:00:00'),
	('KMP070320200001', 'Sun', NULL, NULL, 1, 1, '2020-03-19 04:30:10', '0000-00-00 00:00:00'),
	('KMP070320200001', 'Mon', NULL, NULL, 1, 1, '2020-03-19 04:30:10', '0000-00-00 00:00:00'),
	('KMP070320200001', 'Tue', NULL, NULL, 1, 1, '2020-03-19 04:30:10', '0000-00-00 00:00:00'),
	('KMP070320200001', 'Wed', NULL, NULL, 1, 1, '2020-03-19 04:30:10', '0000-00-00 00:00:00'),
	('KMP070320200001', 'Thu', NULL, NULL, 1, 1, '2020-03-19 04:30:10', '0000-00-00 00:00:00'),
	('KMP070320200001', 'Fri', NULL, NULL, 1, 1, '2020-03-19 04:30:10', '0000-00-00 00:00:00'),
	('KMP070320200001', 'Sat', NULL, NULL, 1, 1, '2020-03-19 04:30:10', '0000-00-00 00:00:00'),
	('KMP110320200001', 'Sun', '09:00', '13:00', 1, 1, '2020-03-19 04:30:10', '0000-00-00 00:00:00'),
	('KMP110320200001', 'Mon', NULL, NULL, 0, 1, '2020-03-19 04:30:10', '0000-00-00 00:00:00'),
	('KMP110320200001', 'Tue', NULL, NULL, 0, 1, '2020-03-19 04:30:10', '0000-00-00 00:00:00'),
	('KMP110320200001', 'Wed', '10:00', '15:00', 1, 1, '2020-03-19 04:30:10', '2020-03-19 04:30:39'),
	('KMP110320200001', 'Thu', NULL, NULL, 1, 1, '2020-03-19 04:30:10', '0000-00-00 00:00:00'),
	('KMP110320200001', 'Fri', '12:00', '14:00', 1, 1, '2020-03-19 04:30:10', '0000-00-00 00:00:00'),
	('KMP110320200001', 'Sat', NULL, NULL, 1, 1, '2020-03-19 04:30:10', '0000-00-00 00:00:00'),
	('KMP070320200001', 'Sun', NULL, NULL, 1, 1, '2020-03-19 04:30:10', '0000-00-00 00:00:00'),
	('KMP070320200001', 'Mon', NULL, NULL, 1, 1, '2020-03-19 04:30:10', '0000-00-00 00:00:00'),
	('KMP070320200001', 'Tue', NULL, NULL, 1, 1, '2020-03-19 04:30:10', '0000-00-00 00:00:00'),
	('KMP070320200001', 'Wed', NULL, NULL, 1, 1, '2020-03-19 04:30:10', '0000-00-00 00:00:00'),
	('KMP070320200001', 'Thu', NULL, NULL, 1, 1, '2020-03-19 04:30:10', '0000-00-00 00:00:00'),
	('KMP070320200001', 'Fri', NULL, NULL, 1, 1, '2020-03-19 04:30:10', '0000-00-00 00:00:00'),
	('KMP070320200001', 'Sat', NULL, NULL, 1, 1, '2020-03-19 04:30:10', '0000-00-00 00:00:00'),
	('KMP110320200001', 'Sun', '09:00', '13:00', 1, 1, '2020-03-19 04:30:10', '0000-00-00 00:00:00'),
	('KMP110320200001', 'Mon', NULL, NULL, 0, 1, '2020-03-19 04:30:10', '0000-00-00 00:00:00'),
	('KMP110320200001', 'Tue', NULL, NULL, 0, 1, '2020-03-19 04:30:10', '0000-00-00 00:00:00'),
	('KMP110320200001', 'Wed', '10:00', '15:00', 1, 1, '2020-03-19 04:30:10', '2020-03-19 04:30:39'),
	('KMP110320200001', 'Thu', NULL, NULL, 1, 1, '2020-03-19 04:30:10', '0000-00-00 00:00:00'),
	('KMP110320200001', 'Fri', '12:00', '14:00', 1, 1, '2020-03-19 04:30:10', '0000-00-00 00:00:00'),
	('KMP110320200001', 'Sat', NULL, NULL, 1, 1, '2020-03-19 04:30:10', '0000-00-00 00:00:00'),
	('KMP070320200001', 'Sun', NULL, NULL, 1, 1, '2020-03-19 04:30:10', '0000-00-00 00:00:00'),
	('KMP070320200001', 'Mon', NULL, NULL, 1, 1, '2020-03-19 04:30:10', '0000-00-00 00:00:00'),
	('KMP070320200001', 'Tue', NULL, NULL, 1, 1, '2020-03-19 04:30:10', '0000-00-00 00:00:00'),
	('KMP070320200001', 'Wed', NULL, NULL, 1, 1, '2020-03-19 04:30:10', '0000-00-00 00:00:00'),
	('KMP070320200001', 'Thu', NULL, NULL, 1, 1, '2020-03-19 04:30:10', '0000-00-00 00:00:00'),
	('KMP070320200001', 'Fri', NULL, NULL, 1, 1, '2020-03-19 04:30:10', '0000-00-00 00:00:00'),
	('KMP070320200001', 'Sat', NULL, NULL, 1, 1, '2020-03-19 04:30:10', '0000-00-00 00:00:00'),
	('KMP110320200001', 'Sun', '09:00', '13:00', 1, 1, '2020-03-19 04:30:10', '0000-00-00 00:00:00'),
	('KMP110320200001', 'Mon', NULL, NULL, 0, 1, '2020-03-19 04:30:10', '0000-00-00 00:00:00'),
	('KMP110320200001', 'Tue', NULL, NULL, 0, 1, '2020-03-19 04:30:10', '0000-00-00 00:00:00'),
	('KMP110320200001', 'Wed', '10:00', '15:00', 1, 1, '2020-03-19 04:30:10', '2020-03-19 04:30:39'),
	('KMP110320200001', 'Thu', NULL, NULL, 1, 1, '2020-03-19 04:30:10', '0000-00-00 00:00:00'),
	('KMP110320200001', 'Fri', '12:00', '14:00', 1, 1, '2020-03-19 04:30:10', '0000-00-00 00:00:00'),
	('KMP110320200001', 'Sat', NULL, NULL, 1, 1, '2020-03-19 04:30:10', '0000-00-00 00:00:00'),
	('KMP070320200001', 'Sun', NULL, NULL, 1, 1, '2020-03-19 04:30:10', '0000-00-00 00:00:00'),
	('KMP070320200001', 'Mon', NULL, NULL, 1, 1, '2020-03-19 04:30:10', '0000-00-00 00:00:00'),
	('KMP070320200001', 'Tue', NULL, NULL, 1, 1, '2020-03-19 04:30:10', '0000-00-00 00:00:00'),
	('KMP070320200001', 'Wed', NULL, NULL, 1, 1, '2020-03-19 04:30:10', '0000-00-00 00:00:00'),
	('KMP070320200001', 'Thu', NULL, NULL, 1, 1, '2020-03-19 04:30:10', '0000-00-00 00:00:00'),
	('KMP070320200001', 'Fri', NULL, NULL, 1, 1, '2020-03-19 04:30:10', '0000-00-00 00:00:00'),
	('KMP070320200001', 'Sat', NULL, NULL, 1, 1, '2020-03-19 04:30:10', '0000-00-00 00:00:00'),
	('KMP110320200001', 'Sun', '09:00', '13:00', 1, 1, '2020-03-19 04:30:10', '0000-00-00 00:00:00'),
	('KMP110320200001', 'Mon', NULL, NULL, 0, 1, '2020-03-19 04:30:10', '0000-00-00 00:00:00'),
	('KMP110320200001', 'Tue', NULL, NULL, 0, 1, '2020-03-19 04:30:10', '0000-00-00 00:00:00'),
	('KMP110320200001', 'Wed', '10:00', '15:00', 1, 1, '2020-03-19 04:30:10', '2020-03-19 04:30:39'),
	('KMP110320200001', 'Thu', NULL, NULL, 1, 1, '2020-03-19 04:30:10', '0000-00-00 00:00:00'),
	('KMP110320200001', 'Fri', '12:00', '14:00', 1, 1, '2020-03-19 04:30:10', '0000-00-00 00:00:00'),
	('KMP110320200001', 'Sat', NULL, NULL, 1, 1, '2020-03-19 04:30:10', '0000-00-00 00:00:00'),
	('KMP070320200001', 'Sun', NULL, NULL, 1, 1, '2020-03-19 04:30:10', '0000-00-00 00:00:00'),
	('KMP070320200001', 'Mon', NULL, NULL, 1, 1, '2020-03-19 04:30:10', '0000-00-00 00:00:00'),
	('KMP070320200001', 'Tue', NULL, NULL, 1, 1, '2020-03-19 04:30:10', '0000-00-00 00:00:00'),
	('KMP070320200001', 'Wed', NULL, NULL, 1, 1, '2020-03-19 04:30:10', '0000-00-00 00:00:00'),
	('KMP070320200001', 'Thu', NULL, NULL, 1, 1, '2020-03-19 04:30:10', '0000-00-00 00:00:00'),
	('KMP070320200001', 'Fri', NULL, NULL, 1, 1, '2020-03-19 04:30:10', '0000-00-00 00:00:00'),
	('KMP070320200001', 'Sat', NULL, NULL, 1, 1, '2020-03-19 04:30:10', '0000-00-00 00:00:00'),
	('KMP110320200001', 'Sun', '09:00', '13:00', 1, 1, '2020-03-19 04:30:10', '0000-00-00 00:00:00'),
	('KMP110320200001', 'Mon', NULL, NULL, 0, 1, '2020-03-19 04:30:10', '0000-00-00 00:00:00'),
	('KMP110320200001', 'Tue', NULL, NULL, 0, 1, '2020-03-19 04:30:10', '0000-00-00 00:00:00'),
	('KMP110320200001', 'Wed', '10:00', '15:00', 1, 1, '2020-03-19 04:30:10', '2020-03-19 04:30:39'),
	('KMP110320200001', 'Thu', NULL, NULL, 1, 1, '2020-03-19 04:30:10', '0000-00-00 00:00:00'),
	('KMP110320200001', 'Fri', '12:00', '14:00', 1, 1, '2020-03-19 04:30:10', '0000-00-00 00:00:00'),
	('KMP110320200001', 'Sat', NULL, NULL, 1, 1, '2020-03-19 04:30:10', '0000-00-00 00:00:00'),
	('KMP070320200001', 'Sun', NULL, NULL, 1, 1, '2020-03-19 04:30:10', '0000-00-00 00:00:00'),
	('KMP070320200001', 'Mon', NULL, NULL, 1, 1, '2020-03-19 04:30:10', '0000-00-00 00:00:00'),
	('KMP070320200001', 'Tue', NULL, NULL, 1, 1, '2020-03-19 04:30:10', '0000-00-00 00:00:00'),
	('KMP070320200001', 'Wed', NULL, NULL, 1, 1, '2020-03-19 04:30:10', '0000-00-00 00:00:00'),
	('KMP070320200001', 'Thu', NULL, NULL, 1, 1, '2020-03-19 04:30:10', '0000-00-00 00:00:00'),
	('KMP070320200001', 'Fri', NULL, NULL, 1, 1, '2020-03-19 04:30:10', '0000-00-00 00:00:00'),
	('KMP070320200001', 'Sat', NULL, NULL, 1, 1, '2020-03-19 04:30:10', '0000-00-00 00:00:00'),
	('KMP110320200001', 'Sun', '09:00', '13:00', 1, 1, '2020-03-19 04:30:10', '0000-00-00 00:00:00'),
	('KMP110320200001', 'Mon', NULL, NULL, 0, 1, '2020-03-19 04:30:10', '0000-00-00 00:00:00'),
	('KMP110320200001', 'Tue', NULL, NULL, 0, 1, '2020-03-19 04:30:10', '0000-00-00 00:00:00'),
	('KMP110320200001', 'Wed', '10:00', '15:00', 1, 1, '2020-03-19 04:30:10', '2020-03-19 04:30:39'),
	('KMP110320200001', 'Thu', NULL, NULL, 1, 1, '2020-03-19 04:30:10', '0000-00-00 00:00:00'),
	('KMP110320200001', 'Fri', '12:00', '14:00', 1, 1, '2020-03-19 04:30:10', '0000-00-00 00:00:00'),
	('KMP110320200001', 'Sat', NULL, NULL, 1, 1, '2020-03-19 04:30:10', '0000-00-00 00:00:00'),
	('KMP070320200001', 'Sun', NULL, NULL, 1, 1, '2020-03-19 04:30:10', '0000-00-00 00:00:00'),
	('KMP070320200001', 'Mon', NULL, NULL, 1, 1, '2020-03-19 04:30:10', '0000-00-00 00:00:00'),
	('KMP070320200001', 'Tue', NULL, NULL, 1, 1, '2020-03-19 04:30:10', '0000-00-00 00:00:00'),
	('KMP070320200001', 'Wed', NULL, NULL, 1, 1, '2020-03-19 04:30:10', '0000-00-00 00:00:00'),
	('KMP070320200001', 'Thu', NULL, NULL, 1, 1, '2020-03-19 04:30:10', '0000-00-00 00:00:00'),
	('KMP070320200001', 'Fri', NULL, NULL, 1, 1, '2020-03-19 04:30:10', '0000-00-00 00:00:00'),
	('KMP070320200001', 'Sat', NULL, NULL, 1, 1, '2020-03-19 04:30:10', '0000-00-00 00:00:00'),
	('KMP110320200001', 'Sun', '09:00', '13:00', 1, 1, '2020-03-19 04:30:10', '0000-00-00 00:00:00'),
	('KMP110320200001', 'Mon', NULL, NULL, 0, 1, '2020-03-19 04:30:10', '0000-00-00 00:00:00'),
	('KMP110320200001', 'Tue', NULL, NULL, 0, 1, '2020-03-19 04:30:10', '0000-00-00 00:00:00'),
	('KMP110320200001', 'Wed', '10:00', '15:00', 1, 1, '2020-03-19 04:30:10', '2020-03-19 04:30:39'),
	('KMP110320200001', 'Thu', NULL, NULL, 1, 1, '2020-03-19 04:30:10', '0000-00-00 00:00:00'),
	('KMP110320200001', 'Fri', '12:00', '14:00', 1, 1, '2020-03-19 04:30:10', '0000-00-00 00:00:00'),
	('KMP110320200001', 'Sat', NULL, NULL, 1, 1, '2020-03-19 04:30:10', '0000-00-00 00:00:00');
/*!40000 ALTER TABLE `jadwal_bank_sampah` ENABLE KEYS */;


-- Dumping structure for table db_kompis.jemput_sampah
CREATE TABLE IF NOT EXISTS `jemput_sampah` (
  `id_jemput_sampah` varchar(26) NOT NULL COMMENT 'JEMPUT<id_nasabah_online><kode 4 digit auto>',
  `id_nasabah_online` varchar(16) NOT NULL COMMENT 'NSB1<yyyy-mm-dd><4 digit auto inc>',
  `alamat_jemput_sampah` tinytext NOT NULL,
  `jumlah` float NOT NULL,
  `harga` float NOT NULL,
  `tanggal_jemput_sampah` datetime NOT NULL,
  `transportasi` varchar(30) NOT NULL,
  `id_status_setoran` int(11) NOT NULL,
  `status_jadwal_bank_sampah_remove` char(1) NOT NULL COMMENT '0 = Hidden, 1 = Visible',
  `created_at` datetime DEFAULT NULL,
  `update_at` timestamp NULL DEFAULT '0000-00-00 00:00:00' ON UPDATE CURRENT_TIMESTAMP,
  PRIMARY KEY (`id_jemput_sampah`)
) ENGINE=InnoDB DEFAULT CHARSET=utf8;

-- Dumping data for table db_kompis.jemput_sampah: ~2 rows (approximately)
/*!40000 ALTER TABLE `jemput_sampah` DISABLE KEYS */;
/*INSERT INTO `jemput_sampah` (`id_jemput_sampah`, `id_nasabah_online`, `alamat_jemput_sampah`, `jumlah`, `harga`, `tanggal_jemput_sampah`, `transportasi`, `id_status_setoran`, `status_jadwal_bank_sampah_remove`, `created_at`, `update_at`) VALUES
	('JEMPUTNSB1070320200060001', 'NSB107032020006', '', 10, 3000, '2020-03-09 11:21:26', 'Motor', 1, '1', '2020-03-17 11:10:07', '0000-00-00 00:00:00'),
	('JEMPUTNSB1070320200060002', 'NSB107032020006', '', 25, 2000, '0000-00-00 00:00:00', 'Motor', 1, '1', '2020-03-17 11:10:07', '0000-00-00 00:00:00');
/*!40000 ALTER TABLE `jemput_sampah` ENABLE KEYS */;


-- Dumping structure for table db_kompis.jenis_sampah
CREATE TABLE IF NOT EXISTS `jenis_sampah` (
  `id_jenis_sampah` varchar(14) NOT NULL COMMENT 'JNS<id_kategori_sampah><4 digit auto inc>',
  `id_kategori_sampah` varchar(7) DEFAULT NULL COMMENT 'KAS<4 digit auto inc>',
  `id_merk` varchar(8) NOT NULL COMMENT 'MRK<5 digit auto inc>',
  `nama_jenis_sampah` varchar(50) CHARACTER SET latin1 DEFAULT NULL,
  `foto_jenis_sampah` varchar(50) CHARACTER SET latin1 DEFAULT NULL,
  `deskripsi_jenis_sampah` varchar(100) CHARACTER SET latin1 DEFAULT NULL,
  `id_superadmin` varchar(7) NOT NULL COMMENT 'SPR<kode 4 digit auto>',
  `status_jenis_sampah_remove` char(1) NOT NULL COMMENT '0 = Hidden, 1 = Visible',
  `created_at` datetime DEFAULT NULL,
  `update_at` timestamp NULL DEFAULT '0000-00-00 00:00:00' ON UPDATE CURRENT_TIMESTAMP,
  PRIMARY KEY (`id_jenis_sampah`)
) ENGINE=InnoDB DEFAULT CHARSET=utf8;

-- Dumping data for table db_kompis.jenis_sampah: ~50 rows (approximately)
/*!40000 ALTER TABLE `jenis_sampah` DISABLE KEYS */;
/*INSERT INTO `jenis_sampah` (`id_jenis_sampah`, `id_kategori_sampah`, `id_merk`, `nama_jenis_sampah`, `foto_jenis_sampah`, `deskripsi_jenis_sampah`, `id_superadmin`, `status_jenis_sampah_remove`, `created_at`, `update_at`) VALUES
	('JNS0001', 'KAS0001', '', 'PET Biru Muda Bersih', NULL, 'PET botol minuman plastik warna bening biru lepas semua', 'SPR2104', '1', '2020-03-17 11:10:20', '0000-00-00 00:00:00'),
	('JNS0002', 'KAS0001', '', 'PET Biru Muda Kotor', NULL, 'PET botol minuman plastik warna bening biru masih lengkap (tutup dan label)', 'SPR2104', '1', '2020-03-17 11:10:20', '2020-03-17 11:11:28'),
	('JNS0003', 'KAS0001', '', 'PET Warna Bersih', NULL, 'PET botol minuman plastik berwarna masih lengkap (tutup dan label)', 'SPR2104', '1', '2020-03-17 11:10:20', '0000-00-00 00:00:00'),
	('JNS0004', 'KAS0001', '', 'PET Warna Kotor	', NULL, 'PET botol minuman plastik berwarna masih lengkap (tutup dan label)', 'SPR2104', '1', '2020-03-17 11:10:20', '0000-00-00 00:00:00'),
	('JNS0005', 'KAS0005', '', 'PP Bersih', NULL, 'Sampah plastik polimer termoplastik berwarna dengan kondisi bersih', 'SPR2104', '1', '2020-03-17 11:10:20', '0000-00-00 00:00:00'),
	('JNS0006', 'KAS0005', '', 'PP Kotor', NULL, 'Sampah plastik polimer termoplastik berwarna dengan kondisi kotor', 'SPR2104', '1', '2020-03-17 11:10:20', '0000-00-00 00:00:00'),
	('JNS0007', 'KAS0001', '', 'Plastik Campur', NULL, 'Berbagai macam sampah berbahan dasar plastik', 'SPR2104', '1', '2020-03-17 11:10:20', '0000-00-00 00:00:00'),
	('JNS0008', 'KAS0002', '', 'Emberan', NULL, 'Botol bekas sampo, sabun, tutup botol minuman dll', 'SPR2104', '1', '2020-03-17 11:10:20', '2020-03-18 07:23:33'),
	('JNS0009', 'KAS0001', '', 'PET Bening Kotor	', NULL, 'PET botol minuman plastik warna bening masih lengkap (tutup dan label)', 'SPR2104', '1', '2020-03-17 11:10:20', '0000-00-00 00:00:00'),
	('JNS0010', 'KAS0001', '', 'PET Bening Bersih', NULL, 'PET botol minuman plastik warna bening tanpa gelang', 'SPR2104', '1', '2020-03-17 11:10:20', '0000-00-00 00:00:00'),
	('JNS0011', 'KAS0007', '', 'Gardus', NULL, 'Kertas gardus untuk kemasan', 'SPR2104', '1', '2020-03-17 11:10:20', '2020-03-19 05:02:10'),
	('JNS0012', 'KAS0011', '', 'Kaleng', NULL, 'Kaleng susu, mentega, cat, oli', 'SPR2104', '1', '2020-03-17 11:10:20', '0000-00-00 00:00:00'),
	('JNS0013', 'KAS0002', '', 'HDPE-2 Jerigen Plastik (Blowing)', NULL, 'Jerigen kemasan minyak bekas dan sejenis', 'SPR2104', '1', '2020-03-17 11:10:20', '0000-00-00 00:00:00'),
	('JNS0014', 'KAS0004', '', 'PP-5 Botol Sampo dan Sejenis	', NULL, 'Sampah plastik produk tertentu', 'SPR2104', '1', '2020-03-17 11:10:20', '0000-00-00 00:00:00'),
	('JNS0015', 'KAS0002', '', 'Sedotan, Gelas Plastik Putih', NULL, 'Plastik dalam bentuk sedotan, minuman gelas mount tea, dll', 'SPR2104', '1', '2020-03-17 11:10:20', '0000-00-00 00:00:00'),
	('JNS0016', 'KAS0002', '', 'LD Tutup Galon', NULL, 'Plastik dalam bentuk tutup galon aqua, dan galon air minum isi ulang', 'SPR2104', '1', '2020-03-17 11:10:20', '0000-00-00 00:00:00'),
	('JNS0017', 'KAS0005', '', 'Cover CD Mika', NULL, 'Cover CD bekas bening dari mika (film, lagu, data, dll)', 'SPR2104', '1', '2020-03-17 11:10:20', '0000-00-00 00:00:00'),
	('JNS0018', 'KAS0005', '', 'Cover CD Hitam', NULL, 'Cover CD bekas hitam (film, lagu, data, dll)', 'SPR2104', '1', '2020-03-17 11:10:20', '2020-03-18 07:24:49'),
	('JNS0019', 'KAS0007', '', 'Kertas Koran', NULL, 'Sampah kertas koran', 'SPR2104', '1', '2020-03-17 11:10:20', '0000-00-00 00:00:00'),
	('JNS0020', 'KAS0007', '', 'Kertas Karton', NULL, 'Sampah kertas berbahan karton', 'SPR2104', '1', '2020-03-17 11:10:20', '0000-00-00 00:00:00'),
	('JNS0021', 'KAS0007', '', 'Kertas Buku', NULL, 'Buku tulis dan sejenis', 'SPR2104', '1', '2020-03-17 11:10:20', '0000-00-00 00:00:00'),
	('JNS0022', 'KAS0007', '', 'Kertas HVS Putih', NULL, 'Sampah kertas HVS berwarna putih', 'SPR2104', '1', '2020-03-17 11:10:20', '0000-00-00 00:00:00'),
	('JNS0023', 'KAS0007', '', 'Kertas Campur/Dupleks', NULL, 'Sampah kertas campuran/dupleks', 'SPR2104', '1', '2020-03-17 11:10:20', '0000-00-00 00:00:00'),
	('JNS0024', 'KAS0007', '', 'Kertas Campur', NULL, 'Mix', 'SPR2104', '1', '2020-03-17 11:10:20', '0000-00-00 00:00:00'),
	('JNS0025', 'KAS0004', '', 'CD Kaset', NULL, 'CD bekas (film, lagu, data, dll)', 'SPR2104', '1', '2020-03-17 11:10:20', '0000-00-00 00:00:00'),
	('JNS0026', 'KAS0008', '', 'Kain Bekas', NULL, 'Kain bekas berbagai corak', 'SPR2104', '1', '2020-03-17 11:10:20', '0000-00-00 00:00:00'),
	('JNS0027', 'KAS0008', '', 'Baju Bekas	', NULL, 'Baju bekas dengan varian corak bebas', 'SPR2104', '1', '2020-03-17 11:10:20', '0000-00-00 00:00:00'),
	('JNS0028', 'KAS0008', '', 'Pot Bunga Kain Bekas	', NULL, 'Pot bunga berbahan dasar kain bekas', 'SPR2104', '1', '2020-03-17 11:10:20', '0000-00-00 00:00:00'),
	('JNS0029', 'KAS0001', '', 'Tali', NULL, 'Sampah tali bekas berbahan dasar kain', 'SPR2104', '1', '2020-03-17 11:10:20', '0000-00-00 00:00:00'),
	('JNS0030', 'KAS0011', '', 'Aluminium Bersih', NULL, 'Kaleng minuman bekas berbahan aluminium dengan kondisi bersih', 'SPR2104', '1', '2020-03-17 11:10:20', '0000-00-00 00:00:00'),
	('JNS0031', 'KAS0011', '', 'Aluminium Kotor', NULL, 'Sampah berbahan dasar alumunium dengan kondisi kotor', 'SPR2104', '1', '2020-03-17 11:10:20', '0000-00-00 00:00:00'),
	('JNS0032', 'KAS0011', '', 'Rak Piring, dll', NULL, 'Rak piring bekas berbahan dasar alumunium', 'SPR2104', '1', '2020-03-17 11:10:20', '0000-00-00 00:00:00'),
	('JNS0033', 'KAS0011', '', 'Besi Campur Padat', NULL, 'Besi bekas', 'SPR2104', '1', '2020-03-17 11:10:20', '0000-00-00 00:00:00'),
	('JNS0034', 'KAS0011', '', 'Aki Bekas', NULL, 'Baterai/aki basah/kering bekas', 'SPR2104', '1', '2020-03-17 11:10:20', '0000-00-00 00:00:00'),
	('JNS0035', 'KAS0011', '', 'Tembaga', NULL, 'Sampah berbahan dasar tembaga', 'SPR2104', '1', '2020-03-17 11:10:20', '0000-00-00 00:00:00'),
	('JNS0036', 'KAS0004', '', 'Gelas Bening Kotor	', NULL, 'Gelas plastik bersih dengan label', 'SPR2104', '1', '2020-03-17 11:10:20', '0000-00-00 00:00:00'),
	('JNS0037', 'KAS0004', '', 'Gelas Bening Bersih', NULL, 'Gelas plastik bersih tanpa label', 'SPR2104', '1', '2020-03-17 11:10:20', '0000-00-00 00:00:00'),
	('JNS0038', 'KAS0001', '', 'KW3', NULL, 'PET-1 dengan label kertas (Botol Kecap, Botol Minyak Goreng,dll)	', 'SPR2104', '1', '2020-03-17 11:10:20', '0000-00-00 00:00:00'),
	('JNS0039', 'KAS0011', '', 'Seng', NULL, 'Seng bekas', 'SPR2104', '1', '2020-03-17 11:10:20', '0000-00-00 00:00:00'),
	('JNS0040', 'KAS0014', '', 'Minyak Jelantah', NULL, 'Minyak jelantah', 'SPR2104', '1', '2020-03-17 11:10:20', '0000-00-00 00:00:00'),
	('JNS0041', 'KAS0013', '', 'PCB HP Nokia, Samsung', NULL, 'Sampah elektronik (cpu, laptop, server, dll)', 'SPR2104', '1', '2020-03-17 11:10:20', '0000-00-00 00:00:00'),
	('JNS0042', 'KAS0013', '', 'Mpeg Cd-rom', NULL, 'Sampah elektronik (cpu, laptop, server, dll)', 'SPR2104', '1', '2020-03-17 11:10:20', '0000-00-00 00:00:00'),
	('JNS0043', 'KAS0013', '', 'Panel A', NULL, 'Sampah elektronik (cpu, laptop, server, dll)', 'SPR2104', '1', '2020-03-17 11:10:20', '0000-00-00 00:00:00'),
	('JNS0044', 'KAS0013', '', 'VGA A', NULL, 'Sampah elektronik (cpu, laptop, server, dll)', 'SPR2104', '1', '2020-03-17 11:10:20', '0000-00-00 00:00:00'),
	('JNS0045', 'KAS0013', '', 'VGA Chipset	', NULL, 'Sampah elektronik (cpu, laptop, server, dll)', 'SPR2104', '1', '2020-03-17 11:10:20', '0000-00-00 00:00:00'),
	('JNS0046', 'KAS0013', '', 'VGA Lepas AI	', NULL, 'Sampah elektronik (cpu, laptop, server, dll)', 'SPR2104', '1', '2020-03-17 11:10:20', '0000-00-00 00:00:00'),
	('JNS0047', 'KAS0013', '', 'Non Chip', NULL, 'Sampah elektronik (cpu, laptop, server, dll)', 'SPR2104', '1', '2020-03-17 11:10:20', '0000-00-00 00:00:00'),
	('JNS0048', 'KAS0013', '', 'Chip 1	', NULL, 'Sampah elektronik (cpu, laptop, server, dll)', 'SPR2104', '1', '2020-03-17 11:10:20', '0000-00-00 00:00:00'),
	('JNS0049', 'KAS0013', '', 'Chip 2', NULL, 'Sampah elektronik (cpu, laptop, server, dll)', 'SPR2104', '1', '2020-03-17 11:10:20', '0000-00-00 00:00:00'),
	('JNS0050', 'KAS0013', '', 'Chip 3	', NULL, 'Sampah elektronik (cpu, laptop, server, dll)', 'SPR2104', '1', '2020-03-17 11:10:20', '0000-00-00 00:00:00');
/*!40000 ALTER TABLE `jenis_sampah` ENABLE KEYS */;


-- Dumping structure for table db_kompis.jenis_tarik_saldo_offline
CREATE TABLE IF NOT EXISTS `jenis_tarik_saldo_offline` (
  `id_jenis_tarik_saldo_offline` varchar(20) NOT NULL COMMENT 'JTS0<4 digit auto inc>',
  `nama_jenis_tarik_saldo_offline` varchar(50) CHARACTER SET latin1 DEFAULT NULL,
  `id_superadmin` varchar(7) NOT NULL COMMENT 'SPR<kode 4 digit auto>',
  `status_jenis_tarik_saldo_offline_aktif` char(1) NOT NULL COMMENT '0 = Non Aktif, 1 = Aktif',
  `status_jenis_tarik_saldo_offline_remove` char(1) NOT NULL COMMENT '0 = Hidden, 1 = Visible',
  `created_at` datetime DEFAULT NULL,
  `update_at` timestamp NULL DEFAULT '0000-00-00 00:00:00' ON UPDATE CURRENT_TIMESTAMP,
  PRIMARY KEY (`id_jenis_tarik_saldo_offline`)
) ENGINE=InnoDB DEFAULT CHARSET=utf8;

-- Dumping data for table db_kompis.jenis_tarik_saldo_offline: ~5 rows (approximately)
/*!40000 ALTER TABLE `jenis_tarik_saldo_offline` DISABLE KEYS */;
/*INSERT INTO `jenis_tarik_saldo_offline` (`id_jenis_tarik_saldo_offline`, `nama_jenis_tarik_saldo_offline`, `id_superadmin`, `status_jenis_tarik_saldo_offline_aktif`, `status_jenis_tarik_saldo_offline_remove`, `created_at`, `update_at`) VALUES
	('JTS00001', 'Uang Tunai', 'SPR2104', '1', '1', '2020-03-19 05:02:59', '0000-00-00 00:00:00'),
	('JTS00002', 'Pulsa', 'SPR2104', '1', '1', '2020-03-19 05:02:59', '0000-00-00 00:00:00'),
	('JTS00003', 'PDAM', 'SPR2104', '1', '1', '2020-03-19 05:02:59', '0000-00-00 00:00:00'),
	('JTS00004', 'PLN', 'SPR2104', '1', '1', '2020-03-19 05:02:59', '0000-00-00 00:00:00'),
	('JTS00005', 'Tukar Sembako', 'SPR2104', '1', '1', '2020-03-19 05:02:59', '2020-03-19 05:03:16');
/*!40000 ALTER TABLE `jenis_tarik_saldo_offline` ENABLE KEYS */;


-- Dumping structure for table db_kompis.jenis_tarik_saldo_online
CREATE TABLE IF NOT EXISTS `jenis_tarik_saldo_online` (
  `id_jenis_tarik_saldo_online` varchar(20) NOT NULL COMMENT 'JTS1<4 digit auto inc>',
  `nama_jenis_tarik_saldo_online` varchar(50) CHARACTER SET latin1 NOT NULL,
  `id_superadmin` varchar(7) NOT NULL COMMENT 'SPR<kode 4 digit auto>',
  `status_jenis_tarik_saldo_online_aktif` char(1) NOT NULL COMMENT '0 = Non Aktif, 1 = Aktif',
  `status_jenis_tarik_saldo_online_remove` char(1) NOT NULL COMMENT '0 = Hidden, 1 = Visible',
  `created_at` datetime DEFAULT NULL,
  `update_at` timestamp NULL DEFAULT '0000-00-00 00:00:00' ON UPDATE CURRENT_TIMESTAMP,
  PRIMARY KEY (`id_jenis_tarik_saldo_online`)
) ENGINE=InnoDB DEFAULT CHARSET=utf8;

-- Dumping data for table db_kompis.jenis_tarik_saldo_online: ~11 rows (approximately)
/*!40000 ALTER TABLE `jenis_tarik_saldo_online` DISABLE KEYS */;
/*INSERT INTO `jenis_tarik_saldo_online` (`id_jenis_tarik_saldo_online`, `nama_jenis_tarik_saldo_online`, `id_superadmin`, `status_jenis_tarik_saldo_online_aktif`, `status_jenis_tarik_saldo_online_remove`, `created_at`, `update_at`) VALUES
	('JTS10001', 'Transfer Bank', 'SPR2104', '1', '1', '2020-03-19 05:03:31', '0000-00-00 00:00:00'),
	('JTS10002', 'Pulsa', 'SPR2104', '1', '1', '2020-03-19 05:03:31', '0000-00-00 00:00:00'),
	('JTS10003', 'PDAM', 'SPR2104', '1', '1', '2020-03-19 05:03:31', '0000-00-00 00:00:00'),
	('JTS10004', 'PLN', 'SPR2104', '1', '1', '2020-03-19 05:03:31', '0000-00-00 00:00:00'),
	('JTS10005', 'Telepon', 'SPR2104', '1', '1', '2020-03-19 05:03:31', '0000-00-00 00:00:00'),
	('JTS10006', 'Internet', 'SPR2104', '1', '1', '2020-03-19 05:03:31', '0000-00-00 00:00:00'),
	('JTS10007', 'Asuransi', 'SPR2104', '1', '1', '2020-03-19 05:03:31', '0000-00-00 00:00:00'),
	('JTS10008', 'BPJS', 'SPR2104', '1', '1', '2020-03-19 05:03:31', '0000-00-00 00:00:00'),
	('JTS10009', 'GOPAY', 'SPR2104', '1', '1', '2020-03-19 05:03:31', '0000-00-00 00:00:00'),
	('JTS10010', 'DANA', 'SPR2104', '1', '1', '2020-03-19 05:03:31', '0000-00-00 00:00:00'),
	('JTS10011', 'OVO', 'SPR2104', '1', '1', '2020-03-19 05:03:31', '2020-03-19 05:04:58');
/*!40000 ALTER TABLE `jenis_tarik_saldo_online` ENABLE KEYS */;


-- Dumping structure for table db_kompis.jenis_transaksi
CREATE TABLE IF NOT EXISTS `jenis_transaksi` (
  `id_jenis_transaksi` int(11) NOT NULL,
  `nama_jenis_transaksi` varchar(50) CHARACTER SET latin1 DEFAULT NULL,
  `created_at` datetime DEFAULT NULL,
  `update_at` timestamp NULL DEFAULT '0000-00-00 00:00:00' ON UPDATE CURRENT_TIMESTAMP,
  PRIMARY KEY (`id_jenis_transaksi`)
) ENGINE=InnoDB DEFAULT CHARSET=utf8;

-- Dumping data for table db_kompis.jenis_transaksi: ~3 rows (approximately)
/*!40000 ALTER TABLE `jenis_transaksi` DISABLE KEYS */;
/*INSERT INTO `jenis_transaksi` (`id_jenis_transaksi`, `nama_jenis_transaksi`, `created_at`, `update_at`) VALUES
	(1, 'Penjemputan Nasabah Online', '2020-03-19 05:05:12', '0000-00-00 00:00:00'),
	(2, 'Setor Langsung Nasabah Online', '2020-03-19 05:05:12', '0000-00-00 00:00:00'),
	(3, 'Setor Langsung Nasabah Offline', '2020-03-19 05:05:12', '2020-03-19 05:05:30');
/*!40000 ALTER TABLE `jenis_transaksi` ENABLE KEYS */;


-- Dumping structure for table db_kompis.jenjang_pendidikan
CREATE TABLE IF NOT EXISTS `jenjang_pendidikan` (
  `id_jenjang_pendidikan` int(11) NOT NULL,
  `nama_jenjang_pendidikan` varchar(50) CHARACTER SET latin1 DEFAULT NULL,
  `id_superadmin` varchar(7) NOT NULL COMMENT 'SPR<kode 4 digit auto>',
  `status_jenjang_pendidikan_aktif` char(1) NOT NULL COMMENT '0 = Non Aktif, 1 = Aktif',
  `status_jenjang_pendidikan_remove` char(1) NOT NULL COMMENT '0 = Hidden, 1 = Visible',
  `created_at` datetime DEFAULT NULL,
  `update_at` timestamp NULL DEFAULT '0000-00-00 00:00:00' ON UPDATE CURRENT_TIMESTAMP,
  PRIMARY KEY (`id_jenjang_pendidikan`)
) ENGINE=InnoDB DEFAULT CHARSET=utf8;

-- Dumping data for table db_kompis.jenjang_pendidikan: ~10 rows (approximately)
/*!40000 ALTER TABLE `jenjang_pendidikan` DISABLE KEYS */;
/*INSERT INTO `jenjang_pendidikan` (`id_jenjang_pendidikan`, `nama_jenjang_pendidikan`, `id_superadmin`, `status_jenjang_pendidikan_aktif`, `status_jenjang_pendidikan_remove`, `created_at`, `update_at`) VALUES
	(1, 'TK / RA', 'SPR2104', '1', '1', '2020-03-19 05:05:47', '0000-00-00 00:00:00'),
	(2, 'SD / MI', 'SPR2104', '1', '1', '2020-03-19 05:05:47', '0000-00-00 00:00:00'),
	(3, 'SMP / MTS', 'SPR2104', '1', '1', '2020-03-19 05:05:47', '0000-00-00 00:00:00'),
	(4, 'SMA / MA', 'SPR2104', '1', '1', '2020-03-19 05:05:47', '0000-00-00 00:00:00'),
	(5, 'SMK / MAK', 'SPR2104', '1', '1', '2020-03-19 05:05:47', '0000-00-00 00:00:00'),
	(6, 'DIPLOMA', 'SPR2104', '1', '1', '2020-03-19 05:05:47', '0000-00-00 00:00:00'),
	(7, 'SARJANA', 'SPR2104', '1', '1', '2020-03-19 05:05:47', '0000-00-00 00:00:00'),
	(8, 'MAGISTER', 'SPR2104', '1', '1', '2020-03-19 05:05:47', '0000-00-00 00:00:00'),
	(9, 'SPESIALIS', 'SPR2104', '1', '1', '2020-03-19 05:05:47', '0000-00-00 00:00:00'),
	(10, 'DOKTOR', 'SPR2104', '1', '1', '2020-03-19 05:05:47', '0000-00-00 00:00:00');
/*!40000 ALTER TABLE `jenjang_pendidikan` ENABLE KEYS */;


-- Dumping structure for table db_kompis.kabupaten
CREATE TABLE IF NOT EXISTS `kabupaten` (
  `id_kabupaten` int(11) NOT NULL COMMENT ' ',
  `nama_kabupaten` varchar(50) CHARACTER SET latin1 NOT NULL,
  `id_provinsi` int(11) NOT NULL COMMENT ' ',
  PRIMARY KEY (`id_kabupaten`)
) ENGINE=InnoDB DEFAULT CHARSET=utf8;

-- Dumping data for table db_kompis.kabupaten: ~502 rows (approximately)
/*!40000 ALTER TABLE `kabupaten` DISABLE KEYS */;
/*INSERT INTO `kabupaten` (`id_kabupaten`, `nama_kabupaten`, `id_provinsi`) VALUES
	(1, 'Kabupaten Aceh Barat', 1),
	(2, 'Kabupaten Aceh Barat Daya', 1),
	(3, 'Kabupaten Aceh Besar', 1),
	(4, 'Kabupaten Aceh Jaya', 1),
	(5, 'Kabupaten Aceh Selatan', 1),
	(6, 'Kabupaten Aceh Singkil', 1),
	(7, 'Kabupaten Aceh Tamiang', 1),
	(8, 'Kabupaten Aceh Tengah', 1),
	(9, 'Kabupaten Aceh Tenggara', 1),
	(10, 'Kabupaten Aceh Timur', 1),
	(11, 'Kabupaten Aceh Utara', 1),
	(12, 'Kabupaten Bener Meriah', 1),
	(13, 'Kabupaten Bireuen', 1),
	(14, 'Kabupaten Gayo Luwes', 1),
	(15, 'Kabupaten Nagan Raya', 1),
	(16, 'Kabupaten Pidie', 1),
	(17, 'Kabupaten Pidie Jaya', 1),
	(18, 'Kabupaten Simeulue', 1),
	(19, 'Kota Banda Aceh', 1),
	(20, 'Kota Langsa', 1),
	(21, 'Kota Lhokseumawe', 1),
	(22, 'Kota Sabang', 1),
	(23, 'Kota Subulussalam', 1),
	(24, 'Kabupaten Asahan', 2),
	(25, 'Kabupaten Batubara', 2),
	(26, 'Kabupaten Dairi', 2),
	(27, 'Kabupaten Deli Serdang', 2),
	(28, 'Kabupaten Humbang Hasundutan', 2),
	(29, 'Kabupaten Karo', 2),
	(30, 'Kabupaten Labuhan Batu', 2),
	(31, 'Kabupaten Labuhanbatu Selatan', 2),
	(32, 'Kabupaten Labuhanbatu Utara', 2),
	(33, 'Kabupaten Langkat', 2),
	(34, 'Kabupaten Mandailing Natal', 2),
	(35, 'Kabupaten Nias', 2),
	(36, 'Kabupaten Nias Barat', 2),
	(37, 'Kabupaten Nias Selatan', 2),
	(38, 'Kabupaten Nias Utara', 2),
	(39, 'Kabupaten Padang Lawas', 2),
	(40, 'Kabupaten Padang Lawas Utara', 2),
	(41, 'Kabupaten Pakpak Barat', 2),
	(42, 'Kabupaten Samosir', 2),
	(43, 'Kabupaten Serdang Bedagai', 2),
	(44, 'Kabupaten Simalungun', 2),
	(45, 'Kabupaten Tapanuli Selatan', 2),
	(46, 'Kabupaten Tapanuli Tengah', 2),
	(47, 'Kabupaten Tapanuli Utara', 2),
	(48, 'Kabupaten Toba Samosir', 2),
	(49, 'Kota Binjai', 2),
	(50, 'Kota Gunung Sitoli', 2),
	(51, 'Kota Medan', 2),
	(52, 'Kota Padangsidempuan', 2),
	(53, 'Kota Pematang Siantar', 2),
	(54, 'Kota Sibolga', 2),
	(55, 'Kota Tanjung Balai', 2),
	(56, 'Kota Tebing Tinggi', 2),
	(57, 'Kabupaten Agam', 3),
	(58, 'Kabupaten Dharmas Raya', 3),
	(59, 'Kabupaten Kepulauan Mentawai', 3),
	(60, 'Kabupaten Lima Puluh Kota', 3),
	(61, 'Kabupaten Padang Pariaman', 3),
	(62, 'Kabupaten Pasaman', 3),
	(63, 'Kabupaten Pasaman Barat', 3),
	(64, 'Kabupaten Pesisir Selatan', 3),
	(65, 'Kabupaten Sijunjung', 3),
	(66, 'Kabupaten Solok', 3),
	(67, 'Kabupaten Solok Selatan', 3),
	(68, 'Kabupaten Tanah Datar', 3),
	(69, 'Kota Bukittinggi', 3),
	(70, 'Kota Padang', 3),
	(71, 'Kota Padang Panjang', 3),
	(72, 'Kota Pariaman', 3),
	(73, 'Kota Payakumbuh', 3),
	(74, 'Kota Sawah Lunto', 3),
	(75, 'Kota Solok', 3),
	(76, 'Kabupaten Bengkalis', 4),
	(77, 'Kabupaten Indragiri Hilir', 4),
	(78, 'Kabupaten Indragiri Hulu', 4),
	(79, 'Kabupaten Kampar', 4),
	(80, 'Kabupaten Kuantan Singingi', 4),
	(81, 'Kabupaten Meranti', 4),
	(82, 'Kabupaten Pelalawan', 4),
	(83, 'Kabupaten Rokan Hilir', 4),
	(84, 'Kabupaten Rokan Hulu', 4),
	(85, 'Kabupaten Siak', 4),
	(86, 'Kota Dumai', 4),
	(87, 'Kota Pekanbaru', 4),
	(88, 'Kabupaten Bintan', 5),
	(89, 'Kabupaten Karimun', 5),
	(90, 'Kabupaten Kepulauan Anambas', 5),
	(91, 'Kabupaten Lingga', 5),
	(92, 'Kabupaten Natuna', 5),
	(93, 'Kota Batam', 5),
	(94, 'Kota Tanjung Pinang', 5),
	(95, 'Kabupaten Bangka', 6),
	(96, 'Kabupaten Bangka Barat', 6),
	(97, 'Kabupaten Bangka Selatan', 6),
	(98, 'Kabupaten Bangka Tengah', 6),
	(99, 'Kabupaten Belitung', 6),
	(100, 'Kabupaten Belitung Timur', 6),
	(101, 'Kota Pangkal Pinang', 6),
	(102, 'Kabupaten Kerinci', 7),
	(103, 'Kabupaten Merangin', 7),
	(104, 'Kabupaten Sarolangun', 7),
	(105, 'Kabupaten Batang Hari', 7),
	(106, 'Kabupaten Muaro Jambi', 7),
	(107, 'Kabupaten Tanjung Jabung Timur', 7),
	(108, 'Kabupaten Tanjung Jabung Barat', 7),
	(109, 'Kabupaten Tebo', 7),
	(110, 'Kabupaten Bungo', 7),
	(111, 'Kota Jambi', 7),
	(112, 'Kota Sungai Penuh', 7),
	(113, 'Kabupaten Bengkulu Selatan', 8),
	(114, 'Kabupaten Bengkulu Tengah', 8),
	(115, 'Kabupaten Bengkulu Utara', 8),
	(116, 'Kabupaten Kaur', 8),
	(117, 'Kabupaten Kepahiang', 8),
	(118, 'Kabupaten Lebong', 8),
	(119, 'Kabupaten Mukomuko', 8),
	(120, 'Kabupaten Rejang Lebong', 8),
	(121, 'Kabupaten Seluma', 8),
	(122, 'Kota Bengkulu', 8),
	(123, 'Kabupaten Banyuasin', 9),
	(124, 'Kabupaten Empat Lawang', 9),
	(125, 'Kabupaten Lahat', 9),
	(126, 'Kabupaten Muara Enim', 9),
	(127, 'Kabupaten Musi Banyu Asin', 9),
	(128, 'Kabupaten Musi Rawas', 9),
	(129, 'Kabupaten Ogan Ilir', 9),
	(130, 'Kabupaten Ogan Komering Ilir', 9),
	(131, 'Kabupaten Ogan Komering Ulu', 9),
	(132, 'Kabupaten Ogan Komering Ulu Se', 9),
	(133, 'Kabupaten Ogan Komering Ulu Ti', 9),
	(134, 'Kota Lubuklinggau', 9),
	(135, 'Kota Pagar Alam', 9),
	(136, 'Kota Palembang', 9),
	(137, 'Kota Prabumulih', 9),
	(138, 'Kabupaten Lampung Barat', 10),
	(139, 'Kabupaten Lampung Selatan', 10),
	(140, 'Kabupaten Lampung Tengah', 10),
	(141, 'Kabupaten Lampung Timur', 10),
	(142, 'Kabupaten Lampung Utara', 10),
	(143, 'Kabupaten Mesuji', 10),
	(144, 'Kabupaten Pesawaran', 10),
	(145, 'Kabupaten Pringsewu', 10),
	(146, 'Kabupaten Tanggamus', 10),
	(147, 'Kabupaten Tulang Bawang', 10),
	(148, 'Kabupaten Tulang Bawang Barat', 10),
	(149, 'Kabupaten Way Kanan', 10),
	(150, 'Kota Bandar Lampung', 10),
	(151, 'Kota Metro', 10),
	(152, 'Kabupaten Lebak', 11),
	(153, 'Kabupaten Pandeglang', 11),
	(154, 'Kabupaten Serang', 11),
	(155, 'Kabupaten Tangerang', 11),
	(156, 'Kota Cilegon', 11),
	(157, 'Kota Serang', 11),
	(158, 'Kota Tangerang', 11),
	(159, 'Kota Tangerang Selatan', 11),
	(160, 'Kabupaten Adm. Kepulauan Serib', 12),
	(161, 'Kota Jakarta Barat', 12),
	(162, 'Kota Jakarta Pusat', 12),
	(163, 'Kota Jakarta Selatan', 12),
	(164, 'Kota Jakarta Timur', 12),
	(165, 'Kota Jakarta Utara', 12),
	(166, 'Kabupaten Bandung', 13),
	(167, 'Kabupaten Bandung Barat', 13),
	(168, 'Kabupaten Bekasi', 13),
	(169, 'Kabupaten Bogor', 13),
	(170, 'Kabupaten Ciamis', 13),
	(171, 'Kabupaten Cianjur', 13),
	(172, 'Kabupaten Cirebon', 13),
	(173, 'Kabupaten Garut', 13),
	(174, 'Kabupaten Indramayu', 13),
	(175, 'Kabupaten Karawang', 13),
	(176, 'Kabupaten Kuningan', 13),
	(177, 'Kabupaten Majalengka', 13),
	(178, 'Kabupaten Purwakarta', 13),
	(179, 'Kabupaten Subang', 13),
	(180, 'Kabupaten Sukabumi', 13),
	(181, 'Kabupaten Sumedang', 13),
	(182, 'Kabupaten Tasikmalaya', 13),
	(183, 'Kota Bandung', 13),
	(184, 'Kota Banjar', 13),
	(185, 'Kota Bekasi', 13),
	(186, 'Kota Bogor', 13),
	(187, 'Kota Cimahi', 13),
	(188, 'Kota Cirebon', 13),
	(189, 'Kota Depok', 13),
	(190, 'Kota Sukabumi', 13),
	(191, 'Kota Tasikmalaya', 13),
	(192, 'Kabupaten Banjarnegara', 14),
	(193, 'Kabupaten Banyumas', 14),
	(194, 'Kabupaten Batang', 14),
	(195, 'Kabupaten Blora', 14),
	(196, 'Kabupaten Boyolali', 14),
	(197, 'Kabupaten Brebes', 14),
	(198, 'Kabupaten Cilacap', 14),
	(199, 'Kabupaten Demak', 14),
	(200, 'Kabupaten Grobogan', 14),
	(201, 'Kabupaten Jepara', 14),
	(202, 'Kabupaten Karanganyar', 14),
	(203, 'Kabupaten Kebumen', 14),
	(204, 'Kabupaten Kendal', 14),
	(205, 'Kabupaten Klaten', 14),
	(206, 'Kabupaten Kota Tegal', 14),
	(207, 'Kabupaten Kudus', 14),
	(208, 'Kabupaten Magelang', 14),
	(209, 'Kabupaten Pati', 14),
	(210, 'Kabupaten Pekalongan', 14),
	(211, 'Kabupaten Pemalang', 14),
	(212, 'Kabupaten Purbalingga', 14),
	(213, 'Kabupaten Purworejo', 14),
	(214, 'Kabupaten Rembang', 14),
	(215, 'Kabupaten Semarang', 14),
	(216, 'Kabupaten Sragen', 14),
	(217, 'Kabupaten Sukoharjo', 14),
	(218, 'Kabupaten Temanggung', 14),
	(219, 'Kabupaten Wonogiri', 14),
	(220, 'Kabupaten Wonosobo', 14),
	(221, 'Kota Magelang', 14),
	(222, 'Kota Pekalongan', 14),
	(223, 'Kota Salatiga', 14),
	(224, 'Kota Semarang', 14),
	(225, 'Kota Surakarta', 14),
	(226, 'Kota Tegal', 14),
	(227, 'Kabupaten Bantul', 15),
	(228, 'Kabupaten Gunung Kidul', 15),
	(229, 'Kabupaten Kulon Progo', 15),
	(230, 'Kabupaten Sleman', 15),
	(231, 'Kota Yogyakarta', 15),
	(232, 'Kabupaten Bangkalan', 16),
	(233, 'Kabupaten Banyuwangi', 16),
	(234, 'Kabupaten Blitar', 16),
	(235, 'Kabupaten Bojonegoro', 16),
	(236, 'Kabupaten Bondowoso', 16),
	(237, 'Kabupaten Gresik', 16),
	(238, 'Kabupaten Jember', 16),
	(239, 'Kabupaten Jombang', 16),
	(240, 'Kabupaten Kediri', 16),
	(241, 'Kabupaten Lamongan', 16),
	(242, 'Kabupaten Lumajang', 16),
	(243, 'Kabupaten Madiun', 16),
	(244, 'Kabupaten Magetan', 16),
	(245, 'Kabupaten Malang', 16),
	(246, 'Kabupaten Mojokerto', 16),
	(247, 'Kabupaten Nganjuk', 16),
	(248, 'Kabupaten Ngawi', 16),
	(249, 'Kabupaten Pacitan', 16),
	(250, 'Kabupaten Pamekasan', 16),
	(251, 'Kabupaten Pasuruan', 16),
	(252, 'Kabupaten Ponorogo', 16),
	(253, 'Kabupaten Probolinggo', 16),
	(254, 'Kabupaten Sampang', 16),
	(255, 'Kabupaten Sidoarjo', 16),
	(256, 'Kabupaten Situbondo', 16),
	(257, 'Kabupaten Sumenep', 16),
	(258, 'Kabupaten Trenggalek', 16),
	(259, 'Kabupaten Tuban', 16),
	(260, 'Kabupaten Tulungagung', 16),
	(261, 'Kota Batu', 16),
	(262, 'Kota Blitar', 16),
	(263, 'Kota Kediri', 16),
	(264, 'Kota Madiun', 16),
	(265, 'Kota Malang', 16),
	(266, 'Kota Mojokerto', 16),
	(267, 'Kota Pasuruan', 16),
	(268, 'Kota Probolinggo', 16),
	(269, 'Kota Surabaya', 16),
	(270, 'Kabupaten Badung', 17),
	(271, 'Kabupaten Bangli', 17),
	(272, 'Kabupaten Buleleng', 17),
	(273, 'Kabupaten Gianyar', 17),
	(274, 'Kabupaten Jembrana', 17),
	(275, 'Kabupaten Karang Asem', 17),
	(276, 'Kabupaten Klungkung', 17),
	(277, 'Kabupaten Tabanan', 17),
	(278, 'Kota Denpasar', 17),
	(279, 'Kabupaten Bima', 18),
	(280, 'Kabupaten Dompu', 18),
	(281, 'Kabupaten Lombok Barat', 18),
	(282, 'Kabupaten Lombok Tengah', 18),
	(283, 'Kabupaten Lombok Timur', 18),
	(284, 'Kabupaten Lombok Utara', 18),
	(285, 'Kabupaten Sumbawa', 18),
	(286, 'Kabupaten Sumbawa Barat', 18),
	(287, 'Kota Bima', 18),
	(288, 'Kota Mataram', 18),
	(289, 'Kabupaten Alor', 19),
	(290, 'Kabupaten Belu', 19),
	(291, 'Kabupaten Ende', 19),
	(292, 'Kabupaten Flores Timur', 19),
	(293, 'Kabupaten Kupang', 19),
	(294, 'Kabupaten Lembata', 19),
	(295, 'Kabupaten Manggarai', 19),
	(296, 'Kabupaten Manggarai Barat', 19),
	(297, 'Kabupaten Manggarai Timur', 19),
	(298, 'Kabupaten Nagekeo', 19),
	(299, 'Kabupaten Ngada', 19),
	(300, 'Kabupaten Rote Ndao', 19),
	(301, 'Kabupaten Sabu Raijua', 19),
	(302, 'Kabupaten Sikka', 19),
	(303, 'Kabupaten Sumba Barat', 19),
	(304, 'Kabupaten Sumba Barat Daya', 19),
	(305, 'Kabupaten Sumba Tengah', 19),
	(306, 'Kabupaten Sumba Timur', 19),
	(307, 'Kabupaten Timor Tengah Selatan', 19),
	(308, 'Kabupaten Timor Tengah Utara', 19),
	(309, 'Kota Kupang', 19),
	(310, 'Kabupaten Bengkayang', 20),
	(311, 'Kabupaten Kapuas Hulu', 20),
	(312, 'Kabupaten Kayong Utara', 20),
	(313, 'Kabupaten Ketapang', 20),
	(314, 'Kabupaten Kubu Raya', 20),
	(315, 'Kabupaten Landak', 20),
	(316, 'Kabupaten Melawi', 20),
	(317, 'Kabupaten Pontianak', 20),
	(318, 'Kabupaten Sambas', 20),
	(319, 'Kabupaten Sanggau', 20),
	(320, 'Kabupaten Sekadau', 20),
	(321, 'Kabupaten Sintang', 20),
	(322, 'Kota Pontianak', 20),
	(323, 'Kota Singkawang', 20),
	(324, 'Kabupaten Barito Selatan', 21),
	(325, 'Kabupaten Barito Timur', 21),
	(326, 'Kabupaten Barito Utara', 21),
	(327, 'Kabupaten Gunung Mas', 21),
	(328, 'Kabupaten Kapuas', 21),
	(329, 'Kabupaten Katingan', 21),
	(330, 'Kabupaten Kotawaringin Barat', 21),
	(331, 'Kabupaten Kotawaringin Timur', 21),
	(332, 'Kabupaten Lamandau', 21),
	(333, 'Kabupaten Murung Raya', 21),
	(334, 'Kabupaten Pulang Pisau', 21),
	(335, 'Kabupaten Seruyan', 21),
	(336, 'Kabupaten Sukamara', 21),
	(337, 'Kota Palangkaraya', 21),
	(338, 'Kabupaten Balangan', 22),
	(339, 'Kabupaten Banjar', 22),
	(340, 'Kabupaten Barito Kuala', 22),
	(341, 'Kabupaten Hulu Sungai Selatan', 22),
	(342, 'Kabupaten Hulu Sungai Tengah', 22),
	(343, 'Kabupaten Hulu Sungai Utara', 22),
	(344, 'Kabupaten Kota Baru', 22),
	(345, 'Kabupaten Tabalong', 22),
	(346, 'Kabupaten Tanah Bumbu', 22),
	(347, 'Kabupaten Tanah Laut', 22),
	(348, 'Kabupaten Tapin', 22),
	(349, 'Kota Banjar Baru', 22),
	(350, 'Kota Banjarmasin', 22),
	(351, 'Kabupaten Berau', 23),
	(352, 'Kabupaten Bulongan', 23),
	(353, 'Kabupaten Kutai Barat', 23),
	(354, 'Kabupaten Kutai Kartanegara', 23),
	(355, 'Kabupaten Kutai Timur', 23),
	(356, 'Kabupaten Malinau', 23),
	(357, 'Kabupaten Nunukan', 23),
	(358, 'Kabupaten Paser', 23),
	(359, 'Kabupaten Penajam Paser Utara', 23),
	(360, 'Kabupaten Tana Tidung', 23),
	(361, 'Kota Balikpapan', 23),
	(362, 'Kota Bontang', 23),
	(363, 'Kota Samarinda', 23),
	(364, 'Kota Tarakan', 23),
	(365, 'Kabupaten Boalemo', 24),
	(366, 'Kabupaten Bone Bolango', 24),
	(367, 'Kabupaten Gorontalo', 24),
	(368, 'Kabupaten Gorontalo Utara', 24),
	(369, 'Kabupaten Pohuwato', 24),
	(370, 'Kota Gorontalo', 24),
	(371, 'Kabupaten Bantaeng', 25),
	(372, 'Kabupaten Barru', 25),
	(373, 'Kabupaten Bone', 25),
	(374, 'Kabupaten Bulukumba', 25),
	(375, 'Kabupaten Enrekang', 25),
	(376, 'Kabupaten Gowa', 25),
	(377, 'Kabupaten Jeneponto', 25),
	(378, 'Kabupaten Luwu', 25),
	(379, 'Kabupaten Luwu Timur', 25),
	(380, 'Kabupaten Luwu Utara', 25),
	(381, 'Kabupaten Maros', 25),
	(382, 'Kabupaten Pangkajene Kepulauan', 25),
	(383, 'Kabupaten Pinrang', 25),
	(384, 'Kabupaten Selayar', 25),
	(385, 'Kabupaten Sidenreng Rappang', 25),
	(386, 'Kabupaten Sinjai', 25),
	(387, 'Kabupaten Soppeng', 25),
	(388, 'Kabupaten Takalar', 25),
	(389, 'Kabupaten Tana Toraja', 25),
	(390, 'Kabupaten Toraja Utara', 25),
	(391, 'Kabupaten Wajo', 25),
	(392, 'Kota Makassar', 25),
	(393, 'Kota Palopo', 25),
	(394, 'Kota Pare-pare', 25),
	(395, 'Kabupaten Bombana', 26),
	(396, 'Kabupaten Buton', 26),
	(397, 'Kabupaten Buton Utara', 26),
	(398, 'Kabupaten Kolaka', 26),
	(399, 'Kabupaten Kolaka Utara', 26),
	(400, 'Kabupaten Konawe', 26),
	(401, 'Kabupaten Konawe Selatan', 26),
	(402, 'Kabupaten Konawe Utara', 26),
	(403, 'Kabupaten Muna', 26),
	(404, 'Kabupaten Wakatobi', 26),
	(405, 'Kota Bau-bau', 26),
	(406, 'Kota Kendari', 26),
	(407, 'Kabupaten Banggai', 27),
	(408, 'Kabupaten Banggai Kepulauan', 27),
	(409, 'Kabupaten Buol', 27),
	(410, 'Kabupaten Donggala', 27),
	(411, 'Kabupaten Morowali', 27),
	(412, 'Kabupaten Parigi Moutong', 27),
	(413, 'Kabupaten Poso', 27),
	(414, 'Kabupaten Sigi', 27),
	(415, 'Kabupaten Tojo Una-Una', 27),
	(416, 'Kabupaten Toli Toli', 27),
	(417, 'Kota Palu', 27),
	(418, 'Kabupaten Bolaang Mangondow', 28),
	(419, 'Kabupaten Bolaang Mangondow Se', 28),
	(420, 'Kabupaten Bolaang Mangondow Ti', 28),
	(421, 'Kabupaten Bolaang Mangondow Ut', 28),
	(422, 'Kabupaten Kepulauan Sangihe', 28),
	(423, 'Kabupaten Kepulauan Siau Tagul', 28),
	(424, 'Kabupaten Kepulauan Talaud', 28),
	(425, 'Kabupaten Minahasa', 28),
	(426, 'Kabupaten Minahasa Selatan', 28),
	(427, 'Kabupaten Minahasa Tenggara', 28),
	(428, 'Kabupaten Minahasa Utara', 28),
	(429, 'Kota Bitung', 28),
	(430, 'Kota Kotamobagu', 28),
	(431, 'Kota Manado', 28),
	(432, 'Kota Tomohon', 28),
	(433, 'Kabupaten Majene', 29),
	(434, 'Kabupaten Mamasa', 29),
	(435, 'Kabupaten Mamuju', 29),
	(436, 'Kabupaten Mamuju Utara', 29),
	(437, 'Kabupaten Polewali Mandar', 29),
	(438, 'Kabupaten Buru', 30),
	(439, 'Kabupaten Buru Selatan', 30),
	(440, 'Kabupaten Kepulauan Aru', 30),
	(441, 'Kabupaten Maluku Barat Daya', 30),
	(442, 'Kabupaten Maluku Tengah', 30),
	(443, 'Kabupaten Maluku Tenggara', 30),
	(444, 'Kabupaten Maluku Tenggara Bara', 30),
	(445, 'Kabupaten Seram Bagian Barat', 30),
	(446, 'Kabupaten Seram Bagian Timur', 30),
	(447, 'Kota Ambon', 30),
	(448, 'Kota Tual', 30),
	(449, 'Kabupaten Halmahera Barat', 31),
	(450, 'Kabupaten Halmahera Selatan', 31),
	(451, 'Kabupaten Halmahera Tengah', 31),
	(452, 'Kabupaten Halmahera Timur', 31),
	(453, 'Kabupaten Halmahera Utara', 31),
	(454, 'Kabupaten Kepulauan Sula', 31),
	(455, 'Kabupaten Pulau Morotai', 31),
	(456, 'Kota Ternate', 31),
	(457, 'Kota Tidore Kepulauan', 31),
	(458, 'Kabupaten Fakfak', 32),
	(459, 'Kabupaten Kaimana', 32),
	(460, 'Kabupaten Manokwari', 32),
	(461, 'Kabupaten Maybrat', 32),
	(462, 'Kabupaten Raja Ampat', 32),
	(463, 'Kabupaten Sorong', 32),
	(464, 'Kabupaten Sorong Selatan', 32),
	(465, 'Kabupaten Tambrauw', 32),
	(466, 'Kabupaten Teluk Bintuni', 32),
	(467, 'Kabupaten Teluk Wondama', 32),
	(468, 'Kota Sorong', 32),
	(469, 'Kabupaten Merauke', 33),
	(470, 'Kabupaten Jayawijaya', 33),
	(471, 'Kabupaten Nabire', 33),
	(472, 'Kabupaten Kepulauan Yapen', 33),
	(473, 'Kabupaten Biak Numfor', 33),
	(474, 'Kabupaten Paniai', 33),
	(475, 'Kabupaten Puncak Jaya', 33),
	(476, 'Kabupaten Mimika', 33),
	(477, 'Kabupaten Boven Digoel', 33),
	(478, 'Kabupaten Mappi', 33),
	(479, 'Kabupaten Asmat', 33),
	(480, 'Kabupaten Yahukimo', 33),
	(481, 'Kabupaten Pegunungan Bintang', 33),
	(482, 'Kabupaten Tolikara', 33),
	(483, 'Kabupaten Sarmi', 33),
	(484, 'Kabupaten Keerom', 33),
	(485, 'Kabupaten Waropen', 33),
	(486, 'Kabupaten Jayapura', 33),
	(487, 'Kabupaten Deiyai', 33),
	(488, 'Kabupaten Dogiyai', 33),
	(489, 'Kabupaten Intan Jaya', 33),
	(490, 'Kabupaten Lanny Jaya', 33),
	(491, 'Kabupaten Mamberamo Raya', 33),
	(492, 'Kabupaten Mamberamo Tengah', 33),
	(493, 'Kabupaten Nduga', 33),
	(494, 'Kabupaten Puncak', 33),
	(495, 'Kabupaten Supiori', 33),
	(496, 'Kabupaten Yalimo', 33),
	(497, 'Kota Jayapura', 33),
	(498, 'Kabupaten Bulungan', 34),
	(499, 'Kabupaten Malinau', 34),
	(500, 'Kabupaten Nunukan', 34),
	(501, 'Kabupaten Tana Tidung', 34),
	(502, 'Kota Tarakan', 34);
/*!40000 ALTER TABLE `kabupaten` ENABLE KEYS */;


-- Dumping structure for table db_kompis.kategori_sampah
CREATE TABLE IF NOT EXISTS `kategori_sampah` (
  `id_kategori_sampah` varchar(7) NOT NULL COMMENT 'KAS<4 digit auto inc>',
  `nama_kategori_sampah` varchar(50) CHARACTER SET latin1 DEFAULT NULL,
  `id_superadmin` varchar(7) NOT NULL COMMENT 'SPR<kode 4 digit auto>',
  `id_treatment_sampah` int(11) NOT NULL,
  `status_kategori_sampah_remove` char(1) NOT NULL COMMENT '0 = Hidden, 1 = Visible',
  `created_at` datetime DEFAULT NULL,
  `update_at` timestamp NULL DEFAULT '0000-00-00 00:00:00' ON UPDATE CURRENT_TIMESTAMP,
  PRIMARY KEY (`id_kategori_sampah`)
) ENGINE=InnoDB DEFAULT CHARSET=utf8;

-- Dumping data for table db_kompis.kategori_sampah: ~15 rows (approximately)
/*!40000 ALTER TABLE `kategori_sampah` DISABLE KEYS */;
/*INSERT INTO `kategori_sampah` (`id_kategori_sampah`, `nama_kategori_sampah`, `id_superadmin`, `id_treatment_sampah`, `status_kategori_sampah_remove`, `created_at`, `update_at`) VALUES
	('KAS0001', 'Plastik - PET - 1', 'SPR2104', 2, '1', '2020-03-19 05:06:05', '0000-00-00 00:00:00'),
	('KAS0002', 'Plastik - HDPE - 2', 'SPR2104', 2, '1', '2020-03-19 05:06:05', '0000-00-00 00:00:00'),
	('KAS0003', 'Plastik - LDPE - 4', 'SPR2104', 2, '1', '2020-03-19 05:06:05', '0000-00-00 00:00:00'),
	('KAS0004', 'Plastik - PP - 5', 'SPR2104', 2, '1', '2020-03-19 05:06:05', '0000-00-00 00:00:00'),
	('KAS0005', 'Plastik - PS - 6', 'SPR2104', 2, '1', '2020-03-19 05:06:05', '0000-00-00 00:00:00'),
	('KAS0006', 'Plastik B3', 'SPR2104', 3, '1', '2020-03-19 05:06:05', '0000-00-00 00:00:00'),
	('KAS0007', 'Kertas', 'SPR2104', 2, '1', '2020-03-19 05:06:05', '0000-00-00 00:00:00'),
	('KAS0008', 'Kain', 'SPR2104', 2, '1', '2020-03-19 05:06:05', '0000-00-00 00:00:00'),
	('KAS0009', 'Kaca', 'SPR2104', 2, '1', '2020-03-19 05:06:05', '0000-00-00 00:00:00'),
	('KAS0010', 'Kaca B3', 'SPR2104', 3, '1', '2020-03-19 05:06:05', '0000-00-00 00:00:00'),
	('KAS0011', 'Logam', 'SPR2104', 2, '1', '2020-03-19 05:06:05', '0000-00-00 00:00:00'),
	('KAS0012', 'Logam B3', 'SPR2104', 3, '1', '2020-03-19 05:06:05', '0000-00-00 00:00:00'),
	('KAS0013', 'Elektronik', 'SPR2104', 2, '1', '2020-03-19 05:06:05', '0000-00-00 00:00:00'),
	('KAS0014', 'Cair', 'SPR2104', 1, '1', '2020-03-19 05:06:05', '0000-00-00 00:00:00'),
	('KAS0015', 'Cair B3', 'SPR2104', 3, '1', '2020-03-19 05:06:05', '2020-03-19 05:06:24');
/*!40000 ALTER TABLE `kategori_sampah` ENABLE KEYS */;


-- Dumping structure for table db_kompis.kecamatan
CREATE TABLE IF NOT EXISTS `kecamatan` (
  `id_kecamatan` int(11) NOT NULL COMMENT ' ',
  `nama_kecamatan` varchar(50) NOT NULL,
  `id_kabupaten` int(11) NOT NULL,
  PRIMARY KEY (`id_kecamatan`)
) ENGINE=InnoDB DEFAULT CHARSET=utf8;

-- Dumping data for table db_kompis.kecamatan: ~6,546 rows (approximately)
/*!40000 ALTER TABLE `kecamatan` DISABLE KEYS */;
/*INSERT INTO `kecamatan` (`id_kecamatan`, `nama_kecamatan`, `id_kabupaten`) VALUES
	(1, ' Kepulauan Seribu Selatan', 160),
	(2, ' Kepulauan Seribu Utara', 160),
	(3, ' Tanah Abang', 162),
	(4, ' Menteng', 162),
	(5, ' Senen', 162),
	(6, ' Johar Baru', 162),
	(7, ' Cempaka Putih', 162),
	(8, ' Kemayoran', 162),
	(9, ' Sawah Besar', 162),
	(10, ' Gambir', 162),
	(11, ' Penjaringan', 165),
	(12, ' Pademangan', 165),
	(13, ' Tanjung Priok', 165),
	(14, ' Koja', 165),
	(15, ' Kelapa Gading', 165),
	(16, ' Cilincing', 165),
	(17, ' Kembangan', 161),
	(18, ' Kebon Jeruk', 161),
	(19, ' Palmerah', 161),
	(20, ' Grogol Petamburan', 161),
	(21, ' Tambora', 161),
	(22, ' Taman Sari', 161),
	(23, ' Cengkareng', 161),
	(24, ' Kali Deres', 161),
	(25, ' Jagakarsa', 163),
	(26, ' Pasar Minggu', 163),
	(27, ' Cilandak', 163),
	(28, ' Pesanggrahan', 163),
	(29, ' Kebayoran Lama', 163),
	(30, ' Kebayoran Baru', 163),
	(31, ' Mampang Prapatan', 163),
	(32, ' Pancoran', 163),
	(33, ' Tebet', 163),
	(34, ' Setia Budi', 163),
	(35, ' Pasar Rebo', 164),
	(36, ' Ciracas', 164),
	(37, ' Cipayung', 164),
	(38, ' Makasar', 164),
	(39, ' Kramat Jati', 164),
	(40, ' Jatinegara', 164),
	(41, ' Duren Sawit', 164),
	(42, ' Cakung', 164),
	(43, ' Pulo Gadung', 164),
	(44, ' Matraman', 164),
	(45, ' Nanggung', 169),
	(46, ' Leuwiliang', 169),
	(47, ' Pamijahan', 169),
	(48, ' Cibungbulang', 169),
	(49, ' Ciampea', 169),
	(50, ' Dramaga', 169),
	(51, ' Ciomas', 169),
	(52, ' Cijeruk', 169),
	(53, ' Caringin', 169),
	(54, ' Ciawi', 169),
	(55, ' Cisarua', 169),
	(56, ' Megamendung', 169),
	(57, ' Sukaraja', 169),
	(58, ' Babakan Madang', 169),
	(59, ' Sukamakmur', 169),
	(60, ' Cariu', 169),
	(61, ' Jonggol', 169),
	(62, ' Cileungsi', 169),
	(63, ' Gunungputri', 169),
	(64, ' Citeureup', 169),
	(65, ' Cibinong', 169),
	(66, ' Bojong Gede', 169),
	(67, ' Kemang', 169),
	(68, ' Parung', 169),
	(69, ' Gunung Sindur', 169),
	(70, ' Rumpin', 169),
	(71, ' Cigudeg', 169),
	(72, ' Jasinga', 169),
	(73, ' Tenjo', 169),
	(74, ' Parungpanjang', 169),
	(75, ' Tamansari', 169),
	(76, ' Ciseeng', 169),
	(77, ' Kelapa Nunggal', 169),
	(78, ' Sukajaya', 169),
	(79, ' Ranca Bungur', 169),
	(80, ' Tanjung Sari', 169),
	(81, ' Tajurhalang', 169),
	(82, ' Cigombong', 169),
	(83, ' Leuwisadeng', 169),
	(84, ' Tenjolaya', 169),
	(85, ' Ciemas', 180),
	(86, ' Ciracap', 180),
	(87, ' Surade', 180),
	(88, ' Jampang Kulon', 180),
	(89, ' Kalibunder', 180),
	(90, ' Tegalbuleud', 180),
	(91, ' Cidolog', 180),
	(92, ' Sagaranten', 180),
	(93, ' Pabuaran', 180),
	(94, ' Lengkong', 180),
	(95, ' Pelabuhan Ratu', 180),
	(96, ' Warung Kiara', 180),
	(97, ' Jampang Tengah', 180),
	(98, ' Cikembar', 180),
	(99, ' Nyalindung', 180),
	(100, ' Gegerbitung', 180),
	(101, ' Sukaraja', 180),
	(102, ' Sukabumi', 180),
	(103, ' Kadudampit', 180),
	(104, ' Cisaat', 180),
	(105, ' Cibadak', 180),
	(106, ' Nagrak', 180),
	(107, ' Cicurug', 180),
	(108, ' Cidahu', 180),
	(109, ' Parakansalak', 180),
	(110, ' Parungkuda', 180),
	(111, ' Kalapa Nunggal', 180),
	(112, ' Cikidang', 180),
	(113, ' Cisolok', 180),
	(114, ' Kabandungan', 180),
	(115, ' Gunung Guruh', 180),
	(116, ' Cikakak', 180),
	(117, ' Bantar Gadung', 180),
	(118, ' Cicantayan', 180),
	(119, ' Simpenan', 180),
	(120, ' Kebon Pedes', 180),
	(121, ' Cidadap', 180),
	(122, ' Cibitung', 180),
	(123, ' Curugkembar', 180),
	(124, ' Purabaya', 180),
	(125, ' Cireunghas', 180),
	(126, ' Sukalarang', 180),
	(127, ' Caringin', 180),
	(128, ' Bojong Genteng', 180),
	(129, ' Waluran', 180),
	(130, ' Cimanggu', 180),
	(131, ' Ciambar', 180),
	(132, ' Agrabinta', 171),
	(133, ' Sindang Barang', 171),
	(134, ' Cidaun', 171),
	(135, ' Naringgul', 171),
	(136, ' Cibinong', 171),
	(137, ' Tanggeung', 171),
	(138, ' Kadupandak', 171),
	(139, ' Takokak', 171),
	(140, ' Sukanagara', 171),
	(141, ' Pagelaran', 171),
	(142, ' Campaka', 171),
	(143, ' Cibeber', 171),
	(144, ' Warungkondang', 171),
	(145, ' Cilaku', 171),
	(146, ' Sukaluyu', 171),
	(147, ' Ciranjang', 171),
	(148, ' Mande', 171),
	(149, ' Karang Tengah', 171),
	(150, ' Cianjur', 171),
	(151, ' Cugenang', 171),
	(152, ' Pacet', 171),
	(153, ' Sukaresmi', 171),
	(154, ' Cikalong Kulon', 171),
	(155, ' Bojong Picung', 171),
	(156, ' Campaka Mulya', 171),
	(157, ' Cikadu', 171),
	(158, ' Leles', 171),
	(159, ' Cijati', 171),
	(160, ' Gekbrong', 171),
	(161, ' Cipanas', 171),
	(162, ' Haurwangi', 171),
	(163, ' Pasirkuda', 171),
	(164, ' Ciwidey', 161),
	(165, ' Pasirjambu', 161),
	(166, ' Cimaung', 161),
	(167, ' Pangalengan', 161),
	(168, ' Kertasari', 161),
	(169, ' Pacet', 161),
	(170, ' Ibun', 161),
	(171, ' Paseh', 161),
	(172, ' Cikancung', 161),
	(173, ' Cicalengka', 161),
	(174, ' Rancaekek', 161),
	(175, ' Majalaya', 161),
	(176, ' Ciparay', 161),
	(177, ' Bale Endah', 161),
	(178, ' Arjasari', 161),
	(179, ' Banjaran', 161),
	(180, ' Pameungpeuk', 161),
	(181, ' Ketapang', 161),
	(182, ' Soreang', 161),
	(183, ' Marga Asih', 161),
	(184, ' Margahayu', 161),
	(185, ' Dayeuhkolot', 161),
	(186, ' Bojongsoang', 161),
	(187, ' Cileunyi', 161),
	(188, ' Cilengkrang', 161),
	(189, ' Cimenyan', 161),
	(190, ' Rancabali', 161),
	(191, ' Nagreg', 161),
	(192, ' Solokan Jeruk', 161),
	(193, ' Cangkuang', 161),
	(194, ' Kutawaringin', 161),
	(195, ' Jatinangor', 181),
	(196, ' Cimanggung', 181),
	(197, ' Tanjungsari', 181),
	(198, ' Rancakalong', 181),
	(199, ' Sumedang Selatan', 181),
	(200, ' Sumedang Utara', 181),
	(201, ' Situraja', 181),
	(202, ' Darmaraja', 181),
	(203, ' Cibugel', 181),
	(204, ' Wado', 181),
	(205, ' Tomo', 181),
	(206, ' Ujung Jaya', 181),
	(207, ' Conggeang', 181),
	(208, ' Paseh', 181),
	(209, ' Cimalaka', 181),
	(210, ' Tanjungkerta', 181),
	(211, ' Buah Dua', 181),
	(212, ' Ganeas', 181),
	(213, ' Jati Gede', 181),
	(214, ' Pamulihan', 181),
	(215, ' Cisitu', 181),
	(216, ' Jatinunggal', 181),
	(217, ' Cisarua', 181),
	(218, ' Tanjungmedar', 181),
	(219, ' Surian', 181),
	(220, ' Sukasari', 181),
	(221, ' Talegong', 173),
	(222, ' Cisewu', 173),
	(223, ' Bungbulang', 173),
	(224, ' Pamulihan', 173),
	(225, ' Pakenjeng', 173),
	(226, ' Cikelet', 173),
	(227, ' Pameungpeuk', 173),
	(228, ' Cibalong', 173),
	(229, ' Cisompet', 173),
	(230, ' Peundeuy', 173),
	(231, ' Singajaya', 173),
	(232, ' Cikajang', 173),
	(233, ' Banjarwangi', 173),
	(234, ' Cilawu', 173),
	(235, ' Bayongbong', 173),
	(236, ' Cisurupan', 173),
	(237, ' Samarang', 173),
	(238, ' Garut Kota', 173),
	(239, ' Karangpawitan', 173),
	(240, ' Wanaraja', 173),
	(241, ' Sukawening', 173),
	(242, ' Banyuresmi', 173),
	(243, ' Leles', 173),
	(244, ' Leuwigoong', 173),
	(245, ' Cibatu', 173),
	(246, ' Cibiuk', 173),
	(247, ' Kadungora', 173),
	(248, ' Blubur Limbangan', 173),
	(249, ' Selaawi', 173),
	(250, ' Malangbong', 173),
	(251, ' Mekarmukti', 173),
	(252, ' Caringin', 173),
	(253, ' Cihurip', 173),
	(254, ' Sukaresmi', 173),
	(255, ' Pasirwangi', 173),
	(256, ' Karangtengah', 173),
	(257, ' Kersamanah', 173),
	(258, ' Tarogong Kaler', 173),
	(259, ' Tarogong Kidul', 173),
	(260, ' Cigedug', 173),
	(261, ' Sucinaraja', 173),
	(262, ' Pangatikan', 173),
	(263, ' Cipatujah', 182),
	(264, ' Karangnunggal', 182),
	(265, ' Cikalong', 182),
	(266, ' Panca Tengah', 182),
	(267, ' Cikatomas', 182),
	(268, ' Cibalong', 182),
	(269, ' Bantarkalong', 182),
	(270, ' Bojong Gambir', 182),
	(271, ' Sodonghilir', 182),
	(272, ' Taraju', 182),
	(273, ' Salawu', 182),
	(274, ' Tanjungjaya', 182),
	(275, ' Sukaraja', 182),
	(276, ' Salopa', 182),
	(277, ' Cineam', 182),
	(278, ' Manonjaya', 182),
	(279, ' Singaparna', 182),
	(280, ' Cigalontang', 182),
	(281, ' Leuwisari', 182),
	(282, ' Cisayong', 182),
	(283, ' Rajapolah', 182),
	(284, ' Jamanis', 182),
	(285, ' Ciawi', 182),
	(286, ' Pagerageung', 182),
	(287, ' Parung Ponteng', 182),
	(288, ' Sariwangi', 182),
	(289, ' Sukaratu', 182),
	(290, ' Sukarame', 182),
	(291, ' Bojong Asih', 182),
	(292, ' Culamega', 182),
	(293, ' Puspahiang', 182),
	(294, ' Jatiwaras', 182),
	(295, ' Mangunreja', 182),
	(296, ' Gunung Tanjung', 182),
	(297, ' Karang Jaya', 182),
	(298, ' Pada Kembang', 182),
	(299, ' Sukahening', 182),
	(300, ' Kadipaten', 182),
	(301, ' Sukaresik', 182),
	(302, ' Cimerak', 170),
	(303, ' Cijulang', 170),
	(304, ' Cigugur', 170),
	(305, ' Langkaplancar', 170),
	(306, ' Parigi', 170),
	(307, ' Sidamulih', 170),
	(308, ' Pangandaran', 170),
	(309, ' Kalipucang', 170),
	(310, ' Padaherang', 170),
	(311, ' Banjarsari', 170),
	(312, ' Lakbok', 170),
	(313, ' Pamarican', 170),
	(314, ' Cidolog', 170),
	(315, ' Cimaragas', 170),
	(316, ' Cijeungjing', 170),
	(317, ' Cisaga', 170),
	(318, ' Tambaksari', 170),
	(319, ' Rancah', 170),
	(320, ' Rajadesa', 170),
	(321, ' Sukadana', 170),
	(322, ' Ciamis', 170),
	(323, ' Cikoneng', 170),
	(324, ' Cihaurbeuti', 170),
	(325, ' Sadananya', 170),
	(326, ' Cipaku', 170),
	(327, ' Jatinagara', 170),
	(328, ' Panawangan', 170),
	(329, ' Kawali', 170),
	(330, ' Panjalu', 170),
	(331, ' Panumbangan', 170),
	(332, ' Sindangkasih', 170),
	(333, ' Baregbeg', 170),
	(334, ' Panjalu Utara/Sukamantri', 170),
	(335, ' Lumbung', 170),
	(336, ' Purwadadi', 170),
	(337, ' Mangunjaya', 170),
	(338, ' Darma', 176),
	(339, ' Kadugede', 176),
	(340, ' Ciniru', 176),
	(341, ' Selajambe', 176),
	(342, ' Subang', 176),
	(343, ' Ciwaru', 176),
	(344, ' Cibingbin', 176),
	(345, ' Luragung', 176),
	(346, ' Cidahu', 176),
	(347, ' Ciawigebang', 176),
	(348, ' Lebakwangi', 176),
	(349, ' Garawangi', 176),
	(350, ' Kuningan', 176),
	(351, ' Cigugur', 176),
	(352, ' Kramatmulya', 176),
	(353, ' Jalaksana', 176),
	(354, ' Cilimus', 176),
	(355, ' Mandirancan', 176),
	(356, ' Pasawahan', 176),
	(357, ' Pancalang', 176),
	(358, ' Cipicung', 176),
	(359, ' Kalimanggis', 176),
	(360, ' Japara', 176),
	(361, ' Karangkancana', 176),
	(362, ' Nusaherang', 176),
	(363, ' Cilebak', 176),
	(364, ' Hantara', 176),
	(365, ' Cimahi', 176),
	(366, ' Cibeureum', 176),
	(367, ' Sindang Agung', 176),
	(368, ' Maleber', 176),
	(369, ' Ciganda Mekar', 176),
	(370, ' Lemahsugih', 177),
	(371, ' Bantarujeg', 177),
	(372, ' Cikijing', 177),
	(373, ' Talaga', 177),
	(374, ' Argapura', 177),
	(375, ' Maja', 177),
	(376, ' Majalengka', 177),
	(377, ' Cigasong', 177),
	(378, ' Sukahaji', 177),
	(379, ' Rajagaluh', 177),
	(380, ' Sindangwangi', 177),
	(381, ' Leuwimunding', 177),
	(382, ' Palasah', 177),
	(383, ' Jatiwangi', 177),
	(384, ' Dawuan', 177),
	(385, ' Panyingkiran', 177),
	(386, ' Kadipaten', 177),
	(387, ' Kertajati', 177),
	(388, ' Jatitujuh', 177),
	(389, ' Ligung', 177),
	(390, ' Sumberjaya', 177),
	(391, ' Banjaran', 177),
	(392, ' Cingambul', 177),
	(393, ' Mala usma', 177),
	(394, ' Sindang', 177),
	(395, ' Kasokandel', 177),
	(396, ' Waled', 172),
	(397, ' Ciledug', 172),
	(398, ' Losari', 172),
	(399, ' Babakan', 172),
	(400, ' Karang Sembung', 172),
	(401, ' Lemah Abang', 172),
	(402, ' Sedong', 172),
	(403, ' Astana Japura', 172),
	(404, ' Mundu', 172),
	(405, ' Beber', 172),
	(406, ' Sumber', 172),
	(407, ' Palimanan', 172),
	(408, ' Plumbon', 172),
	(409, ' Weru', 172),
	(410, ' Kapetakan', 172),
	(411, ' Klangenan', 172),
	(412, ' Arjawinangun', 172),
	(413, ' Ciwaringin', 172),
	(414, ' Susukan', 172),
	(415, ' Gegesik', 172),
	(416, ' Susukan Lebak', 172),
	(417, ' Pabedilan', 172),
	(418, ' Dukupuntang', 172),
	(419, ' Panguragan', 172),
	(420, ' Kaliwedi', 172),
	(421, ' Pangenan', 172),
	(422, ' Gebang', 172),
	(423, ' Depok', 172),
	(424, ' Kedawung', 172),
	(425, ' Karang Wereng', 172),
	(426, ' Talun', 172),
	(427, ' Gunung Jati', 172),
	(428, ' Pasaleman', 172),
	(429, ' Pabuaran', 172),
	(430, ' Tengah Tani', 172),
	(431, ' Plered', 172),
	(432, ' Gempol', 172),
	(433, ' Greged', 172),
	(434, ' Suranenggala', 172),
	(435, ' Jamblang', 172),
	(436, ' Haurgeulis', 174),
	(437, ' Kroya', 174),
	(438, ' Gabuswetan', 174),
	(439, ' Cikedung', 174),
	(440, ' Lelea', 174),
	(441, ' Bangodua', 174),
	(442, ' Widasari', 174),
	(443, ' Kertasemaya', 174),
	(444, ' Krangkeng', 174),
	(445, ' Karangampel', 174),
	(446, ' Juntinyuat', 174),
	(447, ' Sliyeg', 174),
	(448, ' Jatibarang', 174),
	(449, ' Balongan', 174),
	(450, ' Indramayu', 174),
	(451, ' Sindang', 174),
	(452, ' Lohbener', 174),
	(453, ' Losarang', 174),
	(454, ' Kandanghaur', 174),
	(455, ' Bongas', 174),
	(456, ' Anjatan', 174),
	(457, ' Sukra', 174),
	(458, ' Arahan', 174),
	(459, ' Cantigi', 174),
	(460, ' Gantar', 174),
	(461, ' Terisi', 174),
	(462, ' Sukagumiwang', 174),
	(463, ' Kedokan Bunder', 174),
	(464, ' Pasekan', 174),
	(465, ' Tukdana', 174),
	(466, ' Patrol', 174),
	(467, ' Sagalaherang', 179),
	(468, ' Jalancagak', 179),
	(469, ' Cisalak', 179),
	(470, ' Tanjung Siang', 179),
	(471, ' Cijambe', 179),
	(472, ' Cibogo', 179),
	(473, ' Subang', 179),
	(474, ' Kalijati', 179),
	(475, ' Cipeundeuy', 179),
	(476, ' Pabuaran', 179),
	(477, ' Patokbeusi', 179),
	(478, ' Purwadadi', 179),
	(479, ' Cikaum', 179),
	(480, ' Pagaden', 179),
	(481, ' Cipunagara', 179),
	(482, ' Compreng', 179),
	(483, ' Binong', 179),
	(484, ' Ciasem', 179),
	(485, ' Pamanukan', 179),
	(486, ' Pusakanagara', 179),
	(487, ' Legon Kulon', 179),
	(488, ' Blanakan', 179),
	(489, ' Dawuan', 179),
	(490, ' Serang Panjang', 179),
	(491, ' Kasomalang', 179),
	(492, ' Tambakdahan', 179),
	(493, ' Pagaden Barat', 179),
	(494, ' Pusakajaya', 179),
	(495, ' Ciater', 179),
	(496, ' Sukasari', 179),
	(497, ' Jatiluhur', 178),
	(498, ' Maniis', 178),
	(499, ' Tegalwaru', 178),
	(500, ' Plered', 178),
	(501, ' Sukatani', 178),
	(502, ' Darangdan', 178),
	(503, ' Bojong', 178),
	(504, ' Wanayasa', 178),
	(505, ' Pasawahan', 178),
	(506, ' Purwakarta', 178),
	(507, ' Campaka', 178),
	(508, ' Sukasari', 178),
	(509, ' Kiarapedes', 178),
	(510, ' Babakancikao', 178),
	(511, ' Cibatu', 178),
	(512, ' Bungursari', 178),
	(513, ' Pondok Salam', 178),
	(514, ' Pangkalan', 175),
	(515, ' Ciampel', 175),
	(516, ' Klari', 175),
	(517, ' Cikampek', 175),
	(518, ' Tirtamulya', 175),
	(519, ' Jatisari', 175),
	(520, ' Lemahabang', 175),
	(521, ' Telagasari', 175),
	(522, ' Karawang', 175),
	(523, ' Rawamerta', 175),
	(524, ' Tempuran', 175),
	(525, ' Kutawaluya', 175),
	(526, ' Rengasdengklok', 175),
	(527, ' Pedes', 175),
	(528, ' Cibuaya', 175),
	(529, ' Tirtajaya', 175),
	(530, ' Batujaya', 175),
	(531, ' Pakisjaya', 175),
	(532, ' Majalaya', 175),
	(533, ' Jayakerta', 175),
	(534, ' Cilamaya Kulon', 175),
	(535, ' Banyusari', 175),
	(536, ' Kotabaru', 175),
	(537, ' Cilamaya Wetan', 175),
	(538, ' Purwasari', 175),
	(539, ' Teluk Jambe Barat', 175),
	(540, ' Teluk Jambe Timur', 175),
	(541, ' Karawang Timur', 175),
	(542, ' Tegalwaru', 175),
	(543, ' Cilebar', 175),
	(544, ' Karawang Barat', 175),
	(545, ' Setu', 168),
	(546, ' Cibarusah', 168),
	(547, ' Kedung Waringin', 168),
	(548, ' Cibitung', 168),
	(549, ' Bebelan', 168),
	(550, ' Taruma Jaya', 168),
	(551, ' Tembelang', 168),
	(552, ' Sukatani', 168),
	(553, ' Pebayuran', 168),
	(554, ' Cabangbungin', 168),
	(555, ' Muara Gembong', 168),
	(556, ' Tambun Selatan', 168),
	(557, ' Tambun Utara', 168),
	(558, ' Cikarang Barat', 168),
	(559, ' Karang Bahagia', 168),
	(560, ' Cikarang Utara', 168),
	(561, ' Cikarang Selatan', 168),
	(562, ' Cikarang Timur', 168),
	(563, ' Bojong Mangu', 168),
	(564, ' Cikarang Pusat', 168),
	(565, ' Sukakarya', 168),
	(566, ' Sukawangi', 168),
	(567, ' Serang Baru', 168),
	(568, ' Rongga', 167),
	(569, ' Gununghalu', 167),
	(570, ' Sindangkerta', 167),
	(571, ' Cililin', 167),
	(572, ' Cihampelas', 167),
	(573, ' Cipongkor', 167),
	(574, ' Batujajar', 167),
	(575, ' Cipatat', 167),
	(576, ' Padalarang', 167),
	(577, ' Ngamprah', 167),
	(578, ' Parongpong', 167),
	(579, ' Lembang', 167),
	(580, ' Cisarua', 167),
	(581, ' Cikalong Wetan', 167),
	(582, ' Cipeundeuy', 167),
	(583, ' Bandung Kulon', 183),
	(584, ' Babakan Ciparay', 183),
	(585, ' Bojong Loa Kaler', 183),
	(586, ' Bojong Loa Kidul', 183),
	(587, ' Astananyar', 183),
	(588, ' Regol', 183),
	(589, ' Lengkong', 183),
	(590, ' Bandung Kidul', 183),
	(591, ' Buah Batu', 183),
	(592, ' Rancasari', 183),
	(593, ' Cibiru', 183),
	(594, ' Ujungberung', 183),
	(595, ' Arcamanik', 183),
	(596, ' Cicadas', 183),
	(597, ' Kiaracondong', 183),
	(598, ' Batununggal', 183),
	(599, ' Sumur Bandung', 183),
	(600, ' Andir', 183),
	(601, ' Cicendo', 183),
	(602, ' Bandung Wetan', 183),
	(603, ' Cibeunying Kidul', 183),
	(604, ' Cibeunying Kaler', 183),
	(605, ' Coblong', 183),
	(606, ' Sukajadi', 183),
	(607, ' Sukasari', 183),
	(608, ' Cidadap', 183),
	(609, ' Gedebage', 183),
	(610, ' Panyileukan', 183),
	(611, ' Cinambo', 183),
	(612, ' Mandalajati', 183),
	(613, ' Antapani', 183),
	(614, ' Kota Bogor Selatan', 186),
	(615, ' Kota Bogor Timur', 186),
	(616, ' Kota Bogor Utara', 186),
	(617, ' Kota Bogor Tengah', 186),
	(618, ' Kota Bogor Barat', 186),
	(619, ' Tanah Sereal', 186),
	(620, ' Baros', 190),
	(621, ' Citamiang', 190),
	(622, ' Warudoyong', 190),
	(623, ' Gunung Puyuh', 190),
	(624, ' Cikole', 190),
	(625, ' Lembur Situ', 190),
	(626, ' Cibeureum', 190),
	(627, ' Harjamukti', 188),
	(628, ' Lemahwungkuk', 188),
	(629, ' Pekalipan', 188),
	(630, ' Kesambi', 188),
	(631, ' Kejaksan', 188),
	(632, ' Pondokgede', 185),
	(633, ' Jatiasih', 185),
	(634, ' Bantargebang', 185),
	(635, ' Bekasi Timur', 185),
	(636, ' Bekasi Selatan', 185),
	(637, ' Bekasi Barat', 185),
	(638, ' Bekasi Utara', 185),
	(639, ' Jati Sampurna', 185),
	(640, ' Medan Satria', 185),
	(641, ' Rawalumbu', 185),
	(642, ' Mustika Jaya', 185),
	(643, ' Pondok Melati', 185),
	(644, ' Sawangan', 189),
	(645, ' Pancoran Mas', 189),
	(646, ' Sukmajaya', 189),
	(647, ' Cimanggis', 189),
	(648, ' Beji', 189),
	(649, ' Limo', 189),
	(650, ' Cimahi Selatan', 187),
	(651, ' Cimahi Tengah', 187),
	(652, ' Cimahi Utara', 187),
	(653, ' Cibeureum', 191),
	(654, ' Tamansari', 191),
	(655, ' Kawalu', 191),
	(656, ' Mangkubumi', 191),
	(657, ' Indihiang', 191),
	(658, ' Cipedes', 191),
	(659, ' Cihideung', 191),
	(660, ' Tawang', 191),
	(661, ' Purbaratu', 191),
	(662, ' Bungursari', 191),
	(663, ' Banjar', 184),
	(664, ' Purwaharja', 184),
	(665, ' Pataruman', 184),
	(666, ' Langensari', 184),
	(667, ' Sumur', 153),
	(668, ' Cimanggu', 153),
	(669, ' Cibaliung', 153),
	(670, ' Cikeusik', 153),
	(671, ' Cigeulis', 153),
	(672, ' Panimbang', 153),
	(673, ' Munjul', 153),
	(674, ' Picung', 153),
	(675, ' Bojong', 153),
	(676, ' Saketi', 153),
	(677, ' Pagelaran', 153),
	(678, ' Labuan', 153),
	(679, ' Jiput', 153),
	(680, ' Menes', 153),
	(681, ' Mandalawangi', 153),
	(682, ' Cimanuk', 153),
	(683, ' Banjar', 153),
	(684, ' Pandeglang', 153),
	(685, ' Cadasari', 153),
	(686, ' Angsana', 153),
	(687, ' Karang Tanjung', 153),
	(688, ' Kaduhejo', 153),
	(689, ' Cikedal', 153),
	(690, ' Cipeucang', 153),
	(691, ' Cisata', 153),
	(692, ' Patia', 153),
	(693, ' Carita', 153),
	(694, ' Sukaresmi', 153),
	(695, ' Mekarjaya', 153),
	(696, ' Sindangresmi', 153),
	(697, ' Pulosari', 153),
	(698, ' Koroncong', 153),
	(699, ' Cibitung', 153),
	(700, ' Majasari', 153),
	(701, ' Malingping', 152),
	(702, ' Panggarangan', 152),
	(703, ' Bayah', 152),
	(704, ' Cibeber', 152),
	(705, ' Cijaku', 152),
	(706, ' Banjarsari', 152),
	(707, ' Cileles', 152),
	(708, ' Gunung Kencana', 152),
	(709, ' Leuwidamar', 152),
	(710, ' Muncang', 152),
	(711, ' Cipanas', 152),
	(712, ' Sajira', 152),
	(713, ' Cimarga', 152),
	(714, ' Cikulur', 152),
	(715, ' Warung Gunung', 152),
	(716, ' Cibadak', 152),
	(717, ' Rangkasbitung', 152),
	(718, ' Maja', 152),
	(719, ' Curug Bitung', 152),
	(720, ' Sobang', 152),
	(721, ' Wanasalam', 152),
	(722, ' Cilograng', 152),
	(723, ' Bojongmanik', 152),
	(724, ' Karanganyar', 152),
	(725, ' Lebakgedong', 152),
	(726, ' Cihara', 152),
	(727, ' Cirinten', 152),
	(728, ' Cigemblong', 152),
	(729, ' Cisoka', 155),
	(730, ' Tiga Raksa', 155),
	(731, ' Cikupa', 155),
	(732, ' Panongan', 155),
	(733, ' Curug', 155),
	(734, ' Legok', 155),
	(735, ' Pagedangan', 155),
	(736, ' Pasar Kemis', 155),
	(737, ' Balaraja', 155),
	(738, ' Kresek', 155),
	(739, ' Kronjo', 155),
	(740, ' Mauk', 155),
	(741, ' Rajeg', 155),
	(742, ' Sepatan', 155),
	(743, ' Pakuhaji', 155),
	(744, ' Teluk Naga', 155),
	(745, ' Kosambi', 155),
	(746, ' Jayanti', 155),
	(747, ' Jambe', 155),
	(748, ' Cisauk', 155),
	(749, ' Kemeri', 155),
	(750, ' Sukadiri', 155),
	(751, ' Sukamulya', 155),
	(752, ' Kelapa Dua', 155),
	(753, ' Sindang Jaya', 155),
	(754, ' Sepatan Timur', 155),
	(755, ' Solear', 155),
	(756, ' Gunung Kaler', 155),
	(757, ' Mekar Baru', 155),
	(758, ' Cinangka', 157),
	(759, ' Padarincang', 157),
	(760, ' Ciomas', 157),
	(761, ' Pabuaran', 157),
	(762, ' Baros', 157),
	(763, ' Petir', 157),
	(764, ' Cikeusal', 157),
	(765, ' Pamarayan', 157),
	(766, ' Jawilan', 157),
	(767, ' Kopo', 157),
	(768, ' Cikande', 157),
	(769, ' Kragilan', 157),
	(770, ' Serang', 157),
	(771, ' Waringinkurung', 157),
	(772, ' Mancak', 157),
	(773, ' Anyar', 157),
	(774, ' Bojonegara', 157),
	(775, ' Kramatwatu', 157),
	(776, ' Ciruas', 157),
	(777, ' Pontang', 157),
	(778, ' Carenang', 157),
	(779, ' Tirtayasa', 157),
	(780, ' Tunjung Teja', 157),
	(781, ' Kibin', 157),
	(782, ' Pulo Ampel', 157),
	(783, ' Binuang', 157),
	(784, ' Tanara', 157),
	(785, ' Gunung Sari', 157),
	(786, ' Bandung', 157),
	(787, ' Ciwandan', 156),
	(788, ' Pulomerak', 156),
	(789, ' Cilegon', 156),
	(790, ' Cibeber', 156),
	(791, ' Gerogol', 156),
	(792, ' Purwakarta', 156),
	(793, ' Jombang', 156),
	(794, ' Citangkil', 156),
	(795, ' Ciledug', 158),
	(796, ' Cipondoh', 158),
	(797, ' Tangerang', 158),
	(798, ' Jati Uwung', 158),
	(799, ' Batuceper', 158),
	(800, ' Benda', 158),
	(801, ' Larangan', 158),
	(802, ' Karang Tengah', 158),
	(803, ' Pinang', 158),
	(804, ' Karawaci', 158),
	(805, ' Cibodas', 158),
	(806, ' Periuk', 158),
	(807, ' Neglasari', 158),
	(808, ' Cipocok Jaya', 157),
	(809, ' Curug', 157),
	(810, ' Kasemen', 157),
	(811, ' Serang', 157),
	(812, ' Taktakan', 157),
	(813, ' Walantaka', 157),
	(814, ' Ciputat', 159),
	(815, ' Ciputat Timur', 159),
	(816, ' Pamulang', 159),
	(817, ' Pondok Aren', 159),
	(818, ' Serpong', 159),
	(819, ' Serpong Utara', 159),
	(820, ' Setu', 159),
	(821, ' Dayeuhluhur', 198),
	(822, ' Wanareja', 198),
	(823, ' Majenang', 198),
	(824, ' Cimanggu', 198),
	(825, ' Karangpucung', 198),
	(826, ' Cipari', 198),
	(827, ' Sidareja', 198),
	(828, ' Kedungreja', 198),
	(829, ' Patimuan', 198),
	(830, ' Gandrungmangu', 198),
	(831, ' Bantarsari', 198),
	(832, ' Kawunganten', 198),
	(833, ' Kampung Laut', 198),
	(834, ' Jeruklegi', 198),
	(835, ' Kesugihan', 198),
	(836, ' Adipala', 198),
	(837, ' Maos', 198),
	(838, ' Sampang', 198),
	(839, ' Kroya', 198),
	(840, ' Binangun', 198),
	(841, ' Nusawungu', 198),
	(842, ' Cilacap Selatan', 198),
	(843, ' Cilacap Tengah', 198),
	(844, ' Cilacap Utara', 198),
	(845, ' Lumbir', 193),
	(846, ' Wangon', 193),
	(847, ' Jatilawang', 193),
	(848, ' Rawalo', 193),
	(849, ' Kebasen', 193),
	(850, ' Kemranjen', 193),
	(851, ' Sumpiuh', 193),
	(852, ' Tambak', 193),
	(853, ' Somagede', 193),
	(854, ' Kalibagor', 193),
	(855, ' Banyumas', 193),
	(856, ' Patikraja', 193),
	(857, ' Purwojati', 193),
	(858, ' Ajibarang', 193),
	(859, ' Gumelar', 193),
	(860, ' Pekuncen', 193),
	(861, ' Cilongok', 193),
	(862, ' Karanglewas', 193),
	(863, ' Kedung Banteng', 193),
	(864, ' Baturaden', 193),
	(865, ' Sumbang', 193),
	(866, ' Kembaran', 193),
	(867, ' Sokaraja', 193),
	(868, ' Purwokerto Selatan', 193),
	(869, ' Purwokerto Barat', 193),
	(870, ' Purwokerto Timur', 193),
	(871, ' Purwokerto Utara', 193),
	(872, ' Kemangkon', 212),
	(873, ' Bukateja', 212),
	(874, ' Kejobong', 212),
	(875, ' Pengadegan', 212),
	(876, ' Kaligondang', 212),
	(877, ' Purbalingga', 212),
	(878, ' Kalimanah', 212),
	(879, ' Padamara', 212),
	(880, ' Kutasari', 212),
	(881, ' Bojongsari', 212),
	(882, ' Mrebet', 212),
	(883, ' Bobotsari', 212),
	(884, ' Karangreja', 212),
	(885, ' Karanganyar', 212),
	(886, ' Karangmoncol', 212),
	(887, ' Rembang', 212),
	(888, ' Karangjambu', 212),
	(889, ' Kertanegara', 212),
	(890, ' Susukan', 192),
	(891, ' Purworejo/ Klampok', 192),
	(892, ' Mandiraja', 192),
	(893, ' Purwonegara', 192),
	(894, ' Bawang', 192),
	(895, ' Banjarnegara', 192),
	(896, ' Sigaluh', 192),
	(897, ' Madukara', 192),
	(898, ' Banjarmangu', 192),
	(899, ' Wanadadi', 192),
	(900, ' Rakit', 192),
	(901, ' Punggelan', 192),
	(902, ' Karangkobar', 192),
	(903, ' Pagentan', 192),
	(904, ' Pejawaran', 192),
	(905, ' Batur', 192),
	(906, ' Wanayasa', 192),
	(907, ' Kalibening', 192),
	(908, ' Pandan Arum', 192),
	(909, ' Pagedongan', 192),
	(910, ' Ayah', 203),
	(911, ' Buayan', 203),
	(912, ' Puring', 203),
	(913, ' Petanahan', 203),
	(914, ' Klirong', 203),
	(915, ' Bulupesantren', 203),
	(916, ' Ambal', 203),
	(917, ' Mirit', 203),
	(918, ' Prembun', 203),
	(919, ' Kutowinangun', 203),
	(920, ' Alian', 203),
	(921, ' Kebumen', 203),
	(922, ' Pejagoan', 203),
	(923, ' Sruweng', 203),
	(924, ' Adimulyo', 203),
	(925, ' Kuwarasan', 203),
	(926, ' Rowokele', 203),
	(927, ' Sempor', 203),
	(928, ' Gombong', 203),
	(929, ' Karanganyar', 203),
	(930, ' Karangganyam', 203),
	(931, ' Sadang', 203),
	(932, ' Bonorowo', 203),
	(933, ' Padureso', 203),
	(934, ' Poncowarno', 203),
	(935, ' Karangsambung', 203),
	(936, ' Grabag', 213),
	(937, ' Ngombol', 213),
	(938, ' Purwodadi', 213),
	(939, ' Bagelen', 213),
	(940, ' Kaligesing', 213),
	(941, ' Purworejo', 213),
	(942, ' Banyu Urip', 213),
	(943, ' Bayan', 213),
	(944, ' Kutoarjo', 213),
	(945, ' Butuh', 213),
	(946, ' Pituruh', 213),
	(947, ' Kemiri', 213),
	(948, ' Bruno', 213),
	(949, ' Gebang', 213),
	(950, ' Loano', 213),
	(951, ' Bener', 213),
	(952, ' Wadaslintang', 220),
	(953, ' Kepil', 220),
	(954, ' Sapuran', 220),
	(955, ' Kaliwiro', 220),
	(956, ' Leksono', 220),
	(957, ' Selomerto', 220),
	(958, ' Kalikajar', 220),
	(959, ' Kertek', 220),
	(960, ' Wonosobo', 220),
	(961, ' Watumalang', 220),
	(962, ' Mojotengah', 220),
	(963, ' Garung', 220),
	(964, ' Kejajar', 220),
	(965, ' Sukoharjo', 220),
	(966, ' Kalibawang', 220),
	(967, ' Salaman', 208),
	(968, ' Borobudur', 208),
	(969, ' Ngluwar', 208),
	(970, ' Salam', 208),
	(971, ' Srumbung', 208),
	(972, ' Dukun', 208),
	(973, ' Muntilan', 208),
	(974, ' Mungkid', 208),
	(975, ' Sawangan', 208),
	(976, ' Candimulyo', 208),
	(977, ' Martoyudan', 208),
	(978, ' Tempuran', 208),
	(979, ' Kajoran', 208),
	(980, ' Kaliangkrik', 208),
	(981, ' Bandongan', 208),
	(982, ' Windusari', 208),
	(983, ' Secang', 208),
	(984, ' Tegalrejo', 208),
	(985, ' Pakis', 208),
	(986, ' Grabag', 208),
	(987, ' Ngablak', 208),
	(988, ' Selo', 196),
	(989, ' Ampel', 196),
	(990, ' Cepogo', 196),
	(991, ' Musuk', 196),
	(992, ' Boyolali', 196),
	(993, ' Mojosongo', 196),
	(994, ' Teras', 196),
	(995, ' Sawit', 196),
	(996, ' Banyudono', 196),
	(997, ' Sambi', 196),
	(998, ' Ngemplak', 196),
	(999, ' Nogosari', 196),
	(1000, ' Simo', 196),
	(1001, ' Karanggede', 196),
	(1002, ' Klego', 196),
	(1003, ' Andong', 196),
	(1004, ' Kemusu', 196),
	(1005, ' Wonosegoro', 196),
	(1006, ' Juwangi', 196),
	(1007, ' Prambanan', 205),
	(1008, ' Gantiwarno', 205),
	(1009, ' Wedi', 205),
	(1010, ' Bayat', 205),
	(1011, ' Cawas', 205),
	(1012, ' Trucuk', 205),
	(1013, ' Kalikotes', 205),
	(1014, ' Kebonarum', 205),
	(1015, ' Jogonalan', 205),
	(1016, ' Manisrenggo', 205),
	(1017, ' Karangnongko', 205),
	(1018, ' Ngawen', 205),
	(1019, ' Ceper', 205),
	(1020, ' Pedan', 205),
	(1021, ' Karangdowo', 205),
	(1022, ' Juwiring', 205),
	(1023, ' Wonosari', 205),
	(1024, ' Delanggu', 205),
	(1025, ' Polanharjo', 205),
	(1026, ' Karanganom', 205),
	(1027, ' Tulung', 205),
	(1028, ' Jatinom', 205),
	(1029, ' Kemalang', 205),
	(1030, ' Klaten Selatan', 205),
	(1031, ' Klaten Tengah', 205),
	(1032, ' Klaten Utara', 205),
	(1033, ' Weru', 217),
	(1034, ' Bulu', 217),
	(1035, ' Tawangsari', 217),
	(1036, ' Sukoharjo', 217),
	(1037, ' Nguter', 217),
	(1038, ' Bendosari', 217),
	(1039, ' Polokarto', 217),
	(1040, ' Mojolaban', 217),
	(1041, ' Grogol', 217),
	(1042, ' Baki', 217),
	(1043, ' Gatak', 217),
	(1044, ' Kartasura', 217),
	(1045, ' Pracimantoro', 219),
	(1046, ' Paranggupito', 219),
	(1047, ' Giritontro', 219),
	(1048, ' Giriwoyo', 219),
	(1049, ' Batuwarno', 219),
	(1050, ' Karangtengah', 219),
	(1051, ' Tirtomoyo', 219),
	(1052, ' Nguntoronadi', 219),
	(1053, ' Baturetno', 219),
	(1054, ' Eromoko', 219),
	(1055, ' Wuryantoro', 219),
	(1056, ' Manyaran', 219),
	(1057, ' Selogiri', 219),
	(1058, ' Wonogiri', 219),
	(1059, ' Ngadirojo', 219),
	(1060, ' Sidoharjo', 219),
	(1061, ' Jatiroto', 219),
	(1062, ' Kismantoro', 219),
	(1063, ' Purwantoro', 219),
	(1064, ' Bulukerto', 219),
	(1065, ' Slogohimo', 219),
	(1066, ' Jatisrono', 219),
	(1067, ' Jatipurno', 219),
	(1068, ' Girimarto', 219),
	(1069, ' Puhpelem', 219),
	(1070, ' Jatipuro', 202),
	(1071, ' Jatiyoso', 202),
	(1072, ' Jumapolo', 202),
	(1073, ' Jumantono', 202),
	(1074, ' Matesih', 202),
	(1075, ' Tawangmangu', 202),
	(1076, ' Ngargoyoso', 202),
	(1077, ' Karangpandan', 202),
	(1078, ' Karanganyar', 202),
	(1079, ' Tasikmadu', 202),
	(1080, ' Jaten', 202),
	(1081, ' Colomadu', 202),
	(1082, ' Gondangrejo', 202),
	(1083, ' Kebakkramat', 202),
	(1084, ' Mojogedang', 202),
	(1085, ' Kerjo', 202),
	(1086, ' Jenawi', 202),
	(1087, ' Kalijambe', 216),
	(1088, ' Plupuh', 216),
	(1089, ' Masaran', 216),
	(1090, ' Kedawung', 216),
	(1091, ' Sambirejo', 216),
	(1092, ' Gondang', 216),
	(1093, ' Sambung Macan', 216),
	(1094, ' Ngrampal', 216),
	(1095, ' Karangmalang', 216),
	(1096, ' Sragen', 216),
	(1097, ' Sidoharjo', 216),
	(1098, ' Tanon', 216),
	(1099, ' Gemolong', 216),
	(1100, ' Miri', 216),
	(1101, ' Sumberlawang', 216),
	(1102, ' Mondokan', 216),
	(1103, ' Sukodono', 216),
	(1104, ' Gesi', 216),
	(1105, ' Tangen', 216),
	(1106, ' Jenar', 216),
	(1107, ' Kedungjati', 200),
	(1108, ' Karangrayung', 200),
	(1109, ' Penawangan', 200),
	(1110, ' Toroh', 200),
	(1111, ' Geyer', 200),
	(1112, ' Pulokulon', 200),
	(1113, ' Kradenan', 200),
	(1114, ' Gabus', 200),
	(1115, ' Ngaringan', 200),
	(1116, ' Wirosari', 200),
	(1117, ' Tawangharjo', 200),
	(1118, ' Grobogan', 200),
	(1119, ' Purwodadi', 200),
	(1120, ' Brati', 200),
	(1121, ' Klambu', 200),
	(1122, ' Godong', 200),
	(1123, ' Gubug', 200),
	(1124, ' Tegowanu', 200),
	(1125, ' Tanggungharjo', 200),
	(1126, ' Jati', 195),
	(1127, ' Randublatung', 195),
	(1128, ' Kradenan', 195),
	(1129, ' Kedungtuban', 195),
	(1130, ' Cepu', 195),
	(1131, ' Sambong', 195),
	(1132, ' Jiken', 195),
	(1133, ' Bogorejo', 195),
	(1134, ' Jepon', 195),
	(1135, ' Kota Blora', 195),
	(1136, ' Banjarejo', 195),
	(1137, ' Tunjungan', 195),
	(1138, ' Japah', 195),
	(1139, ' Ngawen', 195),
	(1140, ' Kunduran', 195),
	(1141, ' Todanan', 195),
	(1142, ' Sumber', 214),
	(1143, ' Bulu', 214),
	(1144, ' Gunem', 214),
	(1145, ' Sale', 214),
	(1146, ' Sarang', 214),
	(1147, ' Sedan', 214),
	(1148, ' Pamotan', 214),
	(1149, ' Sulang', 214),
	(1150, ' Kaliori', 214),
	(1151, ' Rembang', 214),
	(1152, ' Pancur', 214),
	(1153, ' Kragan', 214),
	(1154, ' Sluke', 214),
	(1155, ' Lasem', 214),
	(1156, ' Sukolilo', 209),
	(1157, ' Kayen', 209),
	(1158, ' Tambakromo', 209),
	(1159, ' Winong', 209),
	(1160, ' Pucakwangi', 209),
	(1161, ' Jaken', 209),
	(1162, ' Batangan', 209),
	(1163, ' Juwana', 209),
	(1164, ' Jakenan', 209),
	(1165, ' Pati', 209),
	(1166, ' Gabus', 209),
	(1167, ' Margorejo', 209),
	(1168, ' Gembong', 209),
	(1169, ' Tlogowungu', 209),
	(1170, ' Wedarijaksa', 209),
	(1171, ' Trangkil', 209),
	(1172, ' Margoyoso', 209),
	(1173, ' Gunung Wungkal', 209),
	(1174, ' Cluwak', 209),
	(1175, ' Tayu', 209),
	(1176, ' Dukuhseti', 209),
	(1177, ' Kaliwungu', 207),
	(1178, ' Kota Kudus', 207),
	(1179, ' Jati', 207),
	(1180, ' Undaan', 207),
	(1181, ' Mejobo', 207),
	(1182, ' Jekulo', 207),
	(1183, ' Bae', 207),
	(1184, ' Gebog', 207),
	(1185, ' Dawe', 207),
	(1186, ' Kedung', 201),
	(1187, ' Pecangaan', 201),
	(1188, ' Welahan', 201),
	(1189, ' Mayong', 201),
	(1190, ' Nalumsari', 201),
	(1191, ' Batealit', 201),
	(1192, ' Tahunan', 201),
	(1193, ' Jepara', 201),
	(1194, ' Mlonggo', 201),
	(1195, ' Bangsri', 201),
	(1196, ' Keling', 201),
	(1197, ' Karimunjawa', 201),
	(1198, ' Kalinyamatan', 201),
	(1199, ' Kembang', 201),
	(1200, ' Donorojo', 201),
	(1201, ' Mranggen', 199),
	(1202, ' Karangawen', 199),
	(1203, ' Guntur', 199),
	(1204, ' Sayung', 199),
	(1205, ' Karang Tengah', 199),
	(1206, ' Bonang', 199),
	(1207, ' Demak', 199),
	(1208, ' Wonosalam', 199),
	(1209, ' Dempet', 199),
	(1210, ' Gajah', 199),
	(1211, ' Karanganyar', 199),
	(1212, ' Mijen', 199),
	(1213, ' Wedung', 199),
	(1214, ' Kebonagung', 199),
	(1215, ' Getasan', 215),
	(1216, ' Tengaran', 215),
	(1217, ' Susukan', 215),
	(1218, ' Suruh', 215),
	(1219, ' Pabelan', 215),
	(1220, ' Tuntang', 215),
	(1221, ' Banyubiru', 215),
	(1222, ' Jambu', 215),
	(1223, ' Sumowono', 215),
	(1224, ' Ambarawa', 215),
	(1225, ' Bawen', 215),
	(1226, ' Bringin', 215),
	(1227, ' Pringapus', 215),
	(1228, ' Bergas', 215),
	(1229, ' Ungaran Barat', 215),
	(1230, ' Ungaran Timur', 215),
	(1231, ' Kaliwungu', 215),
	(1232, ' Bancak', 215),
	(1233, ' Bandungan', 215),
	(1234, ' Parakan', 218),
	(1235, ' Bulu', 218),
	(1236, ' Temanggung', 218),
	(1237, ' Tembarak', 218),
	(1238, ' Kranggan', 218),
	(1239, ' Pringsurat', 218),
	(1240, ' Kaloran', 218),
	(1241, ' Kandangan', 218),
	(1242, ' Kedu', 218),
	(1243, ' Ngadirejo', 218),
	(1244, ' Jumo', 218),
	(1245, ' Candiroto', 218),
	(1246, ' Tretep', 218),
	(1247, ' Kledung', 218),
	(1248, ' Bansari', 218),
	(1249, ' Tlogomulyo', 218),
	(1250, ' Selopampang', 218),
	(1251, ' Gemawang', 218),
	(1252, ' Bejen', 218),
	(1253, ' Wonoboyo', 218),
	(1254, ' Plantungan', 204),
	(1255, ' Sukorejo', 204),
	(1256, ' Pegeruyung', 204),
	(1257, ' Patean', 204),
	(1258, ' Singorojo', 204),
	(1259, ' Limbangan', 204),
	(1260, ' Boja', 204),
	(1261, ' Kaliwungu', 204),
	(1262, ' Brangsong', 204),
	(1263, ' Pegandon', 204),
	(1264, ' Gemuh', 204),
	(1265, ' Waleri', 204),
	(1266, ' Rowosari', 204),
	(1267, ' Kangkung', 204),
	(1268, ' Cipiring', 204),
	(1269, ' Patebon', 204),
	(1270, ' Kota Kendal', 204),
	(1271, ' Ngampel', 204),
	(1272, ' Ringinarum', 204),
	(1273, ' Kaliwungu Selatan', 204),
	(1274, ' Wonotunggal', 194),
	(1275, ' Bandar', 194),
	(1276, ' Blado', 194),
	(1277, ' Reban', 194),
	(1278, ' Bawang', 194),
	(1279, ' Tersono', 194),
	(1280, ' Gringsing', 194),
	(1281, ' Limpung', 194),
	(1282, ' Subah', 194),
	(1283, ' Tulis', 194),
	(1284, ' Batang', 194),
	(1285, ' Warung Asem', 194),
	(1286, ' Banyuputih', 194),
	(1287, ' Pecalungan', 194),
	(1288, ' Kandeman', 194),
	(1289, ' Kandang Serang', 210),
	(1290, ' Peninggaran', 210),
	(1291, ' Lebakbarang', 210),
	(1292, ' Petungkriono', 210),
	(1293, ' Talun', 210),
	(1294, ' Doro', 210),
	(1295, ' Karanganyar', 210),
	(1296, ' Kajen', 210),
	(1297, ' Kesesi', 210),
	(1298, ' Sragi', 210),
	(1299, ' Bojong', 210),
	(1300, ' Wonopringgo', 210),
	(1301, ' Kedungwuni', 210),
	(1302, ' Buaran', 210),
	(1303, ' Tirto', 210),
	(1304, ' Wiradesa', 210),
	(1305, ' Siwalan', 210),
	(1306, ' Karangdadap', 210),
	(1307, ' Wonokerto', 210),
	(1308, ' Moga', 211),
	(1309, ' Pulosari', 211),
	(1310, ' Belik', 211),
	(1311, ' Watukumpul', 211),
	(1312, ' Bodeh', 211),
	(1313, ' Bantarbolang', 211),
	(1314, ' Randudongkel', 211),
	(1315, ' Pemalang', 211),
	(1316, ' Taman', 211),
	(1317, ' Petarukan', 211),
	(1318, ' Ampelgading', 211),
	(1319, ' Comal', 211),
	(1320, ' Ulujami', 211),
	(1321, ' Warungpring', 211),
	(1322, ' Margasari', 206),
	(1323, ' Bumijawa', 206),
	(1324, ' Bojong', 206),
	(1325, ' Balapulang', 206),
	(1326, ' Pagerbarang', 206),
	(1327, ' Lebaksiu', 206),
	(1328, ' Jatinegara', 206),
	(1329, ' Kedung Banteng', 206),
	(1330, ' Pangkah', 206),
	(1331, ' Slawi', 206),
	(1332, ' Dukuhwaru', 206),
	(1333, ' Adiwerna', 206),
	(1334, ' Dukuhturi', 206),
	(1335, ' Talang', 206),
	(1336, ' Tarub', 206),
	(1337, ' Kramat', 206),
	(1338, ' Suradadi', 206),
	(1339, ' Warureja', 206),
	(1340, ' Salem', 197),
	(1341, ' Bantarkawung', 197),
	(1342, ' Bumiayu', 197),
	(1343, ' Paguyangan', 197),
	(1344, ' Sirampog', 197),
	(1345, ' Tonjong', 197),
	(1346, ' Larangan', 197),
	(1347, ' Ketanggungan', 197),
	(1348, ' Banjarharjo', 197),
	(1349, ' Losari', 197),
	(1350, ' Tanjung', 197),
	(1351, ' Kersana', 197),
	(1352, ' Bulakamba', 197),
	(1353, ' Wanasari', 197),
	(1354, ' Songgom', 197),
	(1355, ' Jatibarang', 197),
	(1356, ' Brebes', 197),
	(1357, ' Magelang Selatan', 221),
	(1358, ' Magelang Utara', 221),
	(1359, ' Magelang Tengah', 221),
	(1360, ' Laweyan', 225),
	(1361, ' Serengan', 225),
	(1362, ' Pasarkliwon', 225),
	(1363, ' Jebres', 225),
	(1364, ' Banjarsari', 225),
	(1365, ' Argomulyo', 223),
	(1366, ' Tingkir', 223),
	(1367, ' Sidomukti', 223),
	(1368, ' Sidorejo', 223),
	(1369, ' Mijen', 224),
	(1370, ' Gunung Pati', 224),
	(1371, ' Banyumanik', 224),
	(1372, ' Gajah Mungkur', 224),
	(1373, ' Semarang Selatan', 224),
	(1374, ' Candisari', 224),
	(1375, ' Tembalang', 224),
	(1376, ' Pedurungan', 224),
	(1377, ' Genuk', 224),
	(1378, ' Gayamsari', 224),
	(1379, ' Semarang Timur', 224),
	(1380, ' Semarang Tengah', 224),
	(1381, ' Semarang Utara', 224),
	(1382, ' Semarang Barat', 224),
	(1383, ' Tugu', 224),
	(1384, ' Ngaliyan', 224),
	(1385, ' Pekalongan Barat', 222),
	(1386, ' Pekalongan Timur', 222),
	(1387, ' Pekalongan Selatan', 222),
	(1388, ' Pekalongan Utara', 222),
	(1389, ' Tegal Selatan', 226),
	(1390, ' Tegal Timur', 226),
	(1391, ' Tegal Barat', 226),
	(1392, ' Margadana', 226),
	(1393, ' Srandakan', 227),
	(1394, ' Sanden', 227),
	(1395, ' Kretek', 227),
	(1396, ' Pundong', 227),
	(1397, ' Bambang Lipuro', 227),
	(1398, ' Pandak', 227),
	(1399, ' Bantul', 227),
	(1400, ' Jetis', 227),
	(1401, ' Imogiri', 227),
	(1402, ' Dlingo', 227),
	(1403, ' Pleret', 227),
	(1404, ' Piyungan', 227),
	(1405, ' Banguntapan', 227),
	(1406, ' Sewon', 227),
	(1407, ' Kasihan', 227),
	(1408, ' Pajangan', 227),
	(1409, ' Sedayu', 227),
	(1410, ' Moyudan', 230),
	(1411, ' Minggir', 230),
	(1412, ' Seyegan', 230),
	(1413, ' Godean', 230),
	(1414, ' Gamping', 230),
	(1415, ' Mlati', 230),
	(1416, ' Depok', 230),
	(1417, ' Berbah', 230),
	(1418, ' Prambanan', 230),
	(1419, ' Kalasan', 230),
	(1420, ' Ngemplak', 230),
	(1421, ' Ngaglik', 230),
	(1422, ' Sleman', 230),
	(1423, ' Tempel', 230),
	(1424, ' Turi', 230),
	(1425, ' Pekem', 230),
	(1426, ' Cangkringan', 230),
	(1427, ' Panggang', 228),
	(1428, ' Paliyan', 228),
	(1429, ' Sapto Sari', 228),
	(1430, ' Tepus', 228),
	(1431, ' Rongkop', 228),
	(1432, ' Semanu', 228),
	(1433, ' Ponjong', 228),
	(1434, ' Karangmojo', 228),
	(1435, ' Wonosari', 228),
	(1436, ' Playen', 228),
	(1437, ' Patuk', 228),
	(1438, ' Gedang Sari', 228),
	(1439, ' Nglipar', 228),
	(1440, ' Ngawen', 228),
	(1441, ' Semin', 228),
	(1442, ' Purwosari', 228),
	(1443, ' Girisubo', 228),
	(1444, ' Tanjungsari', 228),
	(1445, ' Temon', 229),
	(1446, ' Wates', 229),
	(1447, ' Panjatan', 229),
	(1448, ' Galur', 229),
	(1449, ' Lendah', 229),
	(1450, ' Sentolo', 229),
	(1451, ' Pengasih', 229),
	(1452, ' Kokap', 229),
	(1453, ' Girimulyo', 229),
	(1454, ' Nanggulan', 229),
	(1455, ' Kalibawang', 229),
	(1456, ' Samigaluh', 229),
	(1457, ' Mantrijeron', 231),
	(1458, ' Kraton', 231),
	(1459, ' Mergangsan', 231),
	(1460, ' Umbulharjo', 231),
	(1461, ' Kotagede', 231),
	(1462, ' Gondokusuman', 231),
	(1463, ' Danurejan', 231),
	(1464, ' Pakualaman', 231),
	(1465, ' Gondomanan', 231),
	(1466, ' Ngampilan', 231),
	(1467, ' Wirobrajan', 231),
	(1468, ' Gedongtengen', 231),
	(1469, ' Jetis', 231),
	(1470, ' Tegalrejo', 231),
	(1471, ' Wringin Anom', 237),
	(1472, ' Driyorejo', 237),
	(1473, ' Kedamean', 237),
	(1474, ' Menganti', 237),
	(1475, ' Cerme', 237),
	(1476, ' Benjeng', 237),
	(1477, ' Balong Panggang', 237),
	(1478, ' Duduk Sampeyan', 237),
	(1479, ' Kebomas', 237),
	(1480, ' Gresik', 237),
	(1481, ' Manyar', 237),
	(1482, ' Bungah', 237),
	(1483, ' Sidayu', 237),
	(1484, ' Dukun', 237),
	(1485, ' Panceng', 237),
	(1486, ' Ujung Pangkah', 237),
	(1487, ' Sangkapura', 237),
	(1488, ' Tambak', 237),
	(1489, ' Tarik', 255),
	(1490, ' Prambon', 255),
	(1491, ' Krembung', 255),
	(1492, ' Porong', 255),
	(1493, ' Jabon', 255),
	(1494, ' Tanggulangin', 255),
	(1495, ' Candi', 255),
	(1496, ' Tulangan', 255),
	(1497, ' Wonoayu', 255),
	(1498, ' Sukodono', 255),
	(1499, ' Sidoarjo', 255),
	(1500, ' Buduran', 255),
	(1501, ' Sedati', 255),
	(1502, ' Waru', 255),
	(1503, ' Gedangan', 255),
	(1504, ' Taman', 255),
	(1505, ' Krian', 255),
	(1506, ' Balong Bendo', 255),
	(1507, ' Jatirejo', 246),
	(1508, ' Gondang', 246),
	(1509, ' Pacet', 246),
	(1510, ' Trawas', 246),
	(1511, ' Ngoro', 246),
	(1512, ' Pungging', 246),
	(1513, ' Kutorejo', 246),
	(1514, ' Mojosari', 246),
	(1515, ' Bangsal', 246),
	(1516, ' Dlanggu', 246),
	(1517, ' Puri', 246),
	(1518, ' Trowulan', 246),
	(1519, ' Sooko', 246),
	(1520, ' Gedek', 246),
	(1521, ' Kemlagi', 246),
	(1522, ' Jetis', 246),
	(1523, ' Dawar Blandong', 246),
	(1524, ' Mojoanyar', 246),
	(1525, ' Bandar Kedung Mulyo', 239),
	(1526, ' Perak', 239),
	(1527, ' Gudo', 239),
	(1528, ' Diwek', 239),
	(1529, ' Ngoro', 239),
	(1530, ' Mojowarno', 239),
	(1531, ' Bareng', 239),
	(1532, ' Wonosalam', 239),
	(1533, ' Mojoagung', 239),
	(1534, ' Somobito', 239),
	(1535, ' Jogo Roto', 239),
	(1536, ' Peterongan', 239),
	(1537, ' Jombang', 239),
	(1538, ' Megaluh', 239),
	(1539, ' Tembelang', 239),
	(1540, ' Kesamben', 239),
	(1541, ' Kudu', 239),
	(1542, ' Ploso', 239),
	(1543, ' Kabuh', 239),
	(1544, ' Plandaan', 239),
	(1545, ' Ngusikan', 239),
	(1546, ' Margomulyo', 235),
	(1547, ' Ngraho', 235),
	(1548, ' Tambakrejo', 235),
	(1549, ' Ngambon', 235),
	(1550, ' Bubulan', 235),
	(1551, ' Temayang', 235),
	(1552, ' Sugihwaras', 235),
	(1553, ' Kedungadem', 235),
	(1554, ' Kepoh Baru', 235),
	(1555, ' Baureno', 235),
	(1556, ' Kanor', 235),
	(1557, ' Sumberrejo', 235),
	(1558, ' Balen', 235),
	(1559, ' Sukosewu', 235),
	(1560, ' Kapas', 235),
	(1561, ' Bojonegoro', 235),
	(1562, ' Trucuk', 235),
	(1563, ' Dander', 235),
	(1564, ' Ngasem', 235),
	(1565, ' Kalitidu', 235),
	(1566, ' Malo', 235),
	(1567, ' Purwosari', 235),
	(1568, ' Padangan', 235),
	(1569, ' Kasiman', 235),
	(1570, ' Kedewan', 235),
	(1571, ' Gondang', 235),
	(1572, ' Sekar', 235),
	(1573, ' Kenduruan', 259),
	(1574, ' Bangilan', 259),
	(1575, ' Senori', 259),
	(1576, ' Singgahan', 259),
	(1577, ' Montong', 259),
	(1578, ' Parengan', 259),
	(1579, ' Soko', 259),
	(1580, ' Rengel', 259),
	(1581, ' Plumpang', 259),
	(1582, ' Widang', 259),
	(1583, ' Palang', 259),
	(1584, ' Semanding', 259),
	(1585, ' Tuban', 259),
	(1586, ' Jenu', 259),
	(1587, ' Merakurak', 259),
	(1588, ' Kerek', 259),
	(1589, ' Tambakboyo', 259),
	(1590, ' Jatirogo', 259),
	(1591, ' Bancar', 259),
	(1592, ' Grabagan', 259),
	(1593, ' Sukorame', 241),
	(1594, ' Bluluk', 241),
	(1595, ' Ngimbang', 241),
	(1596, ' Sambeng', 241),
	(1597, ' Mantup', 241),
	(1598, ' Kambang Bahu', 241),
	(1599, ' Sugio', 241),
	(1600, ' Kedungpring', 241),
	(1601, ' Modo', 241),
	(1602, ' Babat', 241),
	(1603, ' Pucuk', 241),
	(1604, ' Sukodadi', 241),
	(1605, ' Lamongan', 241),
	(1606, ' Tikung', 241),
	(1607, ' Deket', 241),
	(1608, ' Glagah', 241),
	(1609, ' Karangbinangun', 241),
	(1610, ' Turi', 241),
	(1611, ' Kalitengah', 241),
	(1612, ' Karang Geneng', 241),
	(1613, ' Sekaran', 241),
	(1614, ' Maduran', 241),
	(1615, ' Laren', 241),
	(1616, ' Solokuro', 241),
	(1617, ' Paciran', 241),
	(1618, ' Brondong', 241),
	(1619, ' Sarirejo', 241),
	(1620, ' Kebonsari', 243),
	(1621, ' Geger', 243),
	(1622, ' Dolopo', 243),
	(1623, ' Dagangan', 243),
	(1624, ' Wungu', 243),
	(1625, ' Kare', 243),
	(1626, ' Gemarang', 243),
	(1627, ' Saradan', 243),
	(1628, ' Pilangkenceng', 243),
	(1629, ' Mejayan', 243),
	(1630, ' Wonoasri', 243),
	(1631, ' Balerejo', 243),
	(1632, ' Madiun', 243),
	(1633, ' Sawahan', 243),
	(1634, ' Jiwan', 243),
	(1635, ' Sine', 248),
	(1636, ' Ngrambe', 248),
	(1637, ' Jogorogo', 248),
	(1638, ' Kendal', 248),
	(1639, ' Geneng', 248),
	(1640, ' Kwadungan', 248),
	(1641, ' Pangkur', 248),
	(1642, ' Karangjati', 248),
	(1643, ' Bringin', 248),
	(1644, ' Padas', 248),
	(1645, ' Ngawi', 248),
	(1646, ' Paron', 248),
	(1647, ' Kedunggalar', 248),
	(1648, ' Pitu', 248),
	(1649, ' Widodaren', 248),
	(1650, ' Mantingan', 248),
	(1651, ' Karanganyar', 248),
	(1652, ' Gerih', 248),
	(1653, ' Kasreman', 248),
	(1654, ' Poncol', 244),
	(1655, ' Parang', 244),
	(1656, ' Lembeyan', 244),
	(1657, ' Takeran', 244),
	(1658, ' Kawedanan', 244),
	(1659, ' Magetan', 244),
	(1660, ' Plaosan', 244),
	(1661, ' Panekan', 244),
	(1662, ' Sukomoro', 244),
	(1663, ' Bendo', 244),
	(1664, ' Maospati', 244),
	(1665, ' Karangrejo', 244),
	(1666, ' Barat', 244),
	(1667, ' Kartoharjo', 244),
	(1668, ' Karas', 244),
	(1669, ' Ngariboyo', 244),
	(1670, ' Nguntoronadi', 244),
	(1671, ' Ngrayun', 252),
	(1672, ' Slahung', 252),
	(1673, ' Bungkal', 252),
	(1674, ' Sambit', 252),
	(1675, ' Sawoo', 252),
	(1676, ' Sooko', 252),
	(1677, ' Pulung', 252),
	(1678, ' Mlarak', 252),
	(1679, ' Siman', 252),
	(1680, ' Jetis', 252),
	(1681, ' Balong', 252),
	(1682, ' Kauman', 252),
	(1683, ' Jambon', 252),
	(1684, ' Badegan', 252),
	(1685, ' Sampung', 252),
	(1686, ' Sukorejo', 252),
	(1687, ' Ponorogo', 252),
	(1688, ' Babadan', 252),
	(1689, ' Jenangan', 252),
	(1690, ' Ngebel', 252),
	(1691, ' Pudak', 252),
	(1692, ' Donorejo', 249),
	(1693, ' Punung', 249),
	(1694, ' Pringkuku', 249),
	(1695, ' Pacitan', 249),
	(1696, ' Kebon Agung', 249),
	(1697, ' Arjosari', 249),
	(1698, ' Nawangan', 249),
	(1699, ' Bandar', 249),
	(1700, ' Tegalombo', 249),
	(1701, ' Tulakan', 249),
	(1702, ' Ngadirojo', 249),
	(1703, ' Sudimoro', 249),
	(1704, ' Kras', 240),
	(1705, ' Ringinrejo', 240),
	(1706, ' Ngancar', 240),
	(1707, ' Kepung', 240),
	(1708, ' Puncu', 240),
	(1709, ' Ploso Klaten', 240),
	(1710, ' Wates', 240),
	(1711, ' Kandat', 240),
	(1712, ' Ngadiluwih', 240),
	(1713, ' Mojo', 240),
	(1714, ' Semen', 240),
	(1715, ' Banyakan', 240),
	(1716, ' Tarokan', 240),
	(1717, ' Grogol', 240),
	(1718, ' Gampengrejo', 240),
	(1719, ' Gurah', 240),
	(1720, ' Pagu', 240),
	(1721, ' Papar', 240),
	(1722, ' Plemahan', 240),
	(1723, ' Purwoasri', 240),
	(1724, ' Kunjang', 240),
	(1725, ' Pare', 240),
	(1726, ' Kandangan', 240),
	(1727, ' Kayen Kidul', 240),
	(1728, ' Ngasem', 240),
	(1729, ' Badas', 240),
	(1730, ' Sawahan', 247),
	(1731, ' Ngetos', 247),
	(1732, ' Berbek', 247),
	(1733, ' Loceret', 247),
	(1734, ' Pace', 247),
	(1735, ' Tanjunganom', 247),
	(1736, ' Prambon', 247),
	(1737, ' Ngronggot', 247),
	(1738, ' Kertosono', 247),
	(1739, ' Patianrowo', 247),
	(1740, ' Baron', 247),
	(1741, ' Gondang', 247),
	(1742, ' Sukomoro', 247),
	(1743, ' Nganjuk', 247),
	(1744, ' Bagor', 247),
	(1745, ' Wilangan', 247),
	(1746, ' Rejoso', 247),
	(1747, ' Ngluyu', 247),
	(1748, ' Lengkong', 247),
	(1749, ' Jatikalen', 247),
	(1750, ' Bakung', 234),
	(1751, ' Wonotirto', 234),
	(1752, ' Panggungrejo', 234),
	(1753, ' Wates', 234),
	(1754, ' Binangun', 234),
	(1755, ' Sutojayan', 234),
	(1756, ' Kademangan', 234),
	(1757, ' Kanigoro', 234),
	(1758, ' Talun', 234),
	(1759, ' Selopuro', 234),
	(1760, ' Kesamben', 234),
	(1761, ' Selorejo', 234),
	(1762, ' Doko', 234),
	(1763, ' Wlingi', 234),
	(1764, ' Gandusari', 234),
	(1765, ' Garum', 234),
	(1766, ' Nglegok', 234),
	(1767, ' Sanankulon', 234),
	(1768, ' Ponggok', 234),
	(1769, ' Srengat', 234),
	(1770, ' Wonodadi', 234),
	(1771, ' Udanawu', 234),
	(1772, ' Besuki', 260),
	(1773, ' Bandung', 260),
	(1774, ' Pakel', 260),
	(1775, ' Campur Darat', 260),
	(1776, ' Tanggung Gunung', 260),
	(1777, ' Kalidawir', 260),
	(1778, ' Pucang Laban', 260),
	(1779, ' Rejotangan', 260),
	(1780, ' Ngunut', 260),
	(1781, ' Sumbergempol', 260),
	(1782, ' Boyolangu', 260),
	(1783, ' Tulungagung', 260),
	(1784, ' Kedungwaru', 260),
	(1785, ' Ngantru', 260),
	(1786, ' Karangrejo', 260),
	(1787, ' Kauman', 260),
	(1788, ' Gondang', 260),
	(1789, ' Pagerwojo', 260),
	(1790, ' Sendang', 260),
	(1791, ' Panggul', 258),
	(1792, ' Munjungan', 258),
	(1793, ' Watulimo', 258),
	(1794, ' Kampak', 258),
	(1795, ' Dongko', 258),
	(1796, ' Pule', 258),
	(1797, ' Karangan', 258),
	(1798, ' Gandusari', 258),
	(1799, ' Durenan', 258),
	(1800, ' Pogalan', 258),
	(1801, ' Trenggalek', 258),
	(1802, ' Tugu', 258),
	(1803, ' Bendungan', 258),
	(1804, ' Suruh', 258),
	(1805, ' Donomulyo', 245),
	(1806, ' Kalipare', 245),
	(1807, ' Pagak', 245),
	(1808, ' Bantur', 245),
	(1809, ' Gedangan', 245),
	(1810, ' Sumber Manjing Wetan', 245),
	(1811, ' Dampit', 245),
	(1812, ' Tirto Yudo', 245),
	(1813, ' Ampelgading', 245),
	(1814, ' Poncokusumo', 245),
	(1815, ' Wajak', 245),
	(1816, ' Turen', 245),
	(1817, ' Pagelaran', 245),
	(1818, ' Gondanglegi', 245),
	(1819, ' Bululawang', 245),
	(1820, ' Kepanjen', 245),
	(1821, ' Sumberpucung', 245),
	(1822, ' Kromengan', 245),
	(1823, ' Wonosari', 245),
	(1824, ' Ngajum', 245),
	(1825, ' Wagir', 245),
	(1826, ' Pakisaji', 245),
	(1827, ' Tajinan', 245),
	(1828, ' Tumpang', 245),
	(1829, ' Pakis', 245),
	(1830, ' Jabung', 245),
	(1831, ' Lawang', 245),
	(1832, ' Singosari', 245),
	(1833, ' Karangploso', 245),
	(1834, ' Dau', 245),
	(1835, ' Pujon', 245),
	(1836, ' Ngantang', 245),
	(1837, ' Kasembon', 245),
	(1838, ' Purwodadi', 251),
	(1839, ' Tutur', 251),
	(1840, ' Puspo', 251),
	(1841, ' Tosari', 251),
	(1842, ' Lumbang', 251),
	(1843, ' Pasrepan', 251),
	(1844, ' Kejayan', 251),
	(1845, ' Wonorejo', 251),
	(1846, ' Purwosari', 251),
	(1847, ' Prigen', 251),
	(1848, ' Sukorejo', 251),
	(1849, ' Pandaan', 251),
	(1850, ' Gempol', 251),
	(1851, ' Beji', 251),
	(1852, ' Bangil', 251),
	(1853, ' Rembang', 251),
	(1854, ' Kraton', 251),
	(1855, ' Pohjentrek', 251),
	(1856, ' Gondang Wetan', 251),
	(1857, ' Rejoso', 251),
	(1858, ' Winongan', 251),
	(1859, ' Grati', 251),
	(1860, ' Lekok', 251),
	(1861, ' Nguling', 251),
	(1862, ' Sukapura', 253),
	(1863, ' Sumber', 253),
	(1864, ' Kuripan', 253),
	(1865, ' Bantaran', 253),
	(1866, ' Leces', 253),
	(1867, ' Tegal Siwalan', 253),
	(1868, ' Banyu Anyar', 253),
	(1869, ' Tiris', 253),
	(1870, ' Krucil', 253),
	(1871, ' Gading', 253),
	(1872, ' Pakuniran', 253),
	(1873, ' Kota Anyar', 253),
	(1874, ' Paiton', 253),
	(1875, ' Besuk', 253),
	(1876, ' Kraksaan', 253),
	(1877, ' Krejengan', 253),
	(1878, ' Pajarakan', 253),
	(1879, ' Maron', 253),
	(1880, ' Gending', 253),
	(1881, ' Dringu', 253),
	(1882, ' Wonomerto', 253),
	(1883, ' Lumbang', 253),
	(1884, ' Tongas', 253),
	(1885, ' Sumberasih', 253),
	(1886, ' Tempursari', 242),
	(1887, ' Pronojiwo', 242),
	(1888, ' Candipuro', 242),
	(1889, ' Pasirian', 242),
	(1890, ' Tempeh', 242),
	(1891, ' Kunir', 242),
	(1892, ' Yosowilangun', 242),
	(1893, ' Rowokangkung', 242),
	(1894, ' Tekung', 242),
	(1895, ' Lumajang', 242),
	(1896, ' Pasrujambe', 242),
	(1897, ' Senduro', 242),
	(1898, ' Padang', 242),
	(1899, ' Sukodono', 242),
	(1900, ' Jatiroto', 242),
	(1901, ' Randuagung', 242),
	(1902, ' Kedungjajang', 242),
	(1903, ' Gucialit', 242),
	(1904, ' Klakah', 242),
	(1905, ' Ranuyoso', 242),
	(1906, ' Sumbersuko', 242),
	(1907, ' Maesan', 236),
	(1908, ' Grujugan', 236),
	(1909, ' Tamanan', 236),
	(1910, ' Pujer', 236),
	(1911, ' Tlogosari', 236),
	(1912, ' Sukosari', 236),
	(1913, ' Tapen', 236),
	(1914, ' Wonosari', 236),
	(1915, ' Tenggarang', 236),
	(1916, ' Bondowoso', 236),
	(1917, ' Curahdami', 236),
	(1918, ' Pakem', 236),
	(1919, ' Wringin', 236),
	(1920, ' Tegalampel', 236),
	(1921, ' Klabang', 236),
	(1922, ' Prajekan', 236),
	(1923, ' Cermee', 236),
	(1924, ' Binakal', 236),
	(1925, ' Sumber Wringin', 236),
	(1926, ' Sempol', 236),
	(1927, ' Jambesari Darus Sholah', 236),
	(1928, ' Taman Krocok', 236),
	(1929, ' Botolinggo', 236),
	(1930, ' Sumber Malang', 256),
	(1931, ' Jatibanteng', 256),
	(1932, ' Banyuglugur', 256),
	(1933, ' Besuki', 256),
	(1934, ' Suboh', 256),
	(1935, ' Mlandingan', 256),
	(1936, ' Bungatan', 256),
	(1937, ' Kendit', 256),
	(1938, ' Panarukan', 256),
	(1939, ' Situbondo', 256),
	(1940, ' Mangaran', 256),
	(1941, ' Panji', 256),
	(1942, ' Kapongan', 256),
	(1943, ' Arjasa', 256),
	(1944, ' Jangkar', 256),
	(1945, ' Asembagus', 256),
	(1946, ' Banyuputih', 256),
	(1947, ' Kencong', 238),
	(1948, ' Gumuk Mas', 238),
	(1949, ' Puger', 238),
	(1950, ' Wuluhan', 238),
	(1951, ' Ambulu', 238),
	(1952, ' Tempurejo', 238),
	(1953, ' Silo', 238),
	(1954, ' Mayang', 238),
	(1955, ' Mumbulsari', 238),
	(1956, ' Jenggawah', 238),
	(1957, ' Ajung', 238),
	(1958, ' Rambipuji', 238),
	(1959, ' Balung', 238),
	(1960, ' Umbulsari', 238),
	(1961, ' Semboro', 238),
	(1962, ' Jombang', 238),
	(1963, ' Sumberbaru', 238),
	(1964, ' Tanggul', 238),
	(1965, ' Bangsalsari', 238),
	(1966, ' Panti', 238),
	(1967, ' Sukorambi', 238),
	(1968, ' Arjasa', 238),
	(1969, ' Pakusari', 238),
	(1970, ' Kalisat', 238),
	(1971, ' Ledok Ombo', 238),
	(1972, ' Sumberjambe', 238),
	(1973, ' Sukowono', 238),
	(1974, ' Jelbuk', 238),
	(1975, ' Kaliwates', 238),
	(1976, ' Sumbersari', 238),
	(1977, ' Patrang', 238),
	(1978, ' Pesanggaran', 233),
	(1979, ' Bangorejo', 233),
	(1980, ' Purwoharjo', 233),
	(1981, ' Tegaldlimo', 233),
	(1982, ' Muncar', 233),
	(1983, ' Cluring', 233),
	(1984, ' Gambiran', 233),
	(1985, ' Glenmore', 233),
	(1986, ' Kalibaru', 233),
	(1987, ' Genteng', 233),
	(1988, ' Srono', 233),
	(1989, ' Rogojampi', 233),
	(1990, ' Kabat', 233),
	(1991, ' Singojuruh', 233),
	(1992, ' Sempu', 233),
	(1993, ' Songgon', 233),
	(1994, ' Glagah', 233),
	(1995, ' Banyuwangi', 233),
	(1996, ' Giri', 233),
	(1997, ' Kalipuro', 233),
	(1998, ' Wongsorejo', 233),
	(1999, ' Licin', 233),
	(2000, ' Tegalsari', 233),
	(2001, ' Siliragung', 233),
	(2002, ' Tlanakan', 250),
	(2003, ' Pademawu', 250),
	(2004, ' Galis', 250),
	(2005, ' Larangan', 250),
	(2006, ' Pamekasan', 250),
	(2007, ' Proppo', 250),
	(2008, ' Palengaan', 250),
	(2009, ' Pegantenan', 250),
	(2010, ' Kadur', 250),
	(2011, ' Pakong', 250),
	(2012, ' Waru', 250),
	(2013, ' Batu Marmer', 250),
	(2014, ' Pasean', 250),
	(2015, ' Sreseh', 254),
	(2016, ' Torjun', 254),
	(2017, ' Sampang', 254),
	(2018, ' Camplong', 254),
	(2019, ' Omben', 254),
	(2020, ' Kedungdung', 254),
	(2021, ' Jrengik', 254),
	(2022, ' Tambelangan', 254),
	(2023, ' Banyuates', 254),
	(2024, ' Robatal', 254),
	(2025, ' Ketapang', 254),
	(2026, ' Sokobanah', 254),
	(2027, ' Karangpenang', 254),
	(2028, ' Pangarengan', 254),
	(2029, ' Pragaan', 257),
	(2030, ' Bluto', 257),
	(2031, ' Saronggi', 257),
	(2032, ' Giligenteng', 257),
	(2033, ' Talango', 257),
	(2034, ' Kalianget', 257),
	(2035, ' Kota Sumenep', 257),
	(2036, ' Lenteng', 257),
	(2037, ' Ganding', 257),
	(2038, ' Guluk Guluk', 257),
	(2039, ' Pasongsongan', 257),
	(2040, ' Ambunten', 257),
	(2041, ' Rubaru', 257),
	(2042, ' Dasuk', 257),
	(2043, ' Manding', 257),
	(2044, ' Batuputih', 257),
	(2045, ' Gapura', 257),
	(2046, ' Batang Batang', 257),
	(2047, ' Dungkek', 257),
	(2048, ' Nonggunong', 257),
	(2049, ' Gayam', 257),
	(2050, ' Ra\'As', 257),
	(2051, ' Sapeken', 257),
	(2052, ' Arjasa', 257),
	(2053, ' Masalembu', 257),
	(2054, ' Batuan', 257),
	(2055, ' Kangayan', 257),
	(2056, ' Kamal', 232),
	(2057, ' Labang', 232),
	(2058, ' Kwanyar', 232),
	(2059, ' Modung', 232),
	(2060, ' Blega', 232),
	(2061, ' Konang', 232),
	(2062, ' Galis', 232),
	(2063, ' Tanah Merah', 232),
	(2064, ' Tragah', 232),
	(2065, ' Socah', 232),
	(2066, ' Bangkalan', 232),
	(2067, ' Burneh', 232),
	(2068, ' Arosbaya', 232),
	(2069, ' Geger', 232),
	(2070, ' Kokop', 232),
	(2071, ' Tanjungbumi', 232),
	(2072, ' Sepulu', 232),
	(2073, ' Klampis', 232),
	(2074, ' Karang Pilang', 269),
	(2075, ' Jambangan', 269),
	(2076, ' Gayungan', 269),
	(2077, ' Wonocolo', 269),
	(2078, ' Tenggilis Mejoyo', 269),
	(2079, ' Gununganyar', 269),
	(2080, ' Rungkut', 269),
	(2081, ' Sukolilo', 269),
	(2082, ' Mulyorejo', 269),
	(2083, ' Gubeng', 269),
	(2084, ' Wonokromo', 269),
	(2085, ' Dukuh Pakis', 269),
	(2086, ' Wiyung', 269),
	(2087, ' Lakarsantri', 269),
	(2088, ' Tandes', 269),
	(2089, ' Sukomanunggal', 269),
	(2090, ' Sawahan', 269),
	(2091, ' Tegal Sari', 269),
	(2092, ' Genteng', 269),
	(2093, ' Tambaksari', 269),
	(2094, ' Kenjeran', 269),
	(2095, ' Simokerto', 269),
	(2096, ' Semampir', 269),
	(2097, ' Pabean Cantian', 269),
	(2098, ' Bubutan', 269),
	(2099, ' Krembangan', 269),
	(2100, ' Asemrowo', 269),
	(2101, ' Benowo', 269),
	(2102, ' Bulak', 269),
	(2103, ' Pakal', 269),
	(2104, ' Sambi Kerep', 269),
	(2105, ' Kedungkandang', 265),
	(2106, ' Sukun', 265),
	(2107, ' Klojen', 265),
	(2108, ' Blimbing', 265),
	(2109, ' Lowokwaru', 265),
	(2110, ' Manguharjo', 264),
	(2111, ' Taman', 264),
	(2112, ' Kartoharjo', 264),
	(2113, ' Mojoroto', 263),
	(2114, ' Kota Kediri', 263),
	(2115, ' Pesantren', 263),
	(2116, ' Prajurit Kulon', 266),
	(2117, ' Magersari', 266),
	(2118, ' Sukorejo', 262),
	(2119, ' Kepanjen Kidul', 262),
	(2120, ' Sanan Wetan', 262),
	(2121, ' Gadingrejo', 267),
	(2122, ' Purworejo', 267),
	(2123, ' Bugul Kidul', 267),
	(2124, ' Kademangan', 268),
	(2125, ' Kedopok', 268),
	(2126, ' Wonoasih', 268),
	(2127, ' Mayangan', 268),
	(2128, ' Kanigaran', 268),
	(2129, ' Batu', 261),
	(2130, ' Junrejo', 261),
	(2131, ' Bumiaji', 261),
	(2132, ' Lhoong', 3),
	(2133, ' Lho\'Nga', 3),
	(2134, ' Indrapuri', 3),
	(2135, ' Seulimeum', 3),
	(2136, ' Mesjid Raya', 3),
	(2137, ' Darussalam', 3),
	(2138, ' Kuta Baro', 3),
	(2139, ' Montasik', 3),
	(2140, ' Ingin Jaya', 3),
	(2141, ' Suka Makmur', 3),
	(2142, ' Darul Imarah', 3),
	(2143, ' Peukan Bada', 3),
	(2144, ' Pulo Aceh', 3),
	(2145, ' Leupung', 3),
	(2146, ' Kuta Malaka', 3),
	(2147, ' Leumbah Seulewah', 3),
	(2148, ' Kota Jantho', 3),
	(2149, ' Baitussalam', 3),
	(2150, ' Krung Barona Jaya', 3),
	(2151, ' Simpang Tiga', 3),
	(2152, ' Kuta Cot Glie', 3),
	(2153, ' Darul Kamal', 3),
	(2154, ' Blang Bintang', 3),
	(2155, ' Geumpang', 16),
	(2156, ' Glumpang Tiga', 16),
	(2157, ' Mutiara', 16),
	(2158, ' Tiro/Truseb', 16),
	(2159, ' Tangse', 16),
	(2160, ' Sakti', 16),
	(2161, ' Mila', 16),
	(2162, ' Padang Tiji', 16),
	(2163, ' Delima', 16),
	(2164, ' Indrajaya', 16),
	(2165, ' Peukan Baru', 16),
	(2166, ' Kembang Tanjung', 16),
	(2167, ' Simpang Tiga', 16),
	(2168, ' Kota Sigli', 16),
	(2169, ' Pidie', 16),
	(2170, ' Batee', 16),
	(2171, ' Muara Tiga', 16),
	(2172, ' Mane', 16),
	(2173, ' Grong-Grong', 16),
	(2174, ' Mutiara Timur', 16),
	(2175, ' Glupang Baro', 16),
	(2176, ' Keumala', 16),
	(2177, ' Titeuae', 16),
	(2178, ' Sawang', 11),
	(2179, ' Nisam', 11),
	(2180, ' Kuta Makmur', 11),
	(2181, ' Syamtalira Bayu', 11),
	(2182, ' Meurah Mulia', 11),
	(2183, ' Matangkuli', 11),
	(2184, ' Cot Girek', 11),
	(2185, ' Tanah Jambo Aye', 11),
	(2186, ' Seunudon', 11),
	(2187, ' Baktiya', 11),
	(2188, ' Tanah Luas', 11),
	(2189, ' Samudera', 11),
	(2190, ' Syamtalira Aron', 11),
	(2191, ' Tanah Pasir', 11),
	(2192, ' Langkahan', 11),
	(2193, ' Baktiya Barat', 11),
	(2194, ' Simpang Keramat', 11),
	(2195, ' Nibong', 11),
	(2196, ' Paya Bakong', 11),
	(2197, ' Muara Batu', 11),
	(2198, ' Dewantara', 11),
	(2199, ' Lhoksukon', 11),
	(2200, ' Lapang', 11),
	(2201, ' Pirak Timu', 11),
	(2202, ' Geureudong Pase', 11),
	(2203, ' Banda Baro', 11),
	(2204, ' Nisam Antara', 11),
	(2205, ' Serba Jadi', 10),
	(2206, ' Birem Bayeun', 10),
	(2207, ' Rantau Selamat', 10),
	(2208, ' Peureulak', 10),
	(2209, ' Ranto Peureulak', 10),
	(2210, ' Idi Rayeuk', 10),
	(2211, ' Darul Aman', 10),
	(2212, ' Nurussalam', 10),
	(2213, ' Julok', 10),
	(2214, ' Pante Beudari', 10),
	(2215, ' Simpang Ulim', 10),
	(2216, ' Sungai Raya', 10),
	(2217, ' Peureulak Timur', 10),
	(2218, ' Peureulak Barat', 10),
	(2219, ' Banda Alam', 10),
	(2220, ' Idi Tunong', 10),
	(2221, ' Peudawa', 10),
	(2222, ' Indra Makmur', 10),
	(2223, ' Madat', 10),
	(2224, ' Simpang Jernih', 10),
	(2225, ' Darul Ihsan', 10),
	(2226, ' Peunaron', 10),
	(2227, ' Idi Timur', 10),
	(2228, ' Darul Falah', 10),
	(2229, ' Lingge ', 8),
	(2230, ' Bintang', 8),
	(2231, ' Pegasing', 8),
	(2232, ' Bebesen', 8),
	(2233, ' Silih Nara', 8),
	(2234, ' Kuta Panang', 8),
	(2235, ' Ketol', 8),
	(2236, ' Celala', 8),
	(2237, ' Kebayakan', 8),
	(2238, ' Laut Tawar', 8),
	(2239, ' Atu Lintang', 8),
	(2240, ' Jagong Jeget', 8),
	(2241, ' Bies', 8),
	(2242, ' Rusip Antara', 8),
	(2243, ' Johan Pahlawan', 1),
	(2244, ' Samatiga', 1),
	(2245, ' Woyla', 1),
	(2246, ' Kaway XVI', 1),
	(2247, ' Sungai Mas', 1),
	(2248, ' Bubon', 1),
	(2249, ' Arongan Lambalek', 1),
	(2250, ' Meureubo', 1),
	(2251, ' Pantee Ceureumen', 1),
	(2252, ' Woyla Barat', 1),
	(2253, ' Woyla Timur', 1),
	(2254, ' Panton Reu', 1),
	(2255, ' Trumon', 5),
	(2256, ' Bakongan', 5),
	(2257, ' Kluet Selatan', 5),
	(2258, ' Kluet Utara', 5),
	(2259, ' Tapak Tuan', 5),
	(2260, ' Samadua', 5),
	(2261, ' Sawang', 5),
	(2262, ' Meukek', 5),
	(2263, ' Labuhan Haji', 5),
	(2264, ' Pasie Raja', 5),
	(2265, ' Trumon Timur', 5),
	(2266, ' Kluet Timur', 5),
	(2267, ' Bakongan Timur', 5),
	(2268, ' Kluet Tengah', 5),
	(2269, ' Labuhan Haji Barat', 5),
	(2270, ' Labuhan Haji Timur', 5),
	(2271, ' Lawe Alas', 9),
	(2272, ' Lawe Sigala-Gala', 9),
	(2273, ' Bambel', 9),
	(2274, ' Babussalam', 9),
	(2275, ' Badar', 9),
	(2276, ' Darul Hasanah', 9),
	(2277, ' Babul Makmur', 9),
	(2278, ' Lawe Bulan', 9),
	(2279, ' Bukit Tusam', 9),
	(2280, ' Semadam', 9),
	(2281, ' Babul Rahmat', 9),
	(2282, ' Ketambe', 9),
	(2283, ' Deleng Pokhkisen', 9),
	(2284, ' Lawe Sumur', 9),
	(2285, ' Tanoh Alas', 9),
	(2286, ' Lueser', 9),
	(2287, ' Teupah Selatan', 18),
	(2288, ' Simeulue Timur', 18),
	(2289, ' Simeulue Tengah', 18),
	(2290, ' Salang', 18),
	(2291, ' Simeulue Barat', 18),
	(2292, ' Teupah Barat', 18),
	(2293, ' Teluk Dalam', 18),
	(2294, ' Alafan', 18),
	(2295, ' Samalanga', 13),
	(2296, ' Pandrah', 13),
	(2297, ' Jeunib', 13),
	(2298, ' Peudada', 13),
	(2299, ' Juli', 13),
	(2300, ' Jeumpa', 13),
	(2301, ' Jangka', 13),
	(2302, ' Peusangan', 13),
	(2303, ' Makmur', 13),
	(2304, ' Ganda Pura', 13),
	(2305, ' Simpang Mamplam', 13),
	(2306, ' Peulimbang', 13),
	(2307, ' Kota Juang', 13),
	(2308, ' Kuala', 13),
	(2309, ' Peusangan Selatan', 13),
	(2310, ' Peusangan Siblah Krueng', 13),
	(2311, ' Kuta Blang', 13),
	(2312, ' Pulau Banyak', 6),
	(2313, ' Singkil', 6),
	(2314, ' Simpang Kanan', 6),
	(2315, ' Simpang Kiri', 6),
	(2316, ' Singkil Utara', 6),
	(2317, ' Gunung Mariah', 6),
	(2318, ' Danau Paris', 6),
	(2319, ' Suro Makmur', 6),
	(2320, ' Penanggalan', 6),
	(2321, ' Kuta Baharu', 6),
	(2322, ' Singkohor', 6),
	(2323, ' Kuala Baru', 6),
	(2324, ' Tamiang Hulu', 7),
	(2325, ' Kejuruan Muda', 7),
	(2326, ' Kota Kuala Simpang', 7),
	(2327, ' Seruway', 7),
	(2328, ' Bendahara', 7),
	(2329, ' Karang Baru', 7),
	(2330, ' Manyak Payed', 7),
	(2331, ' Rantau', 7),
	(2332, ' Bandar Mulya', 7),
	(2333, ' Bandar Pusaka', 7),
	(2334, ' Tenggulun', 7),
	(2335, ' Sekerak', 7),
	(2336, ' Darul Makmur', 15),
	(2337, ' Kuala', 15),
	(2338, ' Beutong', 15),
	(2339, ' Seunagan', 15),
	(2340, ' Seunagan Timur', 15),
	(2341, ' Kuala Pesisir', 15),
	(2342, ' Tadu Raya', 15),
	(2343, ' Suka Makmue', 15),
	(2344, ' Teunom', 4),
	(2345, ' Krueng Sabee', 4),
	(2346, ' Setia Bakti', 4),
	(2347, ' Sampoiniet', 4),
	(2348, ' Jaya', 4),
	(2349, ' Panga', 4),
	(2350, ' Manggeng', 2),
	(2351, ' Tangan-Tangan', 2),
	(2352, ' Blang Pidie', 2),
	(2353, ' Susoh', 2),
	(2354, ' Kuala Batee', 2),
	(2355, ' Babah Rot', 2),
	(2356, ' Lembah Sabil', 2),
	(2357, ' Setia Bakti', 2),
	(2358, ' Jeumpa', 2),
	(2359, ' Blang Kejeran', 14),
	(2360, ' Kuta Panjang', 14),
	(2361, ' Rikit Gaib', 14),
	(2362, ' Terangon', 14),
	(2363, ' Pinding', 14),
	(2364, ' Blang Jerango', 14),
	(2365, ' Puteri Betung', 14),
	(2366, ' Dabung Gelang', 14),
	(2367, ' Blang Pegayon', 14),
	(2368, ' Pantan Cuaca', 14),
	(2369, ' Tripe Jaya', 14),
	(2370, ' Timang Gajah', 12),
	(2371, ' Bukit', 12),
	(2372, ' Bandar', 12),
	(2373, ' Permata', 12),
	(2374, ' Pintu Rime Gayo', 12),
	(2375, ' Wih Pesam', 12),
	(2376, ' Syiah Utama', 12),
	(2377, ' Meureudu', 17),
	(2378, ' Ulim', 18),
	(2379, ' Jangka Buya', 19),
	(2380, ' Bandar Dua', 20),
	(2381, ' Meurah Dua', 21),
	(2382, ' Bandar Baru', 22),
	(2383, ' Panteraja', 23),
	(2384, ' Trienggadeng', 24),
	(2385, ' Sukajaya', 22),
	(2386, ' Sukakarya', 22),
	(2387, ' Meuraxa', 19),
	(2388, ' Baiturrahman', 19),
	(2389, ' Kuta Alam', 19),
	(2390, ' Syiah Kuala', 19),
	(2391, ' Kuta Raja', 19),
	(2392, ' Ulee Kareng', 19),
	(2393, ' Lueng Bata', 19),
	(2394, ' Banda Raya', 19),
	(2395, ' Jaya Baru', 19),
	(2396, ' Blang Mangat', 21),
	(2397, ' Muara Dua', 21),
	(2398, ' Banda Sakti', 21),
	(2399, ' Muara Satu', 21),
	(2400, ' Langsa Timur', 20),
	(2401, ' Langsa Barat', 20),
	(2402, ' Langsa Kota', 20),
	(2403, ' Langsa Lama', 20),
	(2404, ' Langsa Baro', 20),
	(2405, 'Simpang Kiri', 23),
	(2406, 'Penanggalan', 24),
	(2407, 'Rundeng', 25),
	(2408, 'Sultan Daulat', 26),
	(2409, 'Longkib', 27),
	(2410, ' Gunung Meriah', 27),
	(2411, ' Sinembah Tanjung Muda Hulu', 27),
	(2412, ' Sibolangit', 27),
	(2413, ' KutaIimbaru', 27),
	(2414, ' Pancur Batu', 27),
	(2415, ' Namo Rambe', 27),
	(2416, ' Sibiru-biru', 27),
	(2417, ' Bangun Purba', 27),
	(2418, ' Galang', 27),
	(2419, ' Tanjung Morawa', 27),
	(2420, ' Patumbak', 27),
	(2421, ' Deli Tua', 27),
	(2422, ' Sunggal', 27),
	(2423, ' Hamparan Perak', 27),
	(2424, ' Labuhan Deli', 27),
	(2425, ' Percut Sei Tuan', 27),
	(2426, ' Batang Kuis', 27),
	(2427, ' Pantai Labu', 27),
	(2428, ' Beringin', 27),
	(2429, ' Lubuk Pakam', 27),
	(2430, ' Pagar Marbau', 27),
	(2431, ' Bohorok', 33),
	(2432, ' Serapit', 33),
	(2433, ' Salapian', 33),
	(2434, ' Kutambaru', 33),
	(2435, ' Sei Bingai', 33),
	(2436, ' Kuala', 33),
	(2437, ' Selesai', 33),
	(2438, ' Binjai', 33),
	(2439, ' Stabat', 33),
	(2440, ' Wampu', 33),
	(2441, ' Batang Serangan', 33),
	(2442, ' Sawit Seberang', 33),
	(2443, ' Padang Tualang', 33),
	(2444, ' Hinai', 33),
	(2445, ' Secanggang', 33),
	(2446, ' Tanjung Pura', 33),
	(2447, ' Gebang', 33),
	(2448, ' Babalan', 33),
	(2449, ' Sei Lepan', 33),
	(2450, ' Berandan Barat', 33),
	(2451, ' Besitang', 33),
	(2452, ' Pangkalan Susu', 33),
	(2453, ' Pematang Jaya', 33),
	(2454, ' Mardinding', 29),
	(2455, ' Laubaleng', 29),
	(2456, ' Tiga Binanga', 29),
	(2457, ' Juhar', 29),
	(2458, ' Munte', 29),
	(2459, ' Kuta Buluh', 29),
	(2460, ' Payung', 29),
	(2461, ' Tiga Binanga', 29),
	(2462, ' Simpang Empat', 29),
	(2463, ' Naman Teran', 29),
	(2464, ' Merdeka', 29),
	(2465, ' Kabanjahe', 29),
	(2466, ' Berastagi', 29),
	(2467, ' Tiga Panah', 29),
	(2468, ' Dolat Rayat', 29),
	(2469, ' Merek', 29),
	(2470, ' Barus Jahe', 29),
	(2471, ' Silimakuta', 44),
	(2472, ' Purba', 44),
	(2473, ' Dolok Pardamean', 44),
	(2474, ' Sidamanik', 44),
	(2475, ' Girsang Simpangan Bolon', 44),
	(2476, ' Tanah Jawa', 44),
	(2477, ' Dolok Panribuan', 44),
	(2478, ' Jorlang Hataran', 44),
	(2479, ' Pane', 44),
	(2480, ' Raya', 44),
	(2481, ' Dolok Silau', 44),
	(2482, ' Silau Kahean', 44),
	(2483, ' Raya Kahean', 44),
	(2484, ' Tapian Dolok', 44),
	(2485, ' Dolok Batu Nanggar', 44),
	(2486, ' Siantar', 44),
	(2487, ' Hutabayu Raja', 44),
	(2488, ' Pematang Bandar', 44),
	(2489, ' Bandar', 44),
	(2490, ' Bosar Maligas', 44),
	(2491, ' Ujung Padang', 44),
	(2492, ' Panombeian Pane', 44),
	(2493, ' Gunung Malela', 44),
	(2494, ' Gunung Maligas', 44),
	(2495, ' Bandar Huluan', 44),
	(2496, ' Bandar Masilam', 44),
	(2497, ' Hatonduhan', 44),
	(2498, ' Jawa Maraja Bah Jambi', 44),
	(2499, ' Haranggaol Horison', 44),
	(2500, ' Pematang Sidamanik', 44),
	(2501, ' Sidikalang', 26),
	(2502, ' Parbuluan', 26),
	(2503, ' Sumbul', 26),
	(2504, ' Pegangan Hilir', 26),
	(2505, ' Siempat Nempu Hulu', 26),
	(2506, ' Siempat Nempu', 26),
	(2507, ' Silima Pungga-Pungga', 26),
	(2508, ' Siempat Nempu Hilir', 26),
	(2509, ' Tigalingga', 26),
	(2510, ' Tanah Pinem', 26),
	(2511, ' Lae Parira', 26),
	(2512, ' Gunung Stember', 26),
	(2513, ' Berampu', 26),
	(2514, ' Sitinjo', 26),
	(2515, 'Silahi Sabungan', 26),
	(2516, ' Bandar Pasir Mandoge', 24),
	(2517, ' Bandar Pulau', 24),
	(2518, ' Aek Songsongan', 24),
	(2519, ' Rahuning', 24),
	(2520, ' Pulau Rakyat', 24),
	(2521, ' Aek Kuasan', 24),
	(2522, ' Aek Ledong', 24),
	(2523, ' Sei Kepayang', 24),
	(2524, ' Sei Kepayang Barat', 24),
	(2525, ' Sei Kepayang Timur', 24),
	(2526, ' Tanjung Balai', 24),
	(2527, ' Simpang Empat', 24),
	(2528, ' Teluk Dalam', 24),
	(2529, ' Air Batu', 24),
	(2530, ' Sei dadap', 24),
	(2531, ' Buntu Pane', 24),
	(2532, ' Tinggi Raja', 24),
	(2533, ' Setia Janji', 24),
	(2534, ' Meranti', 24),
	(2535, ' Pulo Bandring', 24),
	(2536, ' Rawang Panca Arga', 24),
	(2537, ' Air Joman', 24),
	(2538, ' Silo Laut', 24),
	(2539, ' Kisaran Barat', 24),
	(2540, ' Kisaran Timur', 24),
	(2541, ' Bilah Hulu', 30),
	(2542, ' Pangkatan', 30),
	(2543, ' Bilah Barat', 30),
	(2544, ' Marbau', 30),
	(2545, ' Bilah Hilir', 30),
	(2546, ' Panai Hulu', 30),
	(2547, ' Panai Tengah', 30),
	(2548, ' Panai Hilir', 30),
	(2549, ' Rantau Selatan', 30),
	(2550, ' Rantau Utara', 30),
	(2551, ' Parmonangan', 47),
	(2552, ' Adian Koting', 47),
	(2553, ' Sipoholon', 47),
	(2554, ' Tarutung', 47),
	(2555, ' Pahae Jae', 47),
	(2556, ' Pahae Julu', 47),
	(2557, ' Pangaribuan', 47),
	(2558, ' Garoga', 47),
	(2559, ' Sipahutar', 47),
	(2560, ' Siborong-Borong', 47),
	(2561, ' Pagaran', 47),
	(2562, ' Muara', 47),
	(2563, ' Purbatua', 47),
	(2564, ' Simangumban', 47),
	(2565, ' Siatas Barita', 47),
	(2566, ' Lumut', 46),
	(2567, ' Sibabangun', 46),
	(2568, ' Sukabangun', 46),
	(2569, ' Tapian Nauli', 46),
	(2570, ' Kolang', 46),
	(2571, ' Sorkam', 46),
	(2572, ' Barus', 46),
	(2573, ' Barus Utara', 46),
	(2574, ' Manduamas', 46),
	(2575, ' Sosor Gadong', 46),
	(2576, ' Sorkam Barat', 46),
	(2577, ' Andam Dewi', 46),
	(2578, ' Badiri', 46),
	(2579, ' Sitahuis', 46),
	(2580, ' Sirandorung', 46),
	(2581, ' Tukka', 46),
	(2582, ' Pandan', 46),
	(2583, ' Sarudik', 46),
	(2584, ' Pinang Sori', 46),
	(2585, ' Batang Angkola', 45),
	(2586, ' Padang Sidimpuan Timur', 45),
	(2587, ' Siais', 45),
	(2588, ' Padang Sidimpuan Barat', 45),
	(2589, ' Batang Toru', 45),
	(2590, ' Sipirok', 45),
	(2591, ' Arse', 45),
	(2592, ' Saipar Dolok Hole', 45),
	(2593, ' Marancar', 45),
	(2594, ' Sayur Matinggi', 45),
	(2595, ' Aek Bilah', 45),
	(2596, ' Muaro Batang Toru', 45),
	(2597, ' Idano Gawo', 35),
	(2598, ' Gido', 35),
	(2599, ' Hiliduho', 35),
	(2600, ' Bawalato', 35),
	(2601, ' Ulugawo', 35),
	(2602, ' Ma U', 35),
	(2603, ' Somolo-Molo', 35),
	(2604, ' Hili Serangkai', 35),
	(2605, ' Botomuzoi', 35),
	(2606, ' Batahan', 34),
	(2607, ' Sinunukan', 34),
	(2608, ' Batang Natal', 34),
	(2609, ' Ranto Baek', 34),
	(2610, ' Kotanopan', 34),
	(2611, ' Puncak Sorik Merapi', 34),
	(2612, ' Muara Sipongi', 34),
	(2613, ' Pakantan', 34),
	(2614, ' Panyabungan Kota', 34),
	(2615, ' Huta Bargot', 34),
	(2616, ' Natal', 34),
	(2617, ' Muara Batang Gadis', 34),
	(2618, ' Siabu', 34),
	(2619, ' Panyabungan Utara', 34),
	(2620, ' Panyabungan Barat', 34),
	(2621, ' Panyabungan Timur', 34),
	(2622, ' Panyabungan Selatan', 34),
	(2623, ' Bukit Malintang', 34),
	(2624, ' Naga Juang', 34),
	(2625, ' Lembah Sorik Merapi', 34),
	(2626, ' Ulu Pungut', 34),
	(2627, ' Tambangan', 34),
	(2628, ' Langga Bayu', 34),
	(2629, ' Balige', 42),
	(2630, ' Tampahan', 42),
	(2631, ' Lagu Boti', 42),
	(2632, ' Habinsaran', 42),
	(2633, ' Nassau', 42),
	(2634, ' Silaen', 42),
	(2635, ' Sigumpar', 42),
	(2636, ' Porsea', 42),
	(2637, ' Siantar Narumonda', 42),
	(2638, ' Parmaksian', 42),
	(2639, ' Lumban Julu', 42),
	(2640, ' Bonatua Lunasi', 42),
	(2641, ' Uluan', 42),
	(2642, ' Pintu Pohan Meranti', 42),
	(2643, ' Ajibata', 42),
	(2644, ' Borbor', 42),
	(2645, ' Pulau-Pulau Batu', 37),
	(2646, ' Teluk Dalam', 37),
	(2647, ' Amandraya', 37),
	(2648, ' Lahusa', 37),
	(2649, ' Gomo', 37),
	(2650, ' Lolomatua', 37),
	(2651, ' Lolowa\'U', 37),
	(2652, ' Hibala', 37),
	(2653, ' Salak', 41),
	(2654, ' Kerajaan', 41),
	(2655, ' Sitelutali Urang Jehe', 41),
	(2656, ' Sitelutali Urang Jehe', 41),
	(2657, ' Pangindar', 41),
	(2658, ' Pergetteng-getteng Sengkut', 41),
	(2659, ' Tinada', 41),
	(2660, ' Siempat Rube', 41),
	(2661, ' Pakkat', 28),
	(2662, ' Onan Ganjang', 28),
	(2663, ' Lintong Nihuta', 28),
	(2664, ' Dolok Sanggul', 28),
	(2665, ' Parlilitan', 28),
	(2666, ' Pollung', 28),
	(2667, ' Paranginan', 28),
	(2668, ' Bakti Raja', 28),
	(2669, ' Sijamapolang', 28),
	(2670, ' Tarabintang', 28),
	(2671, ' Harian', 42),
	(2672, ' Sianjur Mula Mula', 42),
	(2673, ' Onan Runggu Timur', 42),
	(2674, ' Palipi', 42),
	(2675, ' Pangururan', 42),
	(2676, ' Simanindo', 42),
	(2677, ' Nainggolan', 42),
	(2678, ' Ronggur Nihuta', 42),
	(2679, ' Sitiotio', 42),
	(2680, ' Kotarih', 43),
	(2681, ' Silinda', 43),
	(2682, ' Bintang Bayu', 43),
	(2683, ' Dolok Masihul', 43),
	(2684, ' Serbajadi', 43),
	(2685, ' Sipispis', 43),
	(2686, ' Dolok Merawan', 43),
	(2687, ' Tebing Tinggi', 43),
	(2688, ' Tebing Syahbandar', 43),
	(2689, ' Bandar Khalifah', 43),
	(2690, ' Tanjung Beringin', 43),
	(2691, ' Teluk Mengkudu', 43),
	(2692, ' Sei Rampah', 43),
	(2693, ' Sei Bamban', 43),
	(2694, ' Perbaungan', 43),
	(2695, ' Pegajahan', 43),
	(2696, ' Pantai Cermin', 43),
	(2697, ' Medang Deras', 25),
	(2698, ' Air Putih', 25),
	(2699, ' Lima Puluh', 25),
	(2700, ' Sei Balai', 25),
	(2701, ' Sei Suka', 25),
	(2702, ' Talawi', 25),
	(2703, ' Tanjung Tiram', 25),
	(2704, ' Padang Bolak Julu', 40),
	(2705, ' Padang Bolak', 40),
	(2706, ' Halongonan', 40),
	(2707, ' Dolok Sxigompulon', 40),
	(2708, ' Portibi', 40),
	(2709, ' Simangambat', 40),
	(2710, ' Batang Onang', 40),
	(2711, ' Dolok', 40),
	(2712, ' Barumun', 39),
	(2713, ' Sosa', 39),
	(2714, ' Barumun Tengah', 39),
	(2715, ' Batang Lubu Sutam. ', 39),
	(2716, ' Huta Raja Tinggi', 39),
	(2717, ' Lubuk Barumun', 39),
	(2718, ' Huristak', 39),
	(2719, ' Ulu Barumun', 39),
	(2720, ' Sosopan', 39),
	(2721, ' Na IX-X', 32),
	(2722, ' Aek Natas', 32),
	(2723, ' Aek Kuo', 32),
	(2724, ' Kualuh Hilir', 32),
	(2725, ' Kualuh Selatan', 32),
	(2726, ' Kualuh Hulu', 32),
	(2727, ' Kualuh Leidong', 32),
	(2728, ' Sungai Kanan', 31),
	(2729, ' Torgamba', 31),
	(2730, ' Kota Pinang', 31),
	(2731, ' Silangkitang', 31),
	(2732, ' Kampung Rakyat', 31),
	(2733, ' Lolofitu Moi', 36),
	(2734, ' Sirombu', 36),
	(2735, ' Lahomi', 36),
	(2736, ' Mandrehe', 36),
	(2737, ' Mandrehe Barat', 36),
	(2738, ' Moro O', 36),
	(2739, ' Mandrehe Barat', 36),
	(2740, ' Ulo Moro O', 36),
	(2741, ' Tuhemberua', 38),
	(2742, ' Lotu', 38),
	(2743, ' Sitolu Ori', 38),
	(2744, ' Sawo', 38),
	(2745, ' Alasa', 38),
	(2746, ' Namohalu Esiwa', 38),
	(2747, ' Alasa Talu Muzoi', 38),
	(2748, ' Tugala Oyo', 38),
	(2749, ' Lahewa', 38),
	(2750, ' Afulu', 38),
	(2751, ' Lahewa Timur', 38),
	(2752, ' Medan Tuntungan', 51),
	(2753, ' Medan Johor', 51),
	(2754, ' Medan Amplas', 51),
	(2755, ' Medan Denai', 51),
	(2756, ' Medan Area', 51),
	(2757, ' Medan Kota', 51),
	(2758, ' Medan Maimun', 51),
	(2759, ' Medan Polonia', 51),
	(2760, ' Medan Baru', 51),
	(2761, ' Medan Selayang', 51),
	(2762, ' Medan Sunggal', 51),
	(2763, ' Medan Helvetia', 51),
	(2764, ' Medan Petisah', 51),
	(2765, ' Medan Barat', 51),
	(2766, ' Medan Timur', 51),
	(2767, ' Medan Perjuangan', 51),
	(2768, ' Medan Tembung', 51),
	(2769, ' Medan Deli', 51),
	(2770, ' Medan Labuhan', 51),
	(2771, ' Medan Marelan', 51),
	(2772, ' Medan Kota Belawan', 51),
	(2773, ' Binjai Selatan', 49),
	(2774, ' Binjai Kota', 49),
	(2775, ' Binjai Timur', 49),
	(2776, ' Binjai Utara', 49),
	(2777, ' Binjai Barat', 49),
	(2778, ' Padang Hulu', 56),
	(2779, ' Rambutan', 56),
	(2780, ' Padang Hilir', 56),
	(2781, ' Bajenis', 56),
	(2782, ' Tebing Tinggi Kota', 56),
	(2783, ' Siantar Marihat', 53),
	(2784, ' Siantar Marimbun', 53),
	(2785, ' Siantar Selatan', 53),
	(2786, ' Siantar Barat', 53),
	(2787, ' Siantar Utara', 53),
	(2788, ' Siantar Timur', 53),
	(2789, ' Siantar Martoba', 53),
	(2790, ' Siantar Sitalasari', 53),
	(2791, ' Datuk Bandar', 55),
	(2792, ' Tanjung Balai Selatan', 55),
	(2793, ' Tanjung Balai Utara', 55),
	(2794, ' S. Tualang Raso', 55),
	(2795, ' Teluk Nibung', 55),
	(2796, ' Sibolga Utara', 54),
	(2797, ' Sibolga Kota', 54),
	(2798, ' Sibolga Selatan', 54),
	(2799, ' Sibolga Sambas', 54),
	(2800, ' Padang Sidimpuan Selatan', 52),
	(2801, ' Padang Sidimpuan Utara', 52),
	(2802, ' Padang Sidimpuan Batu Nadua', 52),
	(2803, ' Padang Sidimpuan Hutaimbaru', 52),
	(2804, ' Padang Sidimpuan Angkola Julu', 52),
	(2805, ' Padang Sidimpuan Tenggara', 52),
	(2806, ' Gunung Sitoli Idanoi', 50),
	(2807, ' Gunung Sitoli   Alo Oa', 50),
	(2808, ' Gunung Sitoli', 50),
	(2809, ' Gunung Sitoli Selatan', 50),
	(2810, ' Gunung Sitoli Barat', 50),
	(2811, ' Gunung Sitoli Utara', 50),
	(2812, ' Tanjung Mutiara', 57),
	(2813, ' Lubuk Basung', 57),
	(2814, ' Tanjung Raya', 57),
	(2815, ' Matur', 57),
	(2816, ' IV Koto', 57),
	(2817, ' IV Angkat Candung', 57),
	(2818, ' Baso', 57),
	(2819, ' Tilatang Kamang', 57),
	(2820, ' Palembayan', 57),
	(2821, ' Palupuh', 57),
	(2822, ' IV Nagari', 57),
	(2823, ' Sungai Pua', 57),
	(2824, ' Candung', 57),
	(2825, ' Kamang Magek', 57),
	(2826, ' Banuhampu', 57),
	(2827, ' Ampek Angkek', 57),
	(2828, ' Malalak', 57),
	(2829, ' Bonjol', 62),
	(2830, ' Lubuk Sikaping', 62),
	(2831, ' II Koto', 62),
	(2832, ' Panti', 62),
	(2833, ' III Nagari', 62),
	(2834, ' Rao', 62),
	(2835, ' Mapat Tunggul', 62),
	(2836, ' Mapat Tunggul Selatan', 62),
	(2837, ' Simpang Alahan Mati', 62),
	(2838, ' Padang Gelugur', 62),
	(2839, ' Rao Utara', 62),
	(2840, ' Rao Selatan', 62),
	(2841, ' Payakumbuh', 60),
	(2842, ' Luak', 60),
	(2843, ' Harau', 60),
	(2844, ' Guguak', 60),
	(2845, ' Suliki', 60),
	(2846, ' Gunuang Omeh', 60),
	(2847, ' Kapur IX', 60),
	(2848, ' Pangkalan Koto Baru', 60),
	(2849, ' Bukkt Barisan', 60),
	(2850, ' Mungka', 60),
	(2851, ' Akabiluru', 60),
	(2852, ' Situjuah Limo Nagari', 60),
	(2853, ' Lareh Sago Halaban', 60),
	(2854, ' Pantai Cermin', 66),
	(2855, ' Lembah Gumanti', 66),
	(2856, ' Payung Sekaki', 66),
	(2857, ' Lembang Jaya', 66),
	(2858, ' Gunung Talang', 66),
	(2859, ' Bukit Sundi', 66),
	(2860, ' Kubung', 66),
	(2861, ' IX Koto Sungai Lasi', 66),
	(2862, ' X Koto Diatas', 66),
	(2863, ' X Koto Singkarak', 66),
	(2864, ' Junjung Sirih', 66),
	(2865, ' Hiliran Gumanti', 66),
	(2866, ' Tigo Lurah', 66),
	(2867, ' Danau Kembar', 66),
	(2868, ' Batang Anai', 61),
	(2869, ' Lubuk Alung', 61),
	(2870, ' Ulakan Tapakis', 61),
	(2871, ' Nan Sabaris', 61),
	(2872, ' 2 x 11 VI Lingkung', 61),
	(2873, ' VII Koto Sungai Sarik', 61),
	(2874, ' V Koto Kampung Dalam', 61),
	(2875, ' Sungai Limau', 61),
	(2876, ' Sungai Geringging', 61),
	(2877, ' IV Koto Aur Malintang', 61),
	(2878, ' Batang Gasan', 61),
	(2879, ' V Koto Timur', 61),
	(2880, ' Patamuan', 61),
	(2881, ' Padang Sago', 61),
	(2882, ' 2 x 11 Kayu Tanam', 61),
	(2883, ' Sintuk Toboh Gadang', 61),
	(2884, ' VI Lingkung', 61),
	(2885, ' Lunang Silaut', 64),
	(2886, ' Basa IV Balai Tapan', 64),
	(2887, ' Pancung Soal', 64),
	(2888, ' Linggo Saribaganti', 64),
	(2889, ' Ranah Pesisir', 64),
	(2890, ' Lengayang', 64),
	(2891, ' Sutera', 64),
	(2892, ' Batang Kapas', 64),
	(2893, ' IV Jurai', 64),
	(2894, ' Bayang', 64),
	(2895, ' Koto XI Terusan', 64),
	(2896, ' IV Bayang Utara', 64),
	(2897, ' Sepuluh Koto', 68),
	(2898, ' Batipuh', 68),
	(2899, ' Pariangan', 68),
	(2900, ' Rambatan', 68),
	(2901, ' Lima Kaum', 68),
	(2902, ' Tanjung Mas', 68),
	(2903, ' Padang Ganting', 68),
	(2904, ' Lintau Buo', 68),
	(2905, ' Sungayang', 68),
	(2906, ' Sungai Tarab', 68),
	(2907, ' Salimpaung', 68),
	(2908, ' Batipuh Selatan', 68),
	(2909, ' Lintau Buo Utara', 68),
	(2910, ' Tanjung Baru', 68),
	(2911, ' Kamang Baru', 65),
	(2912, ' Tanjung Gadang', 65),
	(2913, ' Sijunjung', 65),
	(2914, ' IV Nagari', 65),
	(2915, ' Kupitan', 65),
	(2916, ' Koto Tujuh', 65),
	(2917, ' Sumpur Kudus', 65),
	(2918, ' Lubuk Tarok', 65),
	(2919, ' Pagai Utara', 59),
	(2920, ' Sipora Selatan', 59),
	(2921, ' Siberut Selatan', 59),
	(2922, ' Siberut Utara', 59),
	(2923, ' Siberut Barat', 59),
	(2924, ' Siberut Barat Daya', 59),
	(2925, ' Siberut Tengah', 59),
	(2926, ' Sipora Utara', 59),
	(2927, ' Sikakap', 59),
	(2928, ' Pagai Selatan', 59),
	(2929, ' Sangir', 67),
	(2930, ' Sungai Pagu', 67),
	(2931, ' Koto Parik Gadang Diateh', 67),
	(2932, ' Sangir Jujuhan', 67),
	(2933, ' Sangir Batanghari', 67),
	(2934, ' Pauah Duo', 67),
	(2935, ' Sangir Balai Janggo', 67),
	(2936, ' Sungai Rumbai', 58),
	(2937, ' Koto Baru', 58),
	(2938, ' Sitiung', 58),
	(2939, ' Pulau Punjung', 58),
	(2940, ' Sungai Beremas', 63),
	(2941, ' Ranah Batahan', 63),
	(2942, ' Lembah Melintang', 63),
	(2943, ' Gunung Tuleh', 63),
	(2944, ' Pasaman', 63),
	(2945, ' Kinali', 63),
	(2946, ' Talamau', 63),
	(2947, ' Koto Balingka', 63),
	(2948, ' Luhak Nan Duo', 63),
	(2949, ' Sasak Ranah Pesisir', 63),
	(2950, ' Sungai Aur', 63),
	(2951, ' Guguk Panjang', 69),
	(2952, ' Mandiangin Koto Selayan', 69),
	(2953, ' Aur Birugo Tigo Baleh', 69),
	(2954, ' Bungus Teluk Kabung', 70),
	(2955, ' Lubuk Kilangan', 70),
	(2956, ' Lubuk Begalung', 70),
	(2957, ' Padang Selatan', 70),
	(2958, ' Padang Timur', 70),
	(2959, ' Padang Barat', 70),
	(2960, ' Padang Utara', 70),
	(2961, ' Nanggalo', 70),
	(2962, ' Kuranji', 70),
	(2963, ' Pauh', 70),
	(2964, ' Koto Tangah', 70),
	(2965, ' Padang Panjang Barat', 71),
	(2966, ' Padang Panjang Timur', 71),
	(2967, ' Silungkang', 74),
	(2968, ' Lembah Segar', 74),
	(2969, ' Barangin', 74),
	(2970, ' Talawi', 74),
	(2971, ' Lubuk Sikarah', 75),
	(2972, ' Tanjung Harapan', 75),
	(2973, ' Payakumbuh Barat', 73),
	(2974, ' Payakumbuh Timur', 73),
	(2975, ' Payakumbuh Utara', 73),
	(2976, ' Pariaman Selatan', 72),
	(2977, ' Pariaman Tengah', 72),
	(2978, ' Pariaman Utara', 72),
	(2979, ' XIII Koto Kampar', 79),
	(2980, ' Kampar Kiri', 79),
	(2981, ' Kampar', 79),
	(2982, ' Tambang', 79),
	(2983, ' Bangkinang', 79),
	(2984, ' Bangkinang Barat', 79),
	(2985, ' Siak Hulu', 79),
	(2986, ' Tapung', 79),
	(2987, ' Kampar Kiri Hulu', 79),
	(2988, ' Kampar Kiri Hilir', 79),
	(2989, ' Tapung Hulu', 79),
	(2990, ' Tapung Hilir', 79),
	(2991, ' Tapung Kiri', 79),
	(2992, ' Salo', 79),
	(2993, ' Rumbio Jaya', 79),
	(2994, ' Bangkinang Seberang', 79),
	(2995, ' Perhentian Raja', 79),
	(2996, ' Kampar Timur', 79),
	(2997, ' Kampar Utara', 79),
	(2998, ' Kampar Kiri Tengah', 79),
	(2999, ' Gunung Sahilan', 79),
	(3000, ' Mandau', 76),
	(3001, ' Pinggir', 76),
	(3002, ' Bukit Batu', 76),
	(3003, ' Siak Kecil', 76),
	(3004, ' Rupat', 76),
	(3005, ' Rupat Utara', 76),
	(3006, ' Bengkalis', 76),
	(3007, ' Bantan', 76),
	(3008, ' Peranap', 78),
	(3009, ' Pasir Penyu', 78),
	(3010, ' Kelayang', 78),
	(3011, ' Seberida', 78),
	(3012, ' Rengat', 78),
	(3013, ' Rengat Barat', 78),
	(3014, ' Lirik', 78),
	(3015, ' Batang Gansal', 78),
	(3016, ' Batang Cenaku', 78),
	(3017, ' Batang Peranap', 78),
	(3018, ' Lubuk Batu Jaya', 78),
	(3019, ' Sei Lala', 78),
	(3020, ' Rakit Kulim', 78),
	(3021, ' Kuala Cenaku', 78),
	(3022, ' Keritang', 77),
	(3023, ' Reteh', 77),
	(3024, ' Enok', 77),
	(3025, ' Tanah Merah', 77),
	(3026, ' Kuala Indragiri', 77),
	(3027, ' Tembilahan', 77),
	(3028, ' Tempuling', 77),
	(3029, ' Batang Tuaka', 77),
	(3030, ' Gaung Anak Serka', 77),
	(3031, ' Gaung', 77),
	(3032, ' Mandah', 77),
	(3033, ' Kateman', 77),
	(3034, ' Kemuning', 77),
	(3035, ' Pelangiran', 77),
	(3036, ' Pulau Burung', 77),
	(3037, ' Teluk Blengkong', 77),
	(3038, ' Tembilahan Hulu', 77),
	(3039, ' Concong', 77),
	(3040, ' Kempas', 77),
	(3041, ' Sungai Batang', 77),
	(3042, ' Langgam', 82),
	(3043, ' Pangkalan Kuras', 82),
	(3044, ' Bunut', 82),
	(3045, ' Kuala Kampar', 82),
	(3046, ' Pangkalan Kerinci', 82),
	(3047, ' Ukui', 82),
	(3048, ' Pangkalan Lesung', 82),
	(3049, ' Kerumutan', 82),
	(3050, ' Pelalawan', 82),
	(3051, ' Teluk Meranti', 82),
	(3052, ' Bandar Sei Kijang', 82),
	(3053, ' Bandar Petalangan', 82),
	(3054, ' Minas', 85),
	(3055, ' Siak', 85),
	(3056, ' Sungai Apit', 85),
	(3057, ' Tualang', 85),
	(3058, ' Kerinci Kanan', 85),
	(3059, ' Dayun', 85),
	(3060, ' Bunga Raya', 85),
	(3061, ' Sungai Mandau', 85),
	(3062, ' Kandis', 85),
	(3063, ' Lubuk Dalam', 85),
	(3064, ' Koto Gasip', 85),
	(3065, ' Pusako', 85),
	(3066, ' Sabak Auh', 85),
	(3067, ' Sungai Mempura', 85),
	(3068, ' Kuantan Mudik', 80),
	(3069, ' Kuantan Tengah', 80),
	(3070, ' Benai', 80),
	(3071, ' Singingi', 80),
	(3072, ' Kuantan Hilir', 80),
	(3073, ' Cerenti', 80),
	(3074, ' Pangean', 80),
	(3075, ' Logas Tanah Darat', 80),
	(3076, ' Inuman', 80),
	(3077, ' Singingi Hilir', 80),
	(3078, ' Hulu Kuantan', 80),
	(3079, ' Gunung Toar', 80),
	(3080, ' Ujung Batu', 84),
	(3081, ' Rokan IV Koto', 84),
	(3082, ' Rambah', 84),
	(3083, ' Tembusai', 84),
	(3084, ' Kepenuhan', 84),
	(3085, ' Kunto Darussalam', 84),
	(3086, ' Rambah Samo', 84),
	(3087, ' Rambah Hilir', 84),
	(3088, ' Tembusai Utara', 84),
	(3089, ' Bangun Purba', 84),
	(3090, ' Tandun', 84),
	(3091, ' Kabun', 84),
	(3092, ' Bonai Darussalam', 84),
	(3093, ' Pagaran Tapah Darussalam', 84),
	(3094, ' Pendalian IV Koto', 84),
	(3095, ' Kubu', 83),
	(3096, ' Bangko', 83),
	(3097, ' Tanah Putih', 83),
	(3098, ' Rimba Melintang', 83),
	(3099, ' Bagan Sinembah', 83),
	(3100, ' Pasir Limau Kapas', 83),
	(3101, ' Sinaboi', 83),
	(3102, ' Tanah Putih Tanjung Melawan', 83),
	(3103, ' Pujud', 83),
	(3104, ' Bangko Pusako', 83),
	(3105, ' Simpang Kanan', 83),
	(3106, ' Batu Hampar', 83),
	(3107, ' Rantau Kopar', 83),
	(3108, ' Merbau', 81),
	(3109, ' Rangsang', 81),
	(3110, ' Rangsang Barat', 81),
	(3111, ' Tebing Tinggi', 81),
	(3112, ' Tebing Tinggi Barat', 81),
	(3113, ' Tampan', 87),
	(3114, ' Bukit Raya', 87),
	(3115, ' Lima Puluh', 87),
	(3116, ' Sail', 87),
	(3117, ' Pekanbaru Kota', 87),
	(3118, ' Sukajadi', 87),
	(3119, ' Senapelan', 87),
	(3120, ' Rumbai', 87),
	(3121, ' Tenayan Raya', 87),
	(3122, ' Marpoyan Damai', 87),
	(3123, ' Rumbai Pesisir', 87),
	(3124, ' Payung Sekaki', 87),
	(3125, ' Bukit Kapur', 86),
	(3126, ' Dumai Barat', 86),
	(3127, ' Dumai Timur', 86),
	(3128, ' Medang Kampai', 86),
	(3129, ' Sungai Sembilan', 86),
	(3130, ' Bintan Utara', 88),
	(3131, ' Gunung Kijang', 88),
	(3132, ' Tambelan', 88),
	(3133, ' Teluk Bintan', 88),
	(3134, ' Teluk Sebong', 88),
	(3135, ' Toapaya', 88),
	(3136, ' Mantang', 88),
	(3137, ' Bintan Pesisir', 88),
	(3138, ' Seri Kuala Loban', 88),
	(3139, ' Bintan Timur', 88),
	(3140, ' Moro', 89),
	(3141, ' Kundur', 89),
	(3142, ' Karimun', 89),
	(3143, ' Meral', 89),
	(3144, ' Tebing', 89),
	(3145, ' Buru', 89),
	(3146, ' Kundur Utara', 89),
	(3147, ' Kundur Barat', 89),
	(3148, ' Durai', 89),
	(3149, ' Midai', 92),
	(3150, ' Bunguran Barat', 92),
	(3151, ' Bunguran Timur', 92),
	(3152, ' Serasan', 92),
	(3153, ' Subi', 92),
	(3154, ' Bunguran Utara', 92),
	(3155, ' Pulau Laut', 92),
	(3156, ' Pulau Tiga', 92),
	(3157, ' Bunguran Timur Laut', 92),
	(3158, ' Bunguran Tengah', 92),
	(3159, ' Bunguran Selatan', 92),
	(3160, ' Serasan Timur', 92),
	(3161, ' Singkep', 91),
	(3162, ' Lingga', 91),
	(3163, ' Senayang', 91),
	(3164, ' Singkep Barat', 91),
	(3165, ' Lingga Utara', 91),
	(3166, ' Jemaja', 90),
	(3167, ' Jemaja Timur', 90),
	(3168, ' Siantan', 90),
	(3169, ' Pal Matak', 90),
	(3170, ' Siantan Selatan', 90),
	(3171, ' Siantan Timur', 90),
	(3172, ' Siantan Tengah', 90),
	(3173, ' Belakang Padang', 93),
	(3174, ' Sekupang', 93),
	(3175, ' Sei Beduk', 93),
	(3176, ' Bulang', 93),
	(3177, ' Lubuk Baja', 93),
	(3178, ' Batu Ampar', 93),
	(3179, ' Nongsa', 93),
	(3180, ' Galang', 93),
	(3181, ' Bengkong', 93),
	(3182, ' Batam Kota', 93),
	(3183, ' Sagulung', 93),
	(3184, ' Batu Aji', 93),
	(3185, ' Tanjung Pinang Barat', 94),
	(3186, ' Tanjung Pinang Timur', 94),
	(3187, ' Tanjung Pinang Kota', 94),
	(3188, ' Bukit Bestari', 94),
	(3189, ' Mersan', 105),
	(3190, ' Muara Tembesi', 105),
	(3191, ' Batin XXIV', 105),
	(3192, ' Muara Bulian', 105),
	(3193, ' Pemayung', 105),
	(3194, ' Maro Sebo Ulu', 105),
	(3195, ' Bajubang', 105),
	(3196, ' Maro Sebo Ilir', 105),
	(3197, ' Tanah Tumbuh', 110),
	(3198, ' Tanah Sepenggal', 110),
	(3199, ' Jujuhan', 110),
	(3200, ' Rantau Pandan', 110),
	(3201, ' Pasar Muara Bungo', 110),
	(3202, ' Pelepat', 110),
	(3203, ' Pelepat Ilir', 110),
	(3204, ' Limbur Lubuk Mengkuang', 110),
	(3205, ' Bathin II Babeko', 110),
	(3206, ' Muko Muko Batin VII', 110),
	(3207, ' Bungo Dani', 110),
	(3208, ' Bathin III', 110),
	(3209, ' Bathin III Ulu', 110),
	(3210, ' Tanah Sepenggal Luas', 110),
	(3211, ' Bathin II Pelayang', 110),
	(3212, ' Jujuhan Ilir', 110),
	(3213, ' Rimbo Tengah', 110),
	(3214, ' Batang Asai', 104),
	(3215, ' Limun', 104),
	(3216, ' Sarolangon', 104),
	(3217, ' Pelawan', 104),
	(3218, ' Pauh', 104),
	(3219, ' Mandiangin', 104),
	(3220, ' Air Hitam', 104),
	(3221, ' Bathin VIII', 104),
	(3222, ' Singkut', 104),
	(3223, ' Cermin Nan Gadang', 104),
	(3224, ' Tungkal Ulu', 108),
	(3225, ' Merlung', 108),
	(3226, ' Batang Asam', 108),
	(3227, ' Tebing Tinggi', 108),
	(3228, ' Renah Mendalu', 108),
	(3229, ' Muara Papalik', 108),
	(3230, ' Pengabuan', 108),
	(3231, ' Senyerang', 108),
	(3232, ' Tungkal Ilir', 108),
	(3233, ' Bram Itam', 108),
	(3234, ' Seberang Kota', 108),
	(3235, ' Betara', 108),
	(3236, ' Kuala Betara', 108),
	(3237, ' Gunung Raya', 102),
	(3238, ' Batang Merangin', 102),
	(3239, ' Keliling Danau', 102),
	(3240, ' Danau Kerinci', 102),
	(3241, ' Sitinjau Laut', 102),
	(3242, ' Air Hangat', 102),
	(3243, ' Air Hangat Timur', 102),
	(3244, ' Depati Tujuh', 102),
	(3245, ' Gunung Kerinci', 102),
	(3246, ' Siulak', 102),
	(3247, ' Kayu Aro', 102),
	(3248, ' Gunung Tujuh', 102),
	(3249, ' Rimbo Bujang', 109),
	(3250, ' Tebo Ilir', 109),
	(3251, ' Tebo Tengah', 109),
	(3252, ' Tebo Ulu', 109),
	(3253, ' Sumay', 109),
	(3254, ' VII Koto', 109),
	(3255, ' Rimbo Ilir', 109),
	(3256, ' Rimbo Ulu', 109),
	(3257, ' Tengah Ilir', 109),
	(3258, ' Serai Serumpun', 109),
	(3259, ' VII Koto Ilir', 109),
	(3260, ' Muara Tabir', 109),
	(3261, ' Jambi Luar Kota', 106),
	(3262, ' Mestong', 106),
	(3263, ' Kumpeh Ulu', 106),
	(3264, ' Sekernan', 106),
	(3265, ' Maro Sebo', 106),
	(3266, ' Kumpeh', 106),
	(3267, ' Sungai Bahar', 106),
	(3268, ' Sungai Gelam', 106),
	(3269, ' Muara Sabak', 107),
	(3270, ' Mendahara', 107),
	(3271, ' Dendang', 107),
	(3272, ' Nipah Panjang', 107),
	(3273, ' Rantau Rasau', 107),
	(3274, ' Sadu', 107),
	(3275, ' Mendahara Ulu', 107),
	(3276, ' Geragai', 107),
	(3277, ' Muara Sabak Barat', 107),
	(3278, ' Muara Sabak Timur', 107),
	(3279, ' Kuala Jambi', 107),
	(3280, ' Berbak', 107),
	(3281, ' Jangkat', 103),
	(3282, ' Bangko', 103),
	(3283, ' Pamenang', 103),
	(3284, ' Muara Siau', 103),
	(3285, ' Sungai Manau', 103),
	(3286, ' Tabir', 103),
	(3287, ' Tabir Ulu', 103),
	(3288, ' Lembah Masuarai', 103),
	(3289, ' Tabir Selatan', 103),
	(3290, ' Bangko Barat', 103),
	(3291, ' Nalo Tantan', 103),
	(3292, ' Batang Masumai', 103),
	(3293, ' Pamenang Barat', 103),
	(3294, ' Tabir Ilir', 103),
	(3295, ' Tabir Timur', 103),
	(3296, ' Renah Pemparap', 103),
	(3297, ' Pangkalan Jambu', 103),
	(3298, ' Sungai Tenang', 103),
	(3299, ' Tiang Pumpung', 103),
	(3300, ' Renah Pamenang ', 103),
	(3301, ' Pamenang Selatan', 103),
	(3302, ' Tabir Lintas', 103),
	(3303, ' Margo Tabir', 103),
	(3304, ' Tabir Barat', 103),
	(3305, ' Tanah Kampung', 112),
	(3306, ' Sungai Penuh', 112),
	(3307, ' Hamparan Rawang', 112),
	(3308, ' Pesisir Bukit', 112),
	(3309, ' Kumun Debai', 112),
	(3310, ' Kota Baru', 111),
	(3311, ' Jambi Selatan', 111),
	(3312, ' Jelutung', 111),
	(3313, ' Pasar Jambi', 111),
	(3314, ' Telanai Pura', 111),
	(3315, ' Danau Teluk', 111),
	(3316, ' Pelayangan', 111),
	(3317, ' Jambi Timur', 111),
	(3318, ' Sanga Desa', 127),
	(3319, ' Babat Toman', 127),
	(3320, ' Sungai Keruh', 127),
	(3321, ' Sekayu', 127),
	(3322, ' Sungai Lilin', 127),
	(3323, ' Bayung Lencir', 127),
	(3324, ' Lais', 127),
	(3325, ' Batanghari Leko', 127),
	(3326, ' Keluang', 127),
	(3327, ' Plakat Tinggi', 127),
	(3328, ' Lalan', 127),
	(3329, ' Lempuing', 130),
	(3330, ' Mesuji', 130),
	(3331, ' Tulung Selapan', 130),
	(3332, ' Pedamaran', 130),
	(3333, ' Kota Ayu Agung', 130),
	(3334, ' Sirah Pulau Padang', 130),
	(3335, ' Pampangan', 130),
	(3336, ' Air Sugihan', 130),
	(3337, ' Cengal', 130),
	(3338, ' Jejawi', 130),
	(3339, ' Sungai Menang', 130),
	(3340, ' Lempuing Jaya', 130),
	(3341, ' Mesuji Makmur', 130),
	(3342, ' Mesuji Raya', 130),
	(3343, ' Pedamaran Timur', 130),
	(3344, ' Teluk Gelam', 130),
	(3345, ' Pangkalan Lapam', 130),
	(3346, ' Tanjung Lubuk', 130),
	(3347, ' Sosoh Buay Rayap', 131),
	(3348, ' Pengandonan', 131),
	(3349, ' Peninjauan', 131),
	(3350, ' Lubuk Batang', 131),
	(3351, ' Ulu Ogan', 131),
	(3352, ' Semidang Aji', 131),
	(3353, ' Lengkiti', 131),
	(3354, ' Baturaja Timur', 131),
	(3355, ' Baturaja Barat', 131),
	(3356, ' Sinar Peninjauan', 131),
	(3357, ' Lubuk Raja', 131),
	(3358, ' Semende Darat Laut', 126),
	(3359, ' Tanjung Agung', 126),
	(3360, ' Lawang Kidul', 126),
	(3361, ' Muara Enim', 126),
	(3362, ' Gunung Megang', 126),
	(3363, ' Talang Ubi', 126),
	(3364, ' Gelumbang', 126),
	(3365, ' Sungai Rotan', 126),
	(3366, ' Lembak', 126),
	(3367, ' Benakat', 126),
	(3368, ' Ujan Mas', 126),
	(3369, ' Penukal ', 126),
	(3370, ' Penukal Utara', 126),
	(3371, ' Tanah Abang', 126),
	(3372, ' Lubai', 126),
	(3373, ' Rambang', 126),
	(3374, ' Semende Darat Ulu', 126),
	(3375, ' Semende Darat Tengah', 126),
	(3376, ' Rambang Dangku', 126),
	(3377, ' Abab', 126),
	(3378, ' Kelekar', 126),
	(3379, ' Muara Belida', 126),
	(3380, ' Kota Agung', 125),
	(3381, ' Pulau Pinang', 125),
	(3382, ' Gumay Ulu', 125),
	(3383, ' Jarai', 125),
	(3384, ' Kikim Timur', 125),
	(3385, ' Lahat', 125),
	(3386, ' Merapi Selatan', 125),
	(3387, ' Mulak Ulu', 125),
	(3388, ' Pajar Bulan', 125),
	(3389, ' Kikim Selatan', 125),
	(3390, ' Kikim Barat', 125),
	(3391, ' Kikim Tengah', 125),
	(3392, ' Tanjung Sakti Pumi', 125),
	(3393, ' Tanjung Sakti Pumu', 125),
	(3394, ' Merapi Barat', 125),
	(3395, ' Pseksu', 125),
	(3396, ' Gumay Talang', 125),
	(3397, ' Pagar Gunung', 125),
	(3398, ' Merapi Timur', 125),
	(3399, ' Rawas Ulu', 128),
	(3400, ' Rupit', 128),
	(3401, ' Tugu Mulyo', 128),
	(3402, ' Muara Beliti', 128),
	(3403, ' Jayaloka', 128),
	(3404, ' Muara Kelingi', 128),
	(3405, ' Muara Lakitan', 128),
	(3406, ' Megang Sakti', 128),
	(3407, ' Rawas Ilir', 128),
	(3408, ' Purwodadi', 128),
	(3409, ' Selangit', 128),
	(3410, ' Karang Jaya', 128),
	(3411, ' Karang Dapo', 128),
	(3412, ' Bulan Tengah Suku Ulu', 128),
	(3413, ' Ulu Rawas', 128),
	(3414, ' Nibung', 128),
	(3415, ' STL  Ulu Terawas ', 128),
	(3416, ' Tiang Pumpung Kepungut', 128),
	(3417, ' Sumber Harta', 128),
	(3418, ' Tanah Negeri', 128),
	(3419, ' Suka Karya', 128),
	(3420, ' Rantau Bayur', 123),
	(3421, ' Talang Kelapa', 123),
	(3422, ' Banyuasin III', 123),
	(3423, ' Betung', 123),
	(3424, ' Makarti Jaya', 123),
	(3425, ' Banyuasin I', 123),
	(3426, ' Banyuasin II', 123),
	(3427, ' Rambutan', 123),
	(3428, ' Muara Telang', 123),
	(3429, ' Muara Padang', 123),
	(3430, ' Tanjung Lago', 123),
	(3431, ' Muara Sugihan', 123),
	(3432, ' Air Salek', 123),
	(3433, ' Tungkal Ilir', 123),
	(3434, ' Pulau Rimau', 123),
	(3435, ' Martapura', 133),
	(3436, ' Buay Madang', 133),
	(3437, ' Cempaka', 133),
	(3438, ' Madang Suku I', 133),
	(3439, ' Madang Suku II', 133),
	(3440, ' Belitang I', 133),
	(3441, ' Belitang II', 133),
	(3442, ' Belitang III', 133),
	(3443, ' Buay Pemuka Peliung', 133),
	(3444, ' Semendawai Suku III', 133),
	(3445, ' Bunga Mayang', 133),
	(3446, ' Buay Madang Timur', 133),
	(3447, ' Madang Suku III', 133),
	(3448, ' Semendawai Barat', 133),
	(3449, ' Semendawai Timur', 133),
	(3450, ' Jayapura', 133),
	(3451, ' Belitang Jaya', 133),
	(3452, ' Belitang Madang Raya', 133),
	(3453, ' Buay Pemuka Bangsa Raja', 133),
	(3454, ' Belitang Mulia', 133),
	(3455, ' Banding Agung', 132),
	(3456, ' Pulau Beringin', 132),
	(3457, ' Muaradua Kisam', 132),
	(3458, ' Muaradua', 132),
	(3459, ' Simpang', 132),
	(3460, ' Buay Sandang Aji', 132),
	(3461, ' Buay Runjung', 132),
	(3462, ' Buay Pemaca', 132),
	(3463, ' Mekakau Ilir', 132),
	(3464, ' Kisam Tinggi', 132),
	(3465, ' Kisam Ilir', 132),
	(3466, ' Buay Pematang Ribu Ranau Teng', 132),
	(3467, ' Warkuk Ranau Selatan', 132),
	(3468, ' Runjung Agung', 132),
	(3469, ' Sungai Are', 132),
	(3470, ' Sidang Danau', 132),
	(3471, ' Buana Pemaca', 132),
	(3472, ' Tiga Dihaji', 132),
	(3473, ' Buay Rawan', 132),
	(3474, ' Tanjung Raja', 129),
	(3475, ' Muara Kuang', 129),
	(3476, ' Tanjung Batu', 129),
	(3477, ' Indralaya', 129),
	(3478, ' Pemulutan', 129),
	(3479, ' Rantau Alai', 129),
	(3480, ' Rambang Kuang', 129),
	(3481, ' Lubuk Keliat', 129),
	(3482, ' Payaraman', 129),
	(3483, ' Kandis', 129),
	(3484, ' Pemulutan Selatan', 129),
	(3485, ' Pemulutan Barat', 129),
	(3486, ' Indralaya Selatan', 129),
	(3487, ' Indralaya Utara', 129),
	(3488, ' Rantau Panjang', 129),
	(3489, ' Sungai Pinang', 129),
	(3490, ' Lintang Kanan', 124),
	(3491, ' Muara Pinang', 124),
	(3492, ' Pasemah Air Keruh', 124),
	(3493, ' Pendopo', 124),
	(3494, ' Talang Padang', 124),
	(3495, ' Tebing Tinggi', 124),
	(3496, ' Ulu Musi', 124),
	(3497, ' Ilir Barat II', 136),
	(3498, ' Seberang Ulu I', 136),
	(3499, ' Seberang Ulu II', 136),
	(3500, ' Ilir Barat I', 136),
	(3501, ' Ilir Timur I', 136),
	(3502, ' Ilir Timur II', 136),
	(3503, ' Sako', 136),
	(3504, ' Sukarami', 136),
	(3505, ' Kemuning', 136),
	(3506, ' Plaju', 136),
	(3507, ' Kertapati', 136),
	(3508, ' Gandus', 136),
	(3509, ' Bukit Kecil', 136),
	(3510, ' Kalidoni', 136),
	(3511, ' Alang-Alang Lebar', 136),
	(3512, ' Sematang Borang', 136),
	(3513, ' Prabumulih Timur', 137),
	(3514, ' Prabumulih Barat', 137),
	(3515, ' Cambai', 137),
	(3516, ' Rambang Kapak Tengah', 137),
	(3517, ' Prabumulih Utara', 137),
	(3518, ' Prabumulih Selatan', 137),
	(3519, ' Lubuk Linggau Barat I', 134),
	(3520, ' Lubuk Linggau Timur I', 134),
	(3521, ' Lubuk Linggau Selatan I', 134),
	(3522, ' Lubuk Linggau Utara I', 134),
	(3523, ' Lubuk Linggau Barat II', 134),
	(3524, ' Lubuk Linggau Timur II', 134),
	(3525, ' Lubuk Linggau Selatan II', 134),
	(3526, ' Lubuk Linggau Utara II', 134),
	(3527, ' Pagar Alam Utara', 135),
	(3528, ' Pagar Alam Selatan', 135),
	(3529, ' Dempo Utara', 135),
	(3530, ' Dempo Selatan', 135),
	(3531, ' Dempo Tengah', 135),
	(3532, ' Mendo Barat', 95),
	(3533, ' Merawang', 95),
	(3534, ' Sungai Liat', 95),
	(3535, ' Belinyu', 95),
	(3536, ' Bakam', 95),
	(3537, ' Pemali', 95),
	(3538, ' Riau Silip', 95),
	(3539, ' Puding Besar', 95),
	(3540, ' Membalong', 99),
	(3541, ' Sijuk', 99),
	(3542, ' Badau', 99),
	(3543, ' Selat Nasik', 99),
	(3544, ' Tanjung Pandan', 99),
	(3545, ' Koba', 98),
	(3546, ' Lubuk Besar', 98),
	(3547, ' Sungai Selan', 98),
	(3548, ' Simpang Katis', 98),
	(3549, ' Pangkalan Baru', 98),
	(3550, ' Namang', 98),
	(3551, ' Kelapa', 96),
	(3552, ' Tempilang', 96),
	(3553, ' Simpang Teritip', 96),
	(3554, ' Jebus', 96),
	(3555, ' Mentok', 96),
	(3556, ' Payung', 97),
	(3557, ' Pulau Besar', 97),
	(3558, ' Simpang Rimba', 97),
	(3559, ' Toboali', 97),
	(3560, ' Tukak Sadai', 97),
	(3561, ' Air Gegas', 97),
	(3562, ' Lepar Pongok', 97),
	(3563, ' Dendang', 100),
	(3564, ' Gantung', 100),
	(3565, ' Manggar', 100),
	(3566, ' Kelapa Kampit', 100),
	(3567, ' Rangkui', 101),
	(3568, ' Bukit Intan', 101),
	(3569, ' Pangkal Balam', 101),
	(3570, ' Tamansari', 101),
	(3571, ' Gerunggang', 101),
	(3572, ' Enggano', 115),
	(3573, ' Talang Empat', 115),
	(3574, ' Karang Tinggi', 115),
	(3575, ' Taba Penanjung', 115),
	(3577, '"', 115),
	(3578, ' Pondok Kelapa', 115),
	(3579, ' Pematang Tiga', 115),
	(3580, ' Kerkap', 115),
	(3581, ' Air Napal', 115),
	(3582, ' Air Besi', 115),
	(3583, ' Arga Makmur', 115),
	(3584, ' Lais', 115),
	(3585, ' Batik Nau', 115),
	(3586, ' Giri Mulia', 115),
	(3587, ' Padang Jaya', 115),
	(3588, ' Ketahun', 115),
	(3589, ' Napal Putih', 115),
	(3590, ' Putri Hijau', 115),
	(3591, ' Kota Padang', 120),
	(3592, ' Padang Ulang Tanding', 120),
	(3593, ' Curup', 120),
	(3594, ' Sindang Kelingi', 120),
	(3595, ' Bermani Ulu', 120),
	(3596, ' Selupu Rejang', 120),
	(3597, ' Sindang Beliti Ilir', 120),
	(3598, ' Bindu Riang', 120),
	(3599, ' Sindang Beliti Ulu', 120),
	(3600, ' Sindang Dataran', 120),
	(3601, ' Curup Selatan', 120),
	(3602, ' Curup Tengah', 120),
	(3603, ' Bermani Ulu Raya', 120),
	(3604, ' Curup Utara', 120),
	(3605, ' Curup Timur', 120),
	(3606, ' Manna', 113),
	(3607, ' Seginim', 113),
	(3608, ' Pino', 113),
	(3609, ' Kota Manna', 113),
	(3610, ' Pinoraya', 113),
	(3611, ' Kedurang', 113),
	(3612, ' Bunga Mas', 113),
	(3613, ' Pasar Manna', 113),
	(3614, ' Kedurang Ilir', 113),
	(3615, ' Air Nipis', 113),
	(3616, ' Ulu Manna', 113),
	(3617, ' Muko-Muko Selatan', 119),
	(3618, ' Air Rami', 119),
	(3619, ' Malin Deman', 119),
	(3620, ' Pondok Suguh', 119),
	(3621, ' Sungai Rumbai', 119),
	(3622, ' Teramang Jaya', 119),
	(3623, ' Teras Terunjam', 119),
	(3624, ' Penarik', 119),
	(3625, ' Selagan Raya', 119),
	(3626, ' Muko-Muko Utara', 119),
	(3627, ' Air Dikit', 119),
	(3628, ' XIV Koto', 119),
	(3629, ' Lubuk Pinang', 119),
	(3630, ' Air Manjunto', 119),
	(3631, ' V Koto', 119),
	(3632, ' Kepahiang', 117),
	(3633, ' Bermani Ilir', 117),
	(3634, ' Tebat Karai', 117),
	(3635, ' Ujan Mas', 117),
	(3636, ' Muara Kemumu', 117),
	(3637, ' Seberang Musi', 117),
	(3638, ' Kaba Wetan', 117),
	(3639, ' Merigi', 117),
	(3640, ' Lebong Selatan', 118),
	(3641, ' Lebong Utara', 118),
	(3642, ' Rimbo Pegadang', 118),
	(3643, ' Lebong Tengah', 118),
	(3644, ' Lebong Atas', 118),
	(3645, ' Padang Bano', 118),
	(3646, ' Kaur Selatan', 116),
	(3647, ' Kaur Tengah', 116),
	(3648, ' Kaur Utara', 116),
	(3649, ' Maje', 116),
	(3650, ' Nasal', 116),
	(3651, ' Kinal', 116),
	(3652, ' Tanjung Kemuning', 116),
	(3653, ' Muara Tetap', 116),
	(3654, ' Luas', 116),
	(3655, ' Muara Sahung', 116),
	(3656, ' Semidang Gumai', 116),
	(3657, ' Kelam Tengah', 116),
	(3658, ' Padang Guci Hilir', 116),
	(3659, ' Padang Guci Ulu', 116),
	(3660, ' Lungkang Kule', 116),
	(3661, ' Talo', 121),
	(3662, ' Seluma', 121),
	(3663, ' Sukaraja', 121),
	(3664, ' Semidang Alas Maras', 121),
	(3665, ' Semidang Alas', 121),
	(3666, ' Ilir Talo', 121),
	(3667, ' Talo Kecil', 121),
	(3668, ' Ulu Talo', 121),
	(3669, ' Seluma Selatan', 121),
	(3670, ' Seluma Barat', 121),
	(3671, ' Seluma Timur', 121),
	(3672, ' Seluma Utara', 121),
	(3673, ' Air Periukan', 121),
	(3674, ' Lubuk Sandi', 121),
	(3675, ' Talang Empat', 114),
	(3676, ' Karang Tinggi', 114),
	(3677, ' Taba Penanjung', 114),
	(3679, '"', 114),
	(3680, ' Pondok Kelapa', 114),
	(3681, ' Pematang Tiga', 114),
	(3682, ' Selebar', 122),
	(3683, ' Gading Cempaka', 122),
	(3684, ' Teluk Segara', 122),
	(3685, ' Muara Bangkahulu', 122),
	(3686, ' Kampung Melayu', 122),
	(3687, ' Ratu Agung', 122),
	(3688, ' Ratu Samban', 122),
	(3689, ' Sungai  Serut', 122),
	(3690, ' Natar', 139),
	(3691, ' Jati Agung', 139),
	(3692, ' Tanjung Bintang', 139),
	(3693, ' Katibung', 139),
	(3694, ' Sidomulyo', 139),
	(3695, ' Kalianda', 139),
	(3696, ' Palas', 139),
	(3697, ' Penengahan', 139),
	(3698, ' Merbau Mataram', 139),
	(3699, ' Candipuro', 139),
	(3700, ' Rajabasa', 139),
	(3701, ' Sragi', 139),
	(3702, ' Ketapang', 139),
	(3703, ' Padang Ratu', 140),
	(3704, ' Kalirejo', 140),
	(3705, ' Bangunrejo', 140),
	(3706, ' Gunung Sugih', 140),
	(3707, ' Trimurjo', 140),
	(3708, ' Punggur', 140),
	(3709, ' Seputih Raman', 140),
	(3710, ' Terbanggi Besar', 140),
	(3711, ' Terusan Nunyai', 140),
	(3712, ' Seputih Mataram', 140),
	(3713, ' Seputih Banyak', 140),
	(3714, ' Rumbia', 140),
	(3715, ' Seputih Surabaya', 140),
	(3716, ' Bumi Ratu Nuban', 140),
	(3717, ' Way Pengubuan', 140),
	(3718, ' Seputih Agung', 140),
	(3719, ' Bandar Mataram', 140),
	(3720, ' Sendang Agung', 140),
	(3721, ' Anak Tuha', 140),
	(3722, ' Pubian', 140),
	(3723, ' Bandar Surabaya', 140),
	(3724, ' Bumi Nabung', 140),
	(3725, ' Way Seputih', 140),
	(3726, ' Kota Gajah', 140),
	(3727, ' Selagai Lingga', 140),
	(3728, ' Bekri', 140),
	(3729, ' Anak Ratu Aji', 140),
	(3730, ' Putra Rumbia', 140),
	(3731, ' Bukit Kemuning', 142),
	(3732, ' Tanjung Raja', 142),
	(3733, ' Abung Barat', 142),
	(3734, ' Kotabumi Kota', 142),
	(3735, ' Abung Selatan', 142),
	(3736, ' Abung Timur', 142),
	(3737, ' Sungkai Selatan', 142),
	(3738, ' Sungkai Utara', 142),
	(3739, ' Abung Tinggi', 142),
	(3740, ' Abung Tengah', 142),
	(3741, ' Kotabumi Utara', 142),
	(3742, ' Kotabumi Selatan', 142),
	(3743, ' Abung Semuli', 142),
	(3744, ' Abung Surakarta', 142),
	(3745, ' Muara Sungkai', 142),
	(3746, ' Bunga Mayang', 142),
	(3747, ' Hulu Sungkai', 142),
	(3748, ' Sungkai Tengah', 142),
	(3749, ' Abung Pekurun', 142),
	(3750, ' Sungkai Jaya', 142),
	(3751, ' Sungkai Barat', 142),
	(3752, ' Abung Kunang', 142),
	(3753, ' Blambangan Pagar', 142),
	(3754, ' Pesisir Selatan', 138),
	(3755, ' Pesisir Tengah', 138),
	(3756, ' Pesisir Utara', 138),
	(3757, ' Balik Bukit', 138),
	(3758, ' Belalau', 138),
	(3759, ' Sumber Jaya', 138),
	(3760, ' Sekincau', 138),
	(3761, ' Bengkunat', 138),
	(3762, ' Bengkunat Belimbing', 138),
	(3763, ' Ngambur', 138),
	(3764, ' Batu Brak', 138),
	(3765, ' Karyapenggawa', 138),
	(3766, ' Lemong', 138),
	(3767, ' Waytenong', 138),
	(3768, ' Gedung Surian', 138),
	(3769, ' Sukau', 138),
	(3770, ' Suoh', 138),
	(3771, ' Banjar Agung', 147),
	(3772, ' Gedung Aji', 147),
	(3773, ' Manggala', 147),
	(3774, ' Penawartama', 147),
	(3775, ' Rawajitu Selatan', 147),
	(3776, ' Gedung Meneng', 147),
	(3777, ' Banjar Margo', 147),
	(3778, ' Penawar Aji', 147),
	(3779, ' Rawa Pitu', 147),
	(3780, ' Rawajitu Timur', 147),
	(3781, ' Meraksa Aji', 147),
	(3782, ' Gedung AJI Baru', 147),
	(3783, ' Dente Teladas', 147),
	(3784, ' Wonosobo', 146),
	(3785, ' Kota Agung', 146),
	(3786, ' Pulau Panggung', 146),
	(3787, ' Talang Padang', 146),
	(3788, ' Pugung', 146),
	(3789, ' Cukuh Balak', 146),
	(3790, ' Pematang Sawa', 146),
	(3791, ' Sumberejo', 146),
	(3792, ' Semaka', 146),
	(3793, ' Ulu Belu', 146),
	(3794, ' Kelumbayan', 146),
	(3795, 'Kota Agung Barat', 146),
	(3796, 'Kota Agung Timur', 146),
	(3797, ' Gisting', 146),
	(3798, ' Gunung Alip', 146),
	(3799, ' Limau', 146),
	(3800, ' Bandar Negeri Semuong', 146),
	(3801, ' Air Naningan', 146),
	(3802, ' Bulok', 146),
	(3803, ' Kelumbayan Barat', 146),
	(3804, ' Metro Kibang', 141),
	(3805, ' Batanghari', 141),
	(3806, ' Sekampung', 141),
	(3807, ' Margatiga', 141),
	(3808, ' Sekampung Udik', 141),
	(3809, ' Jabung', 141),
	(3810, ' Labuhan Maringgai', 141),
	(3811, ' Way Jepara', 141),
	(3812, ' Sukadana', 141),
	(3813, ' Pekalongan', 141),
	(3814, ' Raman Utara', 141),
	(3815, ' Purbolinggo', 141),
	(3816, ' Bumi Agung', 141),
	(3817, ' Braja Slebah', 141),
	(3818, ' Bandar Sribawono', 141),
	(3819, ' Mataram Baru', 141),
	(3820, ' Melinting', 141),
	(3821, ' Gunung Pelindung', 141),
	(3822, ' Waway Karya', 141),
	(3823, ' Pasir Sakti', 141),
	(3824, ' Labuhan Ratu', 141),
	(3825, ' Batanghari Nuban', 141),
	(3826, ' Way Bungur', 141),
	(3827, ' Marga Sekampung', 141),
	(3828, ' Banjit', 149),
	(3829, ' Baradatu', 149),
	(3830, ' Kasui', 149),
	(3831, ' Blambangan Umpu', 149),
	(3832, ' Bahuga', 149),
	(3833, ' Pakuan Ratu', 149),
	(3834, ' Gunung Labuhan', 149),
	(3835, ' Rebang Tangkas', 149),
	(3836, ' Way Tuba', 149),
	(3837, ' Negeri Agung', 149),
	(3838, ' Negara Batin', 149),
	(3839, ' Negeri Besar', 149),
	(3840, ' Buay Bahuga', 149),
	(3841, ' Bumi Agung', 149),
	(3842, ' Padang Cermin', 144),
	(3843, ' Punduh Pedada', 144),
	(3844, ' Kedondong', 144),
	(3845, ' Way Lima', 144),
	(3846, ' Gedung Tataan', 144),
	(3847, ' Negeri Katon', 144),
	(3848, ' Tegineneng', 144),
	(3849, ' Pagelaran', 145),
	(3850, ' Sukoharjo', 145),
	(3851, ' Adiluwih', 145),
	(3852, ' Banyumas', 145),
	(3853, ' Pringsewu', 145),
	(3854, ' Ambarawa', 145),
	(3855, ' Gadingrejo', 145),
	(3856, ' Pardasuka', 145),
	(3857, ' Mesuji', 143),
	(3858, ' Tanjung Raya', 143),
	(3859, ' Rawajitu Utara', 143),
	(3860, ' Mesuji Timur', 143),
	(3861, ' Simpang Pematang', 143),
	(3862, ' Way Serdang', 143),
	(3863, ' Panca Jaya', 143),
	(3864, ' Tulang Bawang Udik', 148),
	(3865, ' Tumijajar', 148),
	(3866, ' Tulang Bawang Tengah', 148),
	(3867, ' Lambu Kibang', 148),
	(3868, ' Pagar Dewa', 148),
	(3869, ' Way Kenanga', 148),
	(3870, ' Gunung Terang', 148),
	(3871, ' Gunung Agung', 148),
	(3872, ' Teluk Betung Barat', 150),
	(3873, ' Teluk Betung Selatan', 150),
	(3874, ' Panjang', 150),
	(3875, ' Tanjung Karang Timur', 150),
	(3876, ' Teluk Betung Utara', 150),
	(3877, ' Tanjung Karang Pusat', 150),
	(3878, ' Tanjung Karang Barat', 150),
	(3879, ' Kedaton', 150),
	(3880, ' Sukarame', 150),
	(3881, ' Kemiling', 150),
	(3882, ' Rajabasa', 150),
	(3883, ' Tanjung Senang', 150),
	(3884, ' Sukabumi', 150),
	(3885, ' Metro Pusat', 151),
	(3886, ' Metro Utara', 151),
	(3887, ' Metro Barat', 151),
	(3888, ' Metro Timur', 151),
	(3889, ' Metro Selatan', 151),
	(3890, ' Selakau', 318),
	(3891, ' Pemangkat', 318),
	(3892, ' Tebas', 318),
	(3893, ' Sambas', 318),
	(3894, ' Jawai', 318),
	(3895, ' Teluk Keramat', 318),
	(3896, ' Sejangkung', 318),
	(3897, ' Sajingan Besar', 318),
	(3898, ' Paloh', 318),
	(3899, ' Subah', 318),
	(3900, ' Galing', 318),
	(3901, ' Semparuk', 318),
	(3902, ' Tekarang', 318),
	(3903, ' Sajad', 318),
	(3904, ' Sebawi', 318),
	(3905, ' Jawai Selatan', 318),
	(3906, ' Tangaran', 318),
	(3907, ' Selakau Tua', 318),
	(3908, ' Salatiga', 318),
	(3909, ' Siantan', 317),
	(3910, ' Sungai Pinyuh', 317),
	(3911, ' Mempawah Hilir', 317),
	(3912, ' Sungai Kunyit', 317),
	(3913, ' Toho', 317),
	(3914, ' Segedong', 317),
	(3915, ' Anjongan', 317),
	(3916, ' Sadaniang', 317),
	(3917, ' Mempawah Timur', 317),
	(3918, ' Toba', 319),
	(3919, ' Meliau', 319),
	(3920, ' Sanggau Kapuas', 319),
	(3921, ' Mokok', 319),
	(3922, ' Jangkang', 319),
	(3923, ' Bonti', 319),
	(3924, ' Parindu', 319),
	(3925, ' Tayan Hilir', 319),
	(3926, ' Balai', 319),
	(3927, ' Tayan Hulu', 319),
	(3928, ' Kembayan', 319),
	(3929, ' Beduwai', 319),
	(3930, ' Noyan', 319),
	(3931, ' Sekayan', 319),
	(3932, ' Entikong', 319),
	(3933, ' Nanga Serawai', 321),
	(3934, ' Ambalau', 321),
	(3935, ' Kayan Hulu', 321),
	(3936, ' Sepauk', 321),
	(3937, ' Tempunak', 321),
	(3938, ' Sungai Tebelian', 321),
	(3939, ' Sintang', 321),
	(3940, ' Dedai', 321),
	(3941, ' Kayan Hilir', 321),
	(3942, ' Kelam Permai', 321),
	(3943, ' Binjai Hulu', 321),
	(3944, ' Ketungau Hilir', 321),
	(3945, ' Ketungau Tengah', 321),
	(3946, ' Ketungau Hulu', 321),
	(3947, ' Silat Hilir', 311),
	(3948, ' Silat Hulu', 311),
	(3949, ' Hulu Gurung', 311),
	(3950, ' Bunut Hulu', 311),
	(3951, ' Mentebah', 311),
	(3952, ' Manday', 311),
	(3953, ' Kalis', 311),
	(3954, ' Kedamin', 311),
	(3955, ' Embaloh Hilir', 311),
	(3956, ' Bunut Hilir', 311),
	(3957, ' Boyan Tanjung', 311),
	(3958, ' Batu Datu', 311),
	(3959, ' Embau', 311),
	(3960, ' Selimbau', 311),
	(3961, ' Suhaid', 311),
	(3962, ' Seberuang', 311),
	(3963, ' Semitau', 311),
	(3964, ' Empanang', 311),
	(3965, ' Puring Kencana', 311),
	(3966, ' Badau', 311),
	(3967, ' Batang Lupar', 311),
	(3968, ' Embaloh Hulu', 311),
	(3969, ' Putussibau', 311),
	(3970, ' Hulu Kapuas', 311),
	(3971, ' Danau Sentarum', 311),
	(3972, ' Kendawangan', 313),
	(3973, ' Manis Mata', 313),
	(3974, ' Marau', 313),
	(3975, ' Jelai Hulu', 313),
	(3976, ' Tumbang Titi', 313),
	(3977, ' Matan Hilir Selatan', 313),
	(3978, ' Matan Hilir Utara', 313),
	(3979, ' Nanga Tayap', 313),
	(3980, ' Sandai', 313),
	(3981, ' Sungai Laur', 313),
	(3982, ' Simpang Hulu', 313),
	(3983, ' Muara Pawan', 313),
	(3984, ' Delta Pawan', 313),
	(3985, ' Simpang Dua', 313),
	(3986, ' Benua Kayong', 313),
	(3987, ' Hulu Sungai', 313),
	(3988, ' Air Upas', 313),
	(3989, ' Singkup', 313),
	(3990, ' Pemahan', 313),
	(3991, ' Sungai Melayu Rayek', 313),
	(3992, ' Sungai Raya', 310),
	(3993, ' Capkala', 310),
	(3994, ' Samalantan', 310),
	(3995, ' Bengkayang', 310),
	(3996, ' Ledo', 310),
	(3997, ' Sanggau Ledo', 310),
	(3998, ' Seluas', 310),
	(3999, ' Jagoi Babang', 310),
	(4000, ' Teriak', 310),
	(4001, ' Monterado', 310),
	(4002, ' Suti Semarang', 310),
	(4003, ' Siding', 310),
	(4004, ' Lumar', 310),
	(4005, ' Sungai Betung', 310),
	(4006, ' Sungai Raya Kepulauan', 310),
	(4007, ' Lembah Bawang', 310),
	(4008, ' Sebangki', 315),
	(4009, ' Ngabang', 315),
	(4010, ' Sengah Temila', 315),
	(4011, ' Mandor', 315),
	(4012, ' Menjalin', 315),
	(4013, ' Mempawah Hulu', 315),
	(4014, ' Menyuke', 315),
	(4015, ' Meranti', 315),
	(4016, ' Kuala Behe', 315),
	(4017, ' Air Besar', 315),
	(4018, ' Jelimpo', 315),
	(4019, ' Sompak', 315),
	(4020, ' Banyuke Hulu', 315),
	(4021, ' Nanga Mahap', 320),
	(4022, ' Nanga Taman', 320),
	(4023, ' Sekadau Hulu', 320),
	(4024, ' Sekadau Hilir', 320),
	(4025, ' Belitang', 320),
	(4026, ' Belitang Hilir', 320),
	(4027, ' Belitang Hulu', 320),
	(4028, ' Sokan', 316),
	(4029, ' Tanah Pinoh', 316),
	(4030, ' Sayan', 316),
	(4031, ' Ella Hilir', 316),
	(4032, ' Menukung', 316),
	(4033, ' Nanga Pinoh', 316),
	(4034, ' Belimbing', 316),
	(4035, ' Tanah Pinoh Barat', 316),
	(4036, ' Belimbing Hulu', 316),
	(4037, ' Pinoh Selatan', 316),
	(4038, ' Pinoh Utara', 316),
	(4039, ' Pulau Maya Karimata', 312),
	(4040, ' Simpang Hilir', 312),
	(4041, ' Sukadana', 312),
	(4042, ' Teluk Batang', 312),
	(4043, ' Seponti', 312),
	(4044, ' Kuala Mandor B', 314),
	(4045, ' Sungai Ambawang', 314),
	(4046, ' Sungai Kakap', 314),
	(4047, ' Telok Pakedai', 314),
	(4048, ' Terentang', 314),
	(4049, ' Sungai Raya', 314),
	(4050, ' Batu Ampar', 314),
	(4051, ' Kubu', 314),
	(4052, ' Rasau Jaya', 314),
	(4053, ' Pontianak Selatan', 322),
	(4054, ' Pontianak Timur', 322),
	(4055, ' Pontianak Barat', 322),
	(4056, ' Pontianak Utara', 322),
	(4057, ' Pontianak Kota', 322),
	(4058, ' Pontianak Tenggara', 322),
	(4059, ' Singkawang Selatan', 323),
	(4060, ' Singkawang Timur', 323),
	(4061, ' Singkawang Utara', 323),
	(4062, ' Singkawang Barat', 323),
	(4063, ' Singkawang Tengah', 323),
	(4064, ' Kapuas Kuala', 328),
	(4065, ' Kapuas Timur', 328),
	(4066, ' Selat', 328),
	(4067, ' Basarang', 328),
	(4068, ' Kapuas Hilir', 328),
	(4069, ' Pulau Petak', 328),
	(4070, ' Kapuas Murung', 328),
	(4071, ' Kapuas Barat', 328),
	(4072, ' Mantangai', 328),
	(4073, ' Timpah', 328),
	(4074, ' Kapuas Tengah', 328),
	(4075, ' Kapuas Hulu', 328),
	(4076, ' Dusun Hilir', 324),
	(4077, ' Jenamas', 324),
	(4078, ' Karau Kuala', 324),
	(4079, ' Dusun Selatan', 324),
	(4080, ' Dusun Utara', 324),
	(4081, ' Gunung Bintang Awai', 324),
	(4082, ' Montallat', 326),
	(4083, ' Gunung Timang', 326),
	(4084, ' Gunung Purei', 326),
	(4085, ' Teweh Timur', 326),
	(4086, ' Teweh Tengah', 326),
	(4087, ' Lahei', 326),
	(4088, ' Mentaya Hilir Selatan', 331),
	(4089, ' Pulau Hanaut', 331),
	(4090, ' Mentawa Baru/Ketapang', 331),
	(4091, ' Mentaya Hilir Utara', 331),
	(4092, ' Kota Besi', 331),
	(4093, ' Baamang', 331),
	(4094, ' Cempaga', 331),
	(4095, ' Parenggean', 331),
	(4096, ' Mentaya Hulu', 331),
	(4097, ' Antang Kalang', 331),
	(4098, ' Teluk Sampit', 331),
	(4099, ' Seranau', 331),
	(4100, ' Cempaga Hulu', 331),
	(4101, ' Bukit Santuei', 331),
	(4102, ' Telawang', 331),
	(4103, ' Kotawaringin Lama', 330),
	(4104, ' Arut Selatan', 330),
	(4105, ' Kumai', 330),
	(4106, ' Arut Utara', 330),
	(4107, ' Pangkalan Banteng', 330),
	(4108, ' Pangkalan Lada', 330),
	(4109, ' Katingan Kuala', 329),
	(4110, ' Mendawai', 329),
	(4111, ' Kamipang', 329),
	(4112, ' Tasik Payawan', 329),
	(4113, ' Katingan Hilir', 329),
	(4114, ' Tewang Sanggalang Garing', 329),
	(4115, ' Pulau Malan', 329),
	(4116, ' Katingan Tengah', 329),
	(4117, ' Katingan Hulu', 329),
	(4118, ' Marikit', 329),
	(4119, ' Sanaman Mantikei', 329),
	(4120, ' Petak Malai', 329),
	(4121, ' Bukit Raya', 329),
	(4122, ' Seruyan Hilir', 335),
	(4123, ' Danau Sembuluh', 335),
	(4124, ' Hanau', 335),
	(4125, ' Seruyan Tengah', 335),
	(4126, ' Seruyan Hulu', 335),
	(4127, ' Jelai', 336),
	(4128, ' Sukamara', 336),
	(4129, ' Balai Riam', 336),
	(4130, ' Pantai Lunci', 336),
	(4131, ' Permata Kecubung', 336),
	(4132, ' Bulik', 332),
	(4133, ' Lamandau', 332),
	(4134, ' Delang', 332),
	(4135, ' Bulik Timur', 332),
	(4136, ' Mentobi Raya', 332),
	(4137, ' Sematu Jaya', 332),
	(4138, ' Belantikan Raya', 332),
	(4139, ' Batang Kawa', 332),
	(4140, ' Tewah', 327),
	(4141, ' Kurun', 327),
	(4142, ' Sepang', 327),
	(4143, ' Rungan', 327),
	(4144, ' Manuhing', 327),
	(4145, ' Kahayan Hulu Utara', 327),
	(4146, ' Mihing Raya', 327),
	(4147, ' Damang Batu', 327),
	(4148, ' Miri Manasa', 327),
	(4149, ' Rungan Hulu', 327),
	(4150, ' Manuhing Raya', 327),
	(4151, ' Kahayan Kuala', 334),
	(4152, ' Pandih Batu', 334),
	(4153, ' Maliku', 334),
	(4154, ' Kahayan Hilir', 334),
	(4155, ' Kahayan Tengah', 334),
	(4156, ' Banama Tingan', 334),
	(4157, ' Sebangau Kuala', 334),
	(4158, ' Jabiren Raya', 334),
	(4159, ' Laung Tuhup', 333),
	(4160, ' Murung', 333),
	(4161, ' Permata Intan', 333),
	(4162, ' Tanah Siang', 333),
	(4163, ' Sumber Barito', 333),
	(4164, ' Barito Tuhup Raya', 333),
	(4165, ' Tanah Siang Selatan', 333),
	(4166, ' Sungai Babuat', 333),
	(4167, ' Seribu Riam', 333),
	(4168, ' Uut Murung', 333),
	(4169, ' Dusun Timur', 325),
	(4170, ' Benua Lima', 325),
	(4171, ' Patangkep Tutui', 325),
	(4172, ' Awang Lapai', 325),
	(4173, ' Dusun Tengah', 325),
	(4174, ' Pematang Karau', 325),
	(4175, ' Paju Epat', 325),
	(4176, ' Reren Batuah', 325),
	(4177, ' Paku', 325),
	(4178, ' Pahandut', 337),
	(4179, ' Bukit Batu', 337),
	(4180, ' Sabangau', 337),
	(4181, ' Jekan Raya', 337),
	(4182, ' Rakumpit', 337),
	(4183, ' Aluh-Aluh', 339),
	(4184, ' Gambut', 339),
	(4185, ' Kertak Hanyar', 339),
	(4186, ' Sungai Tabuk', 339),
	(4187, ' Martapura', 339),
	(4188, ' Astambul', 339),
	(4189, ' Karang Intan', 339),
	(4190, ' Aranio', 339),
	(4191, ' Sungai Pinang', 339),
	(4192, ' Pengaron', 339),
	(4193, ' Mataraman', 339),
	(4194, ' Simpang Empat', 339),
	(4195, ' Beruntung Baru', 339),
	(4196, ' Martapura Barat', 339),
	(4197, ' Martapura Timur', 339),
	(4198, ' Paramasan', 339),
	(4199, ' Tatah Makmur', 339),
	(4200, ' Sambung Makmur', 339),
	(4201, ' Telaga Bauntung', 339),
	(4202, ' Panyipatan', 347),
	(4203, ' Takisung', 347),
	(4204, ' Kurau', 347),
	(4205, ' Bati-Bati', 347),
	(4206, ' Tambang Ulang', 347),
	(4207, ' Pelaihari', 347),
	(4208, ' Batu Ampar', 347),
	(4209, ' Jorong', 347),
	(4210, ' Kintap', 347),
	(4211, ' Harapan Bumi Makmur', 347),
	(4212, ' Bajuin', 347),
	(4213, ' Tabunganen', 340),
	(4214, ' Tamban', 340),
	(4215, ' Mekarsari', 340),
	(4216, ' Anjir Pasar', 340),
	(4217, ' Anjir Muara', 340),
	(4218, ' Alalak', 340),
	(4219, ' Mandastana', 340),
	(4220, ' Belawang', 340),
	(4221, ' Wanaraya', 340),
	(4222, ' Barambai', 340),
	(4223, ' Rantau Badauh', 340),
	(4224, ' Cerbon', 340),
	(4225, ' Bakumpai', 340),
	(4226, ' Marabahan', 340),
	(4227, ' Tabukan', 340),
	(4228, ' Kuripan', 340),
	(4229, ' Jejangkit', 340),
	(4230, ' Binuang', 348),
	(4231, ' Tapin Selatan', 348),
	(4232, ' Tapin Tengah', 348),
	(4233, ' Bungur', 348),
	(4234, ' Piani', 348),
	(4235, ' Lokpaikat', 348),
	(4236, ' Tapin Utara', 348),
	(4237, ' Bakarangan', 348),
	(4238, ' Candi Laras Selatan', 348),
	(4239, ' Candi Laras Utara', 348),
	(4240, ' Hatungun', 348),
	(4241, ' Salam Babaris', 348),
	(4242, ' Padang Batung', 341),
	(4243, ' Loksado', 341),
	(4244, ' Telaga Langsat', 341),
	(4245, ' Angkinang', 341),
	(4246, ' Kandangan', 341),
	(4247, ' Sungai Raya', 341),
	(4248, ' Simpur', 341),
	(4249, ' Kalumpang', 341),
	(4250, ' Daha Selatan', 341),
	(4251, ' Daha Utara', 341),
	(4252, ' Daha Barat', 341),
	(4253, ' Haruyan', 342),
	(4254, ' Batu Benawa', 342),
	(4255, ' Hantakan', 342),
	(4256, ' Batang Alai Selatan', 342),
	(4257, ' Barabai', 342),
	(4258, ' Labuan Amas Selatan', 342),
	(4259, ' Labuan Amas Utara', 342),
	(4260, ' Pendawan', 342),
	(4261, ' Batang Alai Utara', 342),
	(4262, ' Batang Alai Timur', 342),
	(4263, ' Limpasu', 342),
	(4264, ' Danau Panggang', 343),
	(4265, ' Babirik', 343),
	(4266, ' Sungai Pandan', 343),
	(4267, ' Amuntai Selatan', 343),
	(4268, ' Amuntai Tengah', 343),
	(4269, ' Banjang', 343),
	(4270, ' Amuntai Utara', 343),
	(4271, ' Paminggir', 343),
	(4272, ' Sungai Tabukan', 343),
	(4273, ' Haur Gading', 343),
	(4274, ' Banua Lawas', 345),
	(4275, ' Pugaan', 345),
	(4276, ' Kelua', 345),
	(4277, ' Muara Harus', 345),
	(4278, ' Tanta', 345),
	(4279, ' Tanjung', 345),
	(4280, ' Murung Pudak', 345),
	(4281, ' Haruai', 345),
	(4282, ' Upau', 345),
	(4283, ' Muara Uya', 345),
	(4284, ' Jaro', 345),
	(4285, ' Bintang Ara', 345),
	(4286, ' Pulau Sembilan', 344),
	(4287, ' Pulau Laut Barat', 344),
	(4288, ' Pulau Laut Selatan', 344),
	(4289, ' Pulau Laut Timur', 344),
	(4290, ' Pulau Sebuku', 344),
	(4291, ' Pulau Laut Utara', 344),
	(4292, ' Pulau Laut Tengah', 344),
	(4293, ' Kelumpang Hilir', 344),
	(4294, ' Kelumpang Barat', 344),
	(4295, ' Kelumpang Selatan', 344),
	(4296, ' Kelumpang Hulu', 344),
	(4297, ' Hampang', 344),
	(4298, ' Sungai Durian', 344),
	(4299, ' Kelumpang Tengah', 344),
	(4300, ' Kelumpang Utara', 344),
	(4301, ' Pamukan Selatan', 344),
	(4302, ' Sampanahan', 344),
	(4303, ' Pamukan Utara', 344),
	(4304, ' Pulau Laut Kepulauan', 344),
	(4305, ' Pamukan Barat', 344),
	(4306, ' Lampihong', 338),
	(4307, ' Batu Mandi', 338),
	(4308, ' Awayan', 338),
	(4309, ' Paringin', 338),
	(4310, ' Juai', 338),
	(4311, ' Halong', 338),
	(4312, ' Tebing Tinggi', 338),
	(4313, ' Paringin Selatan', 338),
	(4314, ' Kusan Hilir', 346),
	(4315, ' Sungai Loban', 346),
	(4316, ' Satui', 346),
	(4317, ' Kusan Hulu', 346),
	(4318, ' Batu Licin', 346),
	(4319, ' Simpang Empat', 346),
	(4320, ' Karang Bintang', 346),
	(4321, ' Mantewe', 346),
	(4322, ' Angsana', 346),
	(4323, ' Kuranji', 346),
	(4324, ' Banjarmasin Selatan', 350),
	(4325, ' Banjarmasin Timur', 350),
	(4326, ' Banjarmasin Barat', 350),
	(4327, ' Banjarmasin Utara', 350),
	(4328, ' Banjarmasin Tengah', 350),
	(4329, ' Landasan Ulin', 349),
	(4330, ' Cempaka', 349),
	(4331, ' Banjarbaru Utara', 349),
	(4332, ' Banjarbaru Selatan', 349),
	(4333, ' Liang Anggang', 349),
	(4334, ' Batu Sopang', 358),
	(4335, ' Tanjung Harapan', 358),
	(4336, ' Pasir Balengkong', 358),
	(4337, ' Tanah Grogot', 358),
	(4338, ' Kuaro', 358),
	(4339, ' Long Ikis', 358),
	(4340, ' Muara Koman', 358),
	(4341, ' Long Kali', 358),
	(4342, ' Muara Samu', 358),
	(4343, ' Batu Engau', 358),
	(4344, ' Semboja', 354),
	(4345, ' Muara Jawa', 354),
	(4346, ' Sanga-Sanga', 354),
	(4347, ' Loa Janan', 354),
	(4348, ' Loa Kulu', 354),
	(4349, ' Muara Muntai', 354),
	(4350, ' Muara Wis', 354),
	(4351, ' Kotabangun', 354),
	(4352, ' Tenggarong', 354),
	(4353, ' Sebulu', 354),
	(4354, ' Tenggarong Seberang', 354),
	(4355, ' Anggana', 354),
	(4356, ' Muara Badak', 354),
	(4357, ' Marang Kayu', 354),
	(4358, ' Muara Kaman', 354),
	(4359, ' Kenohan', 354),
	(4360, ' Kembang Janggut', 354),
	(4361, ' Tabang', 354),
	(4362, ' Kelay', 351),
	(4363, ' Talisayan', 351),
	(4364, ' Biduk Biduk', 351),
	(4365, ' Pulau Derawan', 351),
	(4366, ' Sambaliung', 351),
	(4367, ' Tanjung Redeb', 351),
	(4368, ' Gunung Tabur', 351),
	(4369, ' Segah', 351),
	(4370, ' Teluk Bayur', 351),
	(4371, ' Tubalar', 351),
	(4372, ' Pulau Maratua', 351),
	(4373, ' Batu Putih', 351),
	(4374, ' Biatan', 351),
	(4375, ' Peso', 352),
	(4376, ' Peso Hilir', 352),
	(4377, ' Tanjung Palas', 352),
	(4378, ' Tanjung Palas Barat', 352),
	(4379, ' Tanjung Palas Utara', 352),
	(4380, ' Tanjung Palas Timur', 352),
	(4381, ' Tanjung Selor', 352),
	(4382, ' Tanjung Palas Tengah', 352),
	(4383, ' Sekatak', 352),
	(4384, ' Pulau Bunyu', 352),
	(4385, ' Kayan Hulu', 356),
	(4386, ' Kayan Hilir', 356),
	(4387, ' Pujungan', 356),
	(4388, ' Malinau', 356),
	(4389, ' Mentarang', 356),
	(4390, ' Sungai Boh', 356),
	(4391, ' Malinau Selatan', 356),
	(4392, ' Malinau Barat', 356),
	(4393, ' Malinau Utara', 356),
	(4394, ' Kayan Selatan', 356),
	(4395, ' Bahan Ulu', 356),
	(4396, ' Mentarang Hulu', 356),
	(4397, ' Kerayan', 357),
	(4398, ' Lumbis', 357),
	(4399, ' Sembakung', 357),
	(4400, ' Nunukan', 357),
	(4401, ' Sebatik', 357),
	(4402, ' Sebuku', 357),
	(4403, ' Krayan Selatan', 357),
	(4404, ' Sebatik Barat', 357),
	(4405, ' Nunukan Selatan', 357),
	(4406, ' Bongan', 353),
	(4407, ' Jempang', 353),
	(4408, ' Penyinggahan', 353),
	(4409, ' Muara Pahu', 353),
	(4410, ' Muara Lawa', 353),
	(4411, ' Damai', 353),
	(4412, ' Barong Tongkok', 353),
	(4413, ' Melak', 353),
	(4414, ' Long Iram', 353),
	(4415, ' Long Hubung', 353),
	(4416, ' Long Bagun', 353),
	(4417, ' Long Pahangai', 353),
	(4418, ' Long Apari', 353),
	(4419, ' Bentian Besar', 353),
	(4420, ' Linggang Bingung', 353),
	(4421, ' Manor Bulatn', 353),
	(4422, ' Laham', 353),
	(4423, ' Nyuatan', 353),
	(4424, ' Sekolaq Darat', 353),
	(4425, ' Tering', 353),
	(4426, ' Sendawar', 353),
	(4427, ' Siluq Ngurai', 353),
	(4428, ' Muara Ancalong', 355),
	(4429, ' Muara Wahau', 355),
	(4430, ' Muara Bengkal', 355),
	(4431, ' Sengata Utara', 355),
	(4432, ' Sangkulirang', 355),
	(4433, ' Kaliorang', 355),
	(4434, ' Kombeng', 355),
	(4435, ' Bengalon', 355),
	(4436, ' Busang', 355),
	(4437, ' Sandaran', 355),
	(4438, ' Telen', 355),
	(4439, ' Sengata Selatan', 355),
	(4440, ' Teluk Pandan', 355),
	(4441, ' Rantau Pulung', 355),
	(4442, ' Kaubun', 355),
	(4443, ' Karangan', 355),
	(4444, ' Batu Ampar', 355),
	(4445, ' Long Mesangat', 355),
	(4446, ' Babulu', 359),
	(4447, ' Waru', 359),
	(4448, ' Penajam', 359),
	(4449, ' Sepaku', 359),
	(4450, ' Sesayap', 360),
	(4451, ' Sesayap Hilir', 360),
	(4452, ' Tanah Lia', 360),
	(4453, ' Palaran', 363),
	(4454, ' Samarinda Ilir', 363),
	(4455, ' Samarinda Seberang', 363),
	(4456, ' Sungai Kunjang', 363),
	(4457, ' Samarinda Ulu', 363),
	(4458, ' Samarinda Utara', 363),
	(4459, ' Balikpapan Selatan', 361),
	(4460, ' Balikpapan Timur', 361),
	(4461, ' Balikpapan Utara', 361),
	(4462, ' Balikpapan Tengah', 361),
	(4463, ' Balikpapan Barat', 361),
	(4464, ' Tarakan Timur', 364),
	(4465, ' Tarakan Tengah', 364),
	(4466, ' Tarakan Barat', 364),
	(4467, ' Tarakan Utara', 364),
	(4468, ' Bontang Selatan', 362),
	(4469, ' Bontang Utara', 362),
	(4470, ' Bontang Barat', 362),
	(4471, ' Lolayan', 418),
	(4472, ' Poigar', 418),
	(4473, ' Bolaang', 418),
	(4474, ' Lolak', 418),
	(4475, ' Sangtombolang', 418),
	(4476, ' Dumoga Utara', 418),
	(4477, ' Dumoga Barat', 418),
	(4478, ' Dumoga Timur', 418),
	(4479, ' Passi Barat', 418),
	(4480, ' Passi Timur', 418),
	(4481, ' Bilalang', 418),
	(4482, ' Sangtombolang', 418),
	(4483, ' Langowan Timur', 425),
	(4484, ' Tompaso', 425),
	(4485, ' Kawangkoan', 425),
	(4486, ' Sonder', 425),
	(4487, ' Tombariri', 425),
	(4488, ' Pineleng', 425),
	(4489, ' Tondano Timur', 425),
	(4490, ' Remboken', 425),
	(4491, ' Kakas', 425),
	(4492, ' Lembean Timur', 425),
	(4493, ' Eris', 425),
	(4494, ' Kombi', 425),
	(4495, ' Langowan Barat', 425),
	(4496, ' Tombulu', 425),
	(4497, ' Tondano Barat', 425),
	(4498, ' Tondano Utara', 425),
	(4499, ' Langowan Selatan', 425),
	(4500, ' Tondano Selatan', 425),
	(4501, ' Langowan Utara', 425),
	(4502, ' Manganitu Selatan', 422),
	(4503, ' Tamako', 422),
	(4504, ' Tabukan Selatan', 422),
	(4505, ' Tabukan Tengah', 422),
	(4506, ' Manganitu', 422),
	(4507, ' Tahuna', 422),
	(4508, ' Tabukan Utara', 422),
	(4509, ' Kendahe', 422),
	(4510, ' Tatoareng', 422),
	(4511, ' Nusa Tabukan', 422),
	(4512, ' Tabukan Selatan Tengah', 422),
	(4513, ' Tabukan Selatan Tenggara', 422),
	(4514, ' Tahuna Timur', 422),
	(4515, ' Tahuna Barat', 422),
	(4516, ' Tabukan Utara', 422),
	(4517, ' Kabaruan', 424),
	(4518, ' Lirung', 424),
	(4519, ' Melonguane', 424),
	(4520, ' Beo', 424),
	(4521, ' Rainis', 424),
	(4522, ' Essang', 424),
	(4523, ' Nanusa', 424),
	(4524, ' Gemeh', 424),
	(4525, ' Damau', 424),
	(4526, ' Tanpa Namma', 424),
	(4527, ' Lirung Selatan', 424),
	(4528, ' Kalongan ', 424),
	(4529, ' Moronge', 424),
	(4530, ' Melonguane Timur', 424),
	(4531, ' Beo Utara', 424),
	(4532, ' Beo Selatan', 424),
	(4533, ' Pulutan', 424),
	(4534, ' Essang Selatan', 424),
	(4535, ' Miangas', 424),
	(4536, ' Modoinding', 426),
	(4537, ' Tompaso Baru', 426),
	(4538, ' Ranoyapo', 426),
	(4539, ' Motoling', 426),
	(4540, ' Tenga', 426),
	(4541, ' Amurang', 426),
	(4542, ' Tareran', 426),
	(4543, ' Sinonsayang', 426),
	(4544, ' Kumelembuai', 426),
	(4545, ' Maesaan', 426),
	(4546, ' Amurang Barat', 426),
	(4547, ' Amurang Timur', 426),
	(4548, ' Tatapan', 426),
	(4549, ' Motoling Barat', 426),
	(4550, ' Motoling Timur', 426),
	(4551, ' Sulta', 426),
	(4552, ' Tumpaan', 426),
	(4553, ' Kauditan', 428),
	(4554, ' Airmadidi', 428),
	(4555, ' Dimembe', 428),
	(4556, ' Wori', 428),
	(4557, ' Likupang Timur', 428),
	(4558, ' Kema', 428),
	(4559, ' Likupang Barat', 428),
	(4560, ' Kalawat', 428),
	(4561, ' Talawaan', 428),
	(4562, ' Likupang Selatan', 428),
	(4563, ' Bintauna', 421),
	(4564, ' Bolaang Itang Timur', 421),
	(4565, ' Bolaang Itang Barat', 421),
	(4566, ' Kaidipang', 421),
	(4567, ' Pinogaluman', 421),
	(4568, ' Sangkub', 421),
	(4569, ' Biaro', 423),
	(4570, ' Siau Barat', 423),
	(4571, ' Siau Barat Selatan', 423),
	(4572, ' Siau Barat Utara', 423),
	(4573, ' Siau Tengah', 423),
	(4574, ' Siau Timur', 423),
	(4575, ' Siau Timur Selatan', 423),
	(4576, ' Tagulandang', 423),
	(4577, ' Tagulandang Selatan', 423),
	(4578, ' Tagulandang Utara', 423),
	(4579, ' Ratatotok', 427),
	(4580, ' Pusomaen', 428),
	(4581, ' Belang', 429),
	(4582, ' Ratahan', 430),
	(4583, ' Tombatu', 431),
	(4584, ' Touluaan', 432),
	(4585, ' Kotabunan', 420),
	(4586, ' Nuangan', 421),
	(4587, 'Tutuyan', 422),
	(4588, ' Modayag', 423),
	(4589, ' Modayag Barat', 424),
	(4590, ' Bolaang Uki', 419),
	(4591, ' Posigadan', 420),
	(4592, ' Pinolosian', 421),
	(4593, ' Pinolosian Timur', 422),
	(4594, ' Pinolosian Tengah', 423),
	(4595, ' Malalayang', 431),
	(4596, ' Sario', 431),
	(4597, ' Wenang', 431),
	(4598, ' Mapanget', 431),
	(4599, ' Bunaken', 431),
	(4600, ' Wanea', 431),
	(4601, ' Tikala', 431),
	(4602, ' Tuminting', 431),
	(4603, ' Singkil', 431),
	(4604, ' Ranowulu', 429),
	(4605, ' Matuari', 429),
	(4606, ' Girian', 429),
	(4607, ' Madidir', 429),
	(4608, ' Maesa', 429),
	(4609, ' Aertembaga', 429),
	(4610, ' Lembeh Utara', 429),
	(4611, ' Lembeh Selatan', 429),
	(4612, ' Tomohon Utara', 432),
	(4613, ' Tomohon Tengah', 432),
	(4614, ' Tomohon Selatan', 432),
	(4615, ' Tomohon Timur', 432),
	(4616, ' Tomohon Barat', 432),
	(4617, ' Kotamobagu Barat', 430),
	(4618, ' Kotamobagu Timur', 430),
	(4619, ' Kotamobagu Utara', 430),
	(4620, ' Kotamobagu Selatan', 430),
	(4621, ' Tilamuta', 365),
	(4622, ' Paguyaman', 365),
	(4623, ' Mananggu', 365),
	(4624, ' Dulupi', 365),
	(4625, ' Wonosari', 365),
	(4626, ' Botumoito', 365),
	(4627, ' Paguyaman Pantai', 365),
	(4628, ' Batudaa Pantai', 367),
	(4629, ' Batudaa', 367),
	(4630, ' Tibawa', 367),
	(4631, ' Boliyohuto', 367),
	(4632, ' Limboto', 367),
	(4633, ' Telaga', 367),
	(4634, ' Bongomeme', 367),
	(4635, ' Pulubala', 367),
	(4636, ' Tolangohula', 367),
	(4637, ' Mootilango', 367),
	(4638, ' Telaga Biru', 367),
	(4639, ' Limboto Barat', 367),
	(4640, ' Biluhu', 367),
	(4641, ' Tabongo', 367),
	(4642, ' Asparaga', 367),
	(4643, ' Tilango', 367),
	(4644, ' Telaga Jaya', 367),
	(4645, ' Popayato', 369),
	(4646, ' Marisa', 369),
	(4647, ' Paguat', 369),
	(4648, ' Lemito', 369),
	(4649, ' Randangan', 369),
	(4650, ' Patilanggio', 369),
	(4651, ' Taluduti', 369),
	(4652, ' Popayato Barat', 369),
	(4653, ' Popayato Timur', 369),
	(4654, ' Wanggarasi', 369),
	(4655, ' Buntu Lia', 369),
	(4656, ' Duhiadaa', 369),
	(4657, ' Dengilo', 369),
	(4658, ' Tapa', 366),
	(4659, ' Kabila', 366),
	(4660, ' Suwawa', 366),
	(4661, ' Bonepantai', 366),
	(4662, ' Bulango Utara', 366),
	(4663, ' Tilongkabila', 366),
	(4664, ' Botu Pingge', 366),
	(4665, ' Kabila Bone', 366),
	(4666, ' Bone', 366),
	(4667, ' Bone Raya', 366),
	(4668, ' Bulango Selatan', 366),
	(4669, ' Bulango Timur', 366),
	(4670, ' Bulango Ulu', 366),
	(4671, ' Suwawa Selatan', 366),
	(4672, ' Suwawa Timur ', 366),
	(4673, ' Suwawa Tengah', 366),
	(4674, ' Bulawa', 366),
	(4675, ' Anggrek', 368),
	(4676, ' Atinggola', 368),
	(4677, ' Kwandang', 368),
	(4678, ' Sumalata', 368),
	(4679, ' Tolinggula', 368),
	(4680, ' Kota Barat', 370),
	(4681, ' Kota Selatan', 370),
	(4682, ' Kota Utara', 370),
	(4683, ' Kota Timur', 370),
	(4684, ' Dungingi', 370),
	(4685, ' Kota Tengah', 370),
	(4686, ' Labobo ', 408),
	(4687, ' Banggai', 408),
	(4688, ' Totikum', 408),
	(4689, ' Tinangkung', 408),
	(4690, ' Liang', 408),
	(4691, ' Bulagi', 408),
	(4692, ' Buko', 408),
	(4693, ' Bokan Kepulauan', 408),
	(4694, ' Bulagi Selatan', 408),
	(4695, ' Bangkurung', 408),
	(4696, ' Banggai Utara', 408),
	(4697, ' Banggai Tengah', 408),
	(4698, ' Banggai Selatan', 408),
	(4699, ' Selatan', 408),
	(4700, ' Tinangkung Selatan', 408),
	(4701, ' Tinangkung Utara', 408),
	(4702, ' Peling Tengah', 408),
	(4703, ' Bulagi Utara', 408),
	(4704, ' Buko Selatan', 408),
	(4705, ' Banawa', 410),
	(4706, ' Labuan', 410),
	(4707, ' Sindue', 410),
	(4708, ' Sirenja', 410),
	(4709, ' Balaesang', 410),
	(4710, ' Damsol', 410),
	(4711, ' Sojol', 410),
	(4712, ' Rio Pakava', 410),
	(4713, ' Banawa Selatan', 410),
	(4714, ' Tanantovea', 410),
	(4715, ' Pinembani', 410),
	(4716, ' Banawa Tengah', 410),
	(4717, ' Sindue Tombusabora', 410),
	(4718, ' Sindue Tobata', 410),
	(4719, ' Sojol Utara', 410),
	(4720, ' Pamona Selatan', 413),
	(4721, ' Nokilalaki', 413),
	(4722, ' Lore Selatan', 413),
	(4723, ' Pamona Utara', 413),
	(4724, ' Lore Utara', 413),
	(4725, ' Lore Timur', 413),
	(4726, ' Lore Peore', 413),
	(4727, ' Poso Pesisir', 413),
	(4728, ' Lage', 413),
	(4729, ' Poso Kota', 413),
	(4730, ' Pamona Timur', 413),
	(4731, ' Lore Tengah', 413),
	(4732, ' Pamona Barat', 413),
	(4733, ' Poso Pesisir Selatan', 413),
	(4734, ' Poso Pesisir Utara', 413),
	(4735, ' Poso Kota Utara', 413),
	(4736, ' Lore Barat', 413),
	(4737, ' Poso Kota Selatan', 413),
	(4738, ' Toili', 407),
	(4739, ' Batui', 407),
	(4740, ' Bunta', 407),
	(4741, ' Kintom', 407),
	(4742, ' Luwuk', 407),
	(4743, ' Pagimana', 407),
	(4744, ' Lamala', 407),
	(4745, ' Balantak', 407),
	(4746, ' Bualemo', 407),
	(4747, ' Toili Barat', 407),
	(4748, ' Nuhon', 407),
	(4749, ' Luwuk Timur', 407),
	(4750, ' Masama', 407),
	(4751, ' Biau', 409),
	(4752, ' Karamat', 409),
	(4753, ' Momunu', 409),
	(4754, ' Bokat', 409),
	(4755, ' Bunobogu', 409),
	(4756, ' Paleleh', 409),
	(4757, ' Paleleh Barat', 409),
	(4758, ' Tiloan', 409),
	(4759, ' Bukal', 409),
	(4760, ' Gadung', 409),
	(4761, ' Lipunoto', 409),
	(4762, ' Dampal Selatan', 416),
	(4763, ' Dampal Utara', 416),
	(4764, ' Dondo', 416),
	(4765, ' Baolan', 416),
	(4766, ' Galang', 416),
	(4767, ' Utara Toli-Toli', 416),
	(4768, ' Ogo Deide', 416),
	(4769, ' Basidondo', 416),
	(4770, ' Lampasio', 416),
	(4771, ' Dako Pemean', 416),
	(4772, ' Menui Kepulauan', 411),
	(4773, ' Bungku Selatan', 411),
	(4774, ' Bungku Tengah', 411),
	(4775, ' Bungku Barat', 411),
	(4776, ' Lembo', 411),
	(4777, ' Mori Atas', 411),
	(4778, ' Petasia', 411),
	(4779, ' Bungku Utara', 411),
	(4780, ' Bahodopi', 411),
	(4781, ' Soyo Jaya', 411),
	(4782, ' Witaponda', 411),
	(4783, ' Mamosalato', 411),
	(4784, ' Bumi Raya', 411),
	(4785, ' Sausu', 412),
	(4786, ' Parigi', 412),
	(4787, ' Ampibabo', 412),
	(4788, ' Tinombo', 412),
	(4789, ' Tomini', 412),
	(4790, ' Moutong', 412),
	(4791, ' Bolano Lambunu', 412),
	(4792, ' Kasimbar', 412),
	(4793, ' Torue', 412),
	(4794, ' Tinombo Selatan', 412),
	(4795, ' Parigi Selatan', 412),
	(4796, ' Mepanga', 412),
	(4797, ' Malakosa', 412),
	(4798, ' Parigi Barat', 412),
	(4799, ' Parigi Utara', 412),
	(4800, ' Ribulu', 412),
	(4801, ' Siniu', 412),
	(4802, ' Palasa', 412),
	(4803, ' Taopa', 412),
	(4804, ' Parigi Tengah', 412),
	(4805, ' Tojo', 415),
	(4806, ' Ulubongka', 415),
	(4807, ' Ampana Tete', 415),
	(4808, ' Ampana Kota', 415),
	(4809, ' Una - Una', 415),
	(4810, ' Walea Kepulauan', 415),
	(4811, ' Togean', 415),
	(4812, ' Tojo Barat', 415),
	(4813, ' Walea Besar', 415),
	(4814, ' Kulawi', 414),
	(4815, ' Pipikoro', 414),
	(4816, ' Kulawi Selatan', 414),
	(4817, ' Lindu', 414),
	(4818, ' Palolo', 414),
	(4819, ' Nokilalaki', 414),
	(4820, ' Dolo', 414),
	(4821, ' Dolo Selatan', 414),
	(4822, ' Dolo Barat', 414),
	(4823, ' Marawola', 414),
	(4824, ' Kinovaru', 414),
	(4825, ' Marawola Barat', 414),
	(4826, ' Sigibiromaru', 414),
	(4827, ' Gumbasa', 414),
	(4828, ' Tanambulava', 414),
	(4829, ' Palu Barat', 417),
	(4830, ' Palu Selatan', 417),
	(4831, ' Palu Timur', 417),
	(4832, ' Palu Utara', 417),
	(4833, ' Mandai', 381),
	(4834, ' Maros Baru', 381),
	(4835, ' Maros Utara', 381),
	(4836, ' Bantimurung', 381),
	(4837, ' Tanralili', 381),
	(4838, ' Camba', 381),
	(4839, ' Mallawa', 381),
	(4840, ' Moncongloe', 381),
	(4841, ' Turikale', 381),
	(4842, ' Marusu', 381),
	(4843, ' Lau', 381),
	(4844, ' Simbang', 381),
	(4845, ' Tompobulu', 381),
	(4846, ' Cenrana', 381),
	(4847, ' Liukang Tangaya', 382),
	(4848, ' Pangkajene', 382),
	(4849, ' Balocci', 382),
	(4850, ' Bungoro', 382),
	(4851, ' Labakkang', 382),
	(4852, ' Ma\'rang', 382),
	(4853, ' Sigeri', 382),
	(4854, ' Minasatene', 382),
	(4855, ' Tondong Tallasa', 382),
	(4856, ' Mandalle', 382),
	(4857, ' Liukang Kalukuang Masalim', 382),
	(4858, ' Liukang Tapabiring', 382),
	(4859, ' Bontonompo', 376),
	(4860, ' Bajeng', 376),
	(4861, ' Pallangga', 376),
	(4862, ' Somba Opu', 376),
	(4863, ' Bontomarannu', 376),
	(4864, ' Parang Loe', 376),
	(4865, ' Tinggi Moncong', 376),
	(4866, ' Bungaya', 376),
	(4867, ' Tompobulu', 376),
	(4868, ' Barombong', 376),
	(4869, ' Biring Bulu', 376),
	(4870, ' Tombolo Pao', 376),
	(4871, ' Manuju', 376),
	(4872, ' Bontolempangan', 376),
	(4873, ' Pattallassang', 376),
	(4874, ' Bontonompo Selatan', 376),
	(4875, ' Parigi', 376),
	(4876, ' Bajeng Barat', 376),
	(4877, ' Mangarabombang', 388),
	(4878, ' Mappakasunggu', 388),
	(4879, ' Polombangkeng Selatan', 388),
	(4880, ' Polombangkeng Utara', 388),
	(4881, ' Galesong Selatan', 388),
	(4882, ' Galesong Utara', 388),
	(4883, ' Pattallassang', 388),
	(4884, ' Sanrobone', 388),
	(4885, ' Galesong', 388),
	(4886, ' Bangkala', 377),
	(4887, ' Tamalatea', 377),
	(4888, ' Binamu', 377),
	(4889, ' Batang', 377),
	(4890, ' Kelara', 377),
	(4891, ' Bangkala Barat', 377),
	(4892, ' Bontoramba', 377),
	(4893, ' Turatea', 377),
	(4894, ' Arungkeke', 377),
	(4895, ' Rumbia', 377),
	(4896, ' Tarowang', 377),
	(4897, ' Tanete Riaja', 372),
	(4898, ' Tanete Rilau', 372),
	(4899, ' Barru', 372),
	(4900, ' Soppeng Riaja', 372),
	(4901, ' Mallusetasi', 372),
	(4902, ' Balusu', 372),
	(4903, ' Pujananting', 372),
	(4904, ' Bontocani', 373),
	(4905, ' Kahu', 373),
	(4906, ' Kajuara', 373),
	(4907, ' Selomekko', 373),
	(4908, ' Tonra', 373),
	(4909, ' Patimpeng', 373),
	(4910, ' Libureng', 373),
	(4911, ' Mare', 373),
	(4912, ' Sibulue', 373),
	(4913, ' Cina', 373),
	(4914, ' Barebbo', 373),
	(4915, ' Ponre', 373),
	(4916, ' Lappariaja', 373),
	(4917, ' Lamuru', 373),
	(4918, ' Bengo', 373),
	(4919, ' Ulaweng', 373),
	(4920, ' Palakka', 373),
	(4921, ' Awangpone', 373),
	(4922, ' Tellu Siattinge', 373),
	(4923, ' Amali', 373),
	(4924, ' Ajangale', 373),
	(4925, ' Dua Boccoe', 373),
	(4926, ' Cenrana', 373),
	(4927, ' Tanete Riattang Barat', 373),
	(4928, ' Tanete Riattang', 373),
	(4929, ' Tanete Riattang Timur', 373),
	(4930, ' Tellu Limpoe', 373),
	(4931, ' Sabbangparu', 391),
	(4932, ' Tempe', 391),
	(4933, ' Pammana', 391),
	(4934, ' Bola', 391),
	(4935, ' Takkalala', 391),
	(4936, ' Sajo Anging', 391),
	(4937, ' Majauleng', 391),
	(4938, ' Tanasitolo', 391),
	(4939, ' Belawa', 391),
	(4940, ' Maniang Pajo', 391),
	(4941, ' Keera', 391),
	(4942, ' Pitumpanua', 391),
	(4943, ' Gilireng', 391),
	(4944, ' Penrang', 391),
	(4945, ' Mariowiwawo', 387),
	(4946, ' Lalabata', 387),
	(4947, ' Liliriaja', 387),
	(4948, ' Lili Rilau', 387),
	(4949, ' Donri-Donri', 387),
	(4950, ' Mario Riawa', 387),
	(4951, ' Ganra', 387),
	(4952, ' Citta', 387),
	(4953, ' Bissappu', 371),
	(4954, ' Bantaeng', 371),
	(4955, ' Tompobulu', 371),
	(4956, ' Ulu Ere', 371),
	(4957, ' Ere Merasa', 371),
	(4958, ' Pa\'jukukang', 371),
	(4959, ' Gantarang Keke', 371),
	(4960, ' Sinoa', 371),
	(4961, ' Ujung Bulu', 374),
	(4962, ' Bontobahari', 374),
	(4963, ' Bontotiro', 374),
	(4964, ' Hero Lange-Lange', 374),
	(4965, ' Kajang', 374),
	(4966, ' Bulukumba', 374),
	(4967, ' Rilau Ale', 374),
	(4968, ' Kindang', 374),
	(4969, ' Ujung Loe', 374),
	(4970, ' Gantarang', 374),
	(4971, ' Sinjai Barat', 386),
	(4972, ' Sinjai Borong', 386),
	(4973, ' Sinjai Selatan', 386),
	(4974, ' Tellu Limpoe', 386),
	(4975, ' Sinjai Timur', 386),
	(4976, ' Sinjai Tengah', 386),
	(4977, ' Sinjai Utara', 386),
	(4978, ' Bulupoddo', 386),
	(4979, ' Pulau Sembilan', 386),
	(4980, ' Pasimarannu', 384),
	(4981, ' Pasimassunggu', 384),
	(4982, ' Bontosikuyu', 384),
	(4983, ' Bontoharu', 384),
	(4984, ' Bontomatene', 384),
	(4985, ' Bontomanai', 384),
	(4986, ' Benteng', 384),
	(4987, ' Taka Bonerate', 384),
	(4988, ' Pasilambena', 384),
	(4989, ' Pasimasunggu Timur', 384),
	(4990, ' Buki', 384),
	(4991, ' Suppa', 383),
	(4992, ' Mattiro Sompe', 383),
	(4993, ' Mattiro Bulu', 383),
	(4994, ' Watang Sawitto', 383),
	(4995, ' Patampanua', 383),
	(4996, ' Cempa', 383),
	(4997, ' Duampanua', 383),
	(4998, ' Lembang', 383),
	(4999, ' Lanrisang', 383),
	(5000, ' Tiroang', 383),
	(5001, ' Paleteang', 383),
	(5002, ' Batulappa', 383),
	(5003, ' Panca Lautang', 385),
	(5004, ' Tellulimpoe', 385),
	(5005, ' Watangpulu', 385),
	(5006, ' Baranti', 385),
	(5007, ' Panca Rijang', 385),
	(5008, ' Maritengae', 385),
	(5009, ' Pitu Riawa', 385),
	(5010, ' Duapitue', 385),
	(5011, ' Kulo', 385),
	(5012, ' Pitu Riase', 385),
	(5013, ' Watang Sidenreng', 385),
	(5014, ' Maiwa', 375),
	(5015, ' Enrekang', 375),
	(5016, ' Barakka', 375),
	(5017, ' Anggeraja', 375),
	(5018, ' Alla', 375),
	(5019, ' Bungin', 375),
	(5020, ' Cendana', 375),
	(5021, ' Curio', 375),
	(5022, ' Malua', 375),
	(5023, ' Buntu Batu', 375),
	(5024, ' Masale', 375),
	(5025, ' Baroko', 375),
	(5026, ' Larompong', 378),
	(5027, ' Suli', 378),
	(5028, ' Belopa', 378),
	(5029, ' Bajo', 378),
	(5030, ' Bassesangtempe', 378),
	(5031, ' Buaponrang', 378),
	(5032, ' Bua', 378),
	(5033, ' Walenrang', 378),
	(5034, ' Lamasi', 378),
	(5035, ' Latimojong', 378),
	(5036, ' Larompong Selatan', 378),
	(5037, ' Kamanre', 378),
	(5038, ' Walenrang Barat', 378),
	(5039, ' Walenrang Utara', 378),
	(5040, ' Walenrang Timur', 378),
	(5041, ' Lamasi Timur', 378),
	(5042, ' Suli Barat', 378),
	(5043, ' Bajo Barat', 378),
	(5044, ' Ponrang Selatan', 378),
	(5045, ' Ponrang', 378),
	(5046, ' Bolopa Utara', 378),
	(5047, ' Bonggakaradeng', 389),
	(5048, ' Simbuang', 389),
	(5049, ' Ranomeeto', 389),
	(5050, ' Mappak', 389),
	(5051, ' Mengkendek', 389),
	(5052, ' Gadang Batu Silanan', 389),
	(5053, ' Sangalla', 389),
	(5054, ' Sangala Selatan', 389),
	(5055, ' Sangala Utara', 389),
	(5056, ' Makale', 389),
	(5057, ' Makale Selatan', 389),
	(5058, ' Makale Utara', 389),
	(5059, ' Saluputti', 389),
	(5060, ' Bittuang', 389),
	(5061, ' Rembon', 389),
	(5062, ' Masanda', 389),
	(5063, ' Malimbong Balepe', 389),
	(5064, ' Rantetayo', 389),
	(5065, ' Kurra', 389),
	(5066, ' Rantepao', 390),
	(5067, ' Sesean', 390),
	(5068, ' Nanggala', 390),
	(5069, ' Rindingallo', 390),
	(5070, ' Buntao ', 390),
	(5071, ' Sa\'dan ', 390),
	(5072, ' Sanggalangi', 390),
	(5073, ' Sopai', 390),
	(5074, ' Tikala', 390),
	(5075, ' Balusu', 390),
	(5076, ' Tallunglipu', 390),
	(5077, ' Dende\' Piongan Napo', 390),
	(5078, ' Buntu Pepasan', 390),
	(5079, ' Baruppu', 390),
	(5080, ' Kesu', 390),
	(5081, ' Tondon ', 390),
	(5082, ' Bengkelekila', 390),
	(5083, ' Rantebua', 390),
	(5084, ' Sesean Suloara', 390),
	(5085, ' Kapala Pitu', 390),
	(5086, ' Awan Rante karua', 390),
	(5087, ' Sabbang', 380),
	(5088, ' Baebunta', 380),
	(5089, ' Malangke', 380),
	(5090, ' Sukamaju', 380),
	(5091, ' Bone-Bone', 380),
	(5092, ' Massamba', 380),
	(5093, ' Limbong', 380),
	(5094, ' Mappedeceng', 380),
	(5095, ' Sekko', 380),
	(5096, ' Rampi', 380),
	(5097, ' Malangke Barat', 380),
	(5098, ' Burau', 379),
	(5099, ' Tomoni', 379),
	(5100, ' Wotu', 379),
	(5101, ' Malili', 379),
	(5102, ' Nuha', 379),
	(5103, ' Mangkutana', 379),
	(5104, ' Towuti', 379),
	(5105, ' Angkona', 379),
	(5106, ' Tomoni Timur', 379),
	(5107, ' Kalaena', 379),
	(5108, ' Wasuponda', 379),
	(5109, ' Mariso', 392),
	(5110, ' Mamajang', 392),
	(5111, ' Tamalate', 392),
	(5112, ' Makasar', 392),
	(5113, ' Ujung Pandang', 392),
	(5114, ' Wajo', 392),
	(5115, ' Bontoala', 392),
	(5116, ' Ujung Tanah', 392),
	(5117, ' Tallo', 392),
	(5118, ' Panakukkang', 392),
	(5119, ' Biringkanaya', 392),
	(5120, ' Tamalanrea', 392),
	(5121, ' Rappocini', 392),
	(5122, ' Manggala', 392),
	(5123, ' Bacukiki', 394),
	(5124, ' Bacukiki Barat', 394),
	(5125, ' Ujung', 394),
	(5126, ' Soreang', 394),
	(5127, ' Wara', 393),
	(5128, ' Wara Utara', 393),
	(5129, ' Wara Selatan', 393),
	(5130, ' Telluwanua', 393),
	(5131, ' Wara Timur', 393),
	(5132, ' Wara Barat', 393),
	(5133, ' Sendana', 393),
	(5134, ' Mungkajang', 393),
	(5135, ' Bara', 393),
	(5136, ' Tapalang', 435),
	(5137, ' Mamuju', 435),
	(5138, ' Kalukku', 435),
	(5139, ' Kalumpang', 435),
	(5140, ' Tapalang Barat', 435),
	(5141, ' Papalang', 435),
	(5142, ' Sampaga', 435),
	(5143, ' Pangale', 435),
	(5144, ' Tommo', 435),
	(5145, ' Topoyo', 435),
	(5146, ' Tobadak', 435),
	(5147, ' Karossa', 435),
	(5148, ' Simboro Kepulauan', 435),
	(5149, ' Budong-Budong', 435),
	(5150, ' Bonehau', 435),
	(5151, ' Sarudu', 436),
	(5152, ' Dapurang', 436),
	(5153, ' Duripoku', 436),
	(5154, ' Baras', 436),
	(5155, ' Bulu Taba', 436),
	(5156, ' Lariang', 436),
	(5157, ' Pasangkayu', 436),
	(5158, ' Tikke raya', 436),
	(5159, ' Pedongga', 436),
	(5160, ' Bambalamutu', 436),
	(5161, ' Bambaira', 436),
	(5162, ' Sarjo', 436),
	(5163, ' Tinambung', 437),
	(5164, ' Campalagian', 437),
	(5165, ' Wonomulyo', 437),
	(5166, ' Polewali', 437),
	(5167, ' Tutallu', 437),
	(5168, ' Binuang', 437),
	(5169, ' Tapango', 437),
	(5170, ' Mapili', 437),
	(5171, ' Matangnga', 437),
	(5172, ' Luyo', 437),
	(5173, ' Limboro', 437),
	(5174, ' Balanipa', 437),
	(5175, ' Anreapi', 437),
	(5176, ' Matakali', 437),
	(5177, ' Allu', 437),
	(5178, ' Bulo', 437),
	(5179, ' Sumarorong', 434),
	(5180, ' Pana', 434),
	(5181, ' Mamasa', 434),
	(5182, ' Mambi', 434),
	(5183, ' Tabulahan', 434),
	(5184, ' Tabang', 434),
	(5185, ' Messawa', 434),
	(5186, ' Sesenapadang', 434),
	(5187, ' Tandukalua', 434),
	(5188, ' Aralle', 434),
	(5189, ' Nosu', 434),
	(5190, ' Bambang', 434),
	(5191, ' Balla', 434),
	(5192, ' Tawalian', 434),
	(5193, ' Rantebulahan Timur', 434),
	(5194, ' Pamboang', 433),
	(5195, ' Ulumunda', 433),
	(5196, ' Tammerodo Sendana', 433),
	(5197, ' Tubo Sendana', 433),
	(5198, ' Banggai', 433),
	(5199, ' Sendana', 433),
	(5200, ' Malunda', 433),
	(5201, ' Banggai Timur', 433),
	(5202, ' Soropia', 400),
	(5203, ' Sampara', 400),
	(5204, ' Lambuya', 400),
	(5205, ' Pondidaha', 400),
	(5206, ' Wawotobi', 400),
	(5207, ' Unaaha', 400),
	(5208, ' Abuki', 400),
	(5209, ' BondoAla', 400),
	(5210, ' Uepai', 400),
	(5211, ' Wonggeduku', 400),
	(5212, ' Tongauna', 400),
	(5213, ' Besulutu', 400),
	(5214, ' Latoma', 400),
	(5215, ' Puriala', 400),
	(5216, ' Meluhu', 400),
	(5217, ' Amonggedo', 400),
	(5218, ' Wawonii Barat', 400),
	(5219, ' Wawonii Timur', 400),
	(5220, ' Wawonii Selatan', 400),
	(5221, ' Wawonii Utara', 400),
	(5222, ' Routa', 400),
	(5223, ' Anggaberi', 400),
	(5224, ' Wawoni Tengah', 400),
	(5225, ' Kapoiala', 400),
	(5226, ' Konawe', 400),
	(5227, ' Tongkuno', 403),
	(5228, ' Parigi', 403),
	(5229, ' Kabawo', 403),
	(5230, ' Lawa', 403),
	(5231, ' Kusambi', 403),
	(5232, ' Katobu', 403),
	(5233, ' Napabalano', 403),
	(5234, ' Wakorumba Selatan', 403),
	(5235, ' Lohia', 403),
	(5236, ' Kontunaga', 403),
	(5237, ' Sawerigadi', 403),
	(5238, ' Maginti', 403),
	(5239, ' Kabangka', 403),
	(5240, ' Maligano', 403),
	(5241, ' Tiworo Tengah', 403),
	(5242, ' Barangka', 403),
	(5243, ' Watopute', 403),
	(5244, ' Batalaiworu', 403),
	(5245, ' Duruka', 403),
	(5246, ' Lasalepa', 403),
	(5247, ' Pasir Putih', 403),
	(5248, ' Tiworo Kepulauan', 403),
	(5249, ' Bone', 403),
	(5250, ' Lasalimu', 396),
	(5251, ' Pasar Wajo', 396),
	(5252, ' Sampolawa', 396),
	(5253, ' Batauga', 396),
	(5254, ' Kapontori', 396),
	(5255, ' Gu', 396),
	(5256, ' Lakudo', 396),
	(5257, ' Mawasangka', 396),
	(5258, ' Batu Atas', 396),
	(5259, ' Kadatua', 396),
	(5260, ' Mawasangka Timur', 396),
	(5261, ' Talaga Raya', 396),
	(5262, ' Mawasangka Tengah', 396),
	(5263, ' Sangia Wambulu', 396),
	(5264, ' Siontapia', 396),
	(5265, ' Wabula', 396),
	(5266, ' Lapandewa', 396),
	(5267, ' Siompu Barat', 396),
	(5268, ' Siompu', 396),
	(5269, ' Lasalimu Selatan', 396),
	(5270, ' Wolowa', 396),
	(5271, ' Watubangga', 398),
	(5272, ' Pomalaa', 398),
	(5273, ' Wundulako', 398),
	(5274, ' Ladongi', 398),
	(5275, ' Tirawuta', 398),
	(5276, ' Kolaka', 398),
	(5277, ' Wolo', 398),
	(5278, ' Mowewe', 398),
	(5279, ' Tanggetada', 398),
	(5280, ' Baula', 398),
	(5281, ' Lambandia', 398),
	(5282, ' Latambaga', 398),
	(5283, ' Samaturu', 398),
	(5284, ' Uluiwoi', 398),
	(5285, ' Tinondo', 398),
	(5286, ' Poli-Polia', 398),
	(5287, ' Lalolae', 398),
	(5288, ' Toari', 398),
	(5289, ' Polinggona', 398),
	(5290, ' Loela', 398),
	(5291, ' Tinanggea', 401),
	(5292, ' Lalembuu', 401),
	(5293, ' Andolo', 401),
	(5294, ' Buke', 401),
	(5295, ' Palangga', 401),
	(5296, ' Palangga Selatan', 401),
	(5297, ' Baito', 401),
	(5298, ' Lainea', 401),
	(5299, ' Laeya', 401),
	(5300, ' Kolono', 401),
	(5301, ' Laonti', 401),
	(5302, ' Moramo', 401),
	(5303, ' Moramo Utara', 401),
	(5304, ' Konda', 401),
	(5305, ' Wolasi', 401),
	(5306, ' Ranomeeto', 401),
	(5307, ' Ranomeeto Barat', 401),
	(5308, ' Landono', 401),
	(5309, ' Mowila', 401),
	(5310, ' Angata', 401),
	(5311, ' Benua', 401),
	(5312, ' Basala', 401),
	(5313, ' Binongko', 404),
	(5314, ' Tomia', 404),
	(5315, ' Kaledupa', 404),
	(5316, ' Wangi-Wangi', 404),
	(5317, ' Wangi-Wangi Selatan', 404),
	(5318, ' Kaledupa Selatan', 404),
	(5319, ' Tomia Timur', 404),
	(5320, ' Togo Binongko', 404),
	(5321, ' Kabaena', 395),
	(5322, ' Kabaena Timur', 395),
	(5323, ' Poleang', 395),
	(5324, ' Poleang Timur', 395),
	(5325, ' Rumbia', 395),
	(5326, ' Rarowatu', 395),
	(5327, ' Poleang Barat', 395),
	(5328, ' Mataelo', 395),
	(5329, ' Rarowatu Utara', 395),
	(5330, ' Poleang Utara', 395),
	(5331, ' Poleang Selatan', 395),
	(5332, ' Poleang Tenggara', 395),
	(5333, ' Kabaena Selatan', 395),
	(5334, ' Kabaena Barat', 395),
	(5335, ' Kabaena Utara', 395),
	(5336, ' Kabaena Tengah', 395),
	(5337, ' Kep. Masaloka Raya', 395),
	(5338, ' Rumbia Tengah', 395),
	(5339, ' Poleang Tengah', 395),
	(5340, ' Tatonuwu', 395),
	(5341, ' Lantari Jaya', 395),
	(5342, ' Mata Usu', 395),
	(5343, ' Lasusua', 399),
	(5344, ' Pakue', 399),
	(5345, ' Batu Putih', 399),
	(5346, ' Ranteangin', 399),
	(5347, ' Kodeoha', 399),
	(5348, ' Ngapa', 399),
	(5349, ' Wawo', 399),
	(5350, ' Lambai', 399),
	(5351, ' Watunohu', 399),
	(5352, ' Pakue Tengah', 399),
	(5353, ' Pakue Utara', 399),
	(5354, ' Porehu', 399),
	(5355, ' Katoi', 399),
	(5356, ' Langkima', 402),
	(5357, ' Molawe', 402),
	(5358, ' Lembo', 402),
	(5359, ' Asera', 402),
	(5360, ' Wiwirano', 402),
	(5361, ' Lasolo', 402),
	(5362, ' Sawa', 402),
	(5363, ' Kulisusu', 397),
	(5364, ' Kulisusu Barat', 397),
	(5365, ' Kulisusu Utara', 397),
	(5366, ' Kambowa', 397),
	(5367, ' Bonenugu', 397),
	(5368, ' Wakorumba Utara', 397),
	(5369, ' Mandonga', 406),
	(5370, ' Poasia', 406),
	(5371, ' Kendari', 406),
	(5372, ' Baruga', 406),
	(5373, ' Kendari Barat', 406),
	(5374, ' Abeli', 406),
	(5375, ' Puwato', 406),
	(5376, ' Kadia', 406),
	(5377, ' Wua-Wua', 406),
	(5378, ' Kambu', 406),
	(5379, ' Wolio', 405),
	(5380, ' Betoambari', 405),
	(5381, ' Sorowalio', 405),
	(5382, ' Bungi', 405),
	(5383, ' Kokalukuna', 405),
	(5384, ' Murhum', 405),
	(5385, ' Banda', 442),
	(5386, ' Tehoru', 442),
	(5387, ' Amahai', 442),
	(5388, ' Teon Nila Serua', 442),
	(5389, ' Saparua', 442),
	(5390, ' Pulau Haruku', 442),
	(5391, ' Salahutu', 442),
	(5392, ' Leihitu', 442),
	(5393, ' Seram Utara', 442),
	(5394, ' Masohi', 442),
	(5395, ' Nusa Laut', 442),
	(5396, ' Teluk Elpaputih', 442),
	(5397, ' Seram Utara Barat', 442),
	(5398, ' Kei Kecil', 443),
	(5399, ' Kei Besar', 443),
	(5400, ' Kei Besar Selatan', 443),
	(5401, ' Kei Besar Utara Timur', 443),
	(5402, ' Kei Kecil Barat', 443),
	(5403, ' Kei Kecil Timur', 443),
	(5404, ' Air Buaya', 438),
	(5405, ' Waeapo', 438),
	(5406, ' Namlea', 438),
	(5407, ' Waplau', 438),
	(5408, ' Bata Baul', 438),
	(5409, ' Pulau-Pulau Terselatan', 444),
	(5410, ' P.P. Letimoa Lakor', 444),
	(5411, ' Pulau-Pulau Babar', 444),
	(5412, ' Tanimbar Selatan', 444),
	(5413, ' Tanimbar Utara', 444),
	(5414, ' Damer', 444),
	(5415, ' PP Wetar', 444),
	(5416, ' Wer Tamrian', 444),
	(5417, ' Wer Maktian', 444),
	(5418, ' Selaru', 444),
	(5419, ' Yaru', 444),
	(5420, ' Wuar Labobar', 444),
	(5421, ' Nirun Mas', 444),
	(5422, ' Kormomolin', 444),
	(5423, ' Huamual Belakang', 445),
	(5424, ' Seram Barat', 445),
	(5425, ' Kairatu', 445),
	(5426, ' Taniwel', 445),
	(5427, ' Waisala', 445),
	(5428, ' Pulau-pulau Gorom', 446),
	(5429, ' Seram Timur', 446),
	(5430, ' Werinama', 446),
	(5431, ' Bula', 446),
	(5432, ' Aru Selatan', 440),
	(5433, ' Aru Selatan Timur', 440),
	(5434, ' Aru Tengah', 440),
	(5435, ' Aru Tengah Timur', 440),
	(5436, ' Aru Tengah Selatan', 440),
	(5437, ' Pulau-Pulau Aru', 440),
	(5438, ' Aru Utara', 440),
	(5439, ' Babar Timur', 441),
	(5440, ' Damer', 441),
	(5441, ' Mdona Hiera', 441),
	(5442, ' Moa Lakor', 441),
	(5443, ' Pulau Letti', 441),
	(5444, ' Pulau-pulau Babar', 441),
	(5445, ' Pulau-pulau Terselatan', 441),
	(5446, ' Ambalau', 439),
	(5447, ' Kepala Madan', 439),
	(5448, ' Leksula', 439),
	(5449, ' Namrole', 439),
	(5450, ' Waesama', 439),
	(5451, ' Nusaniwe', 447),
	(5452, ' Sirimau', 447),
	(5453, ' Teluk Ambon ', 447),
	(5454, ' Baguala', 447),
	(5455, ' Lei Timur Selatan', 447),
	(5456, ' PP Kur Mangur', 448),
	(5457, ' Pulau Dullah Selatan', 448),
	(5458, ' Pulau Dullah Utara', 448),
	(5459, ' Tayando Tam', 448),
	(5460, ' Weda', 451),
	(5461, ' Pulau Gebe', 451),
	(5462, ' Patani', 451),
	(5463, ' Weda Utara', 451),
	(5464, ' Weda Selatan', 451),
	(5465, ' Patani Utara', 451),
	(5466, ' Sahu', 449),
	(5467, ' Ibu', 449),
	(5468, ' Loloda', 449),
	(5469, ' Jailolo Selatan', 449),
	(5470, ' Jailolo', 449),
	(5471, ' Sahu Timur', 449),
	(5472, ' Ibu Selatan', 449),
	(5473, ' Ibu Utara', 449),
	(5474, ' Morotai Utara', 453),
	(5475, ' Morotai Selatan Barat', 453),
	(5476, ' Morotai Selatan', 453),
	(5477, ' Galela', 453),
	(5478, ' Tobelo', 453),
	(5479, ' Tobelo Selatan', 453),
	(5480, ' Kao', 453),
	(5481, ' Malifut', 453),
	(5482, ' Loloda Utara', 453),
	(5483, ' Tobelo Utara', 453),
	(5484, ' Tobelo Tengah', 453),
	(5485, ' Tobelo Timur', 453),
	(5486, ' Tobelo Barat', 453),
	(5487, ' Galela Barat', 453),
	(5488, ' Galela Utara', 453),
	(5489, ' Galela Selatan', 453),
	(5490, ' Morotai Timur', 453),
	(5491, ' Morotai Jaya', 453),
	(5492, ' Loloda Kepulauan', 453),
	(5493, ' Kao Utara', 453),
	(5494, ' Kao Barat', 453),
	(5495, ' Kao Teluk', 453),
	(5496, ' Bacan Timur', 450),
	(5497, ' Bacan Barat', 450),
	(5498, ' Bacan', 450),
	(5499, ' Obi', 450),
	(5500, ' Gane Barat', 450),
	(5501, ' Gane Timur', 450),
	(5502, ' Kayoa', 450),
	(5503, ' Pulau Makian', 450),
	(5504, ' Obi Selatan', 450),
	(5505, ' Obi Barat', 450),
	(5506, ' Obi Timur', 450),
	(5507, ' Obi Utara', 450),
	(5508, ' Mandioli Selatan', 450),
	(5509, ' Mandioli Utara', 450),
	(5510, ' Bancan Selatan', 450),
	(5511, ' Batang Lomang', 450),
	(5512, ' Bacan Timur Selatan', 450),
	(5513, ' Bacan Timur Tengah', 450),
	(5514, ' Kasiruta Barat', 450),
	(5515, ' Kasiruta Timur', 450),
	(5516, ' Bacan Barat Utara', 450),
	(5517, ' Kayoa Barat', 450),
	(5518, ' Kayoa Selatan', 450),
	(5519, ' Kayoa Utara', 450),
	(5520, ' Makian Barat', 450),
	(5521, ' Gane Selatan', 450),
	(5522, ' Gane Utara', 450),
	(5523, ' Kepulauan Joronga', 450),
	(5524, ' Gane Timur Tengah', 450),
	(5525, ' Gane Timur Selatan', 450),
	(5526, ' Wasile Tengah', 452),
	(5527, ' Wasile Utara', 452),
	(5528, ' Wasile Timur', 452),
	(5529, ' Maba Tengah', 452),
	(5530, ' Maba Utara', 452),
	(5531, ' Kota Maba', 452),
	(5532, ' Wasile', 452),
	(5533, ' Maba', 452),
	(5534, ' Maba Selatan', 452),
	(5535, ' Wasile Selatan', 452),
	(5536, ' Sanana', 454),
	(5537, ' Sula Besi Barat', 454),
	(5538, ' Mangoli Timur', 454),
	(5539, ' Taliabu Barat', 454),
	(5540, ' Taliabu Timur', 454),
	(5541, ' Mangoli Barat', 454),
	(5542, ' Sula Besi Selatan', 454),
	(5543, ' Sula Besi Tengah', 454),
	(5544, ' Sula Besi Timur', 454),
	(5545, ' Sanana Utara', 454),
	(5546, ' Mangoli Tengah', 454),
	(5547, ' Mangoli Utara Timur', 454),
	(5548, ' Mangoli Utara', 454),
	(5549, ' Mangoli Selatan', 454),
	(5550, ' Taliabu Timur Selatan', 454),
	(5551, ' Taliabu Utara', 454),
	(5552, ' Taliabu Barat Laut', 454),
	(5553, ' Lede', 454),
	(5554, ' Taliabu Selatan', 454),
	(5555, ' Morotai Selatan Barat', 455),
	(5556, ' Morotai Selatan', 455),
	(5557, ' Morotai Utara', 455),
	(5558, ' Morotai Jaya', 455),
	(5559, ' Morotai Timur', 455),
	(5560, ' Pulau Ternate', 456),
	(5561, ' Ternate Selatan', 456),
	(5562, ' Ternate Utara', 456),
	(5563, ' Moti', 456),
	(5564, ' Pulau Batang Dua', 456),
	(5565, ' Ternate Tengah', 456),
	(5566, ' Tidore Selatan', 457),
	(5567, ' Tidore Utara', 457),
	(5568, ' Oba', 457),
	(5569, ' Oba Utara', 457),
	(5570, ' Oba Tengah', 457),
	(5571, ' Oba Selatan', 457),
	(5572, ' Tidore', 457),
	(5573, ' Tidore Timur', 457),
	(5574, ' Gerokgak', 272),
	(5575, ' Seririt', 272),
	(5576, ' Busungbiu', 272),
	(5577, ' Banjar', 272),
	(5578, ' Sukasada', 272),
	(5579, ' Buleleng', 272),
	(5580, ' Sawan', 272),
	(5581, ' Kubutambahan', 272),
	(5582, ' Tejakula', 272),
	(5583, ' Melaya', 274),
	(5584, ' Negara', 274),
	(5585, ' Jembrana', 274),
	(5586, ' Mendoyo', 274),
	(5587, ' Pekutatan', 274),
	(5588, ' Selemadeg', 277),
	(5589, ' Selemadeg Timur', 277),
	(5590, ' Selemadeg Barat', 277),
	(5591, ' Kerambitan', 277),
	(5592, ' Tabanan', 277),
	(5593, ' Kediri', 277),
	(5594, ' Marga', 277),
	(5595, ' Baturiti', 277),
	(5596, ' Penebel', 277),
	(5597, ' Pupuan', 277),
	(5598, ' Kuta Selatan', 270),
	(5599, ' Kuta', 270),
	(5600, ' Kuta Utara', 270),
	(5601, ' Mengwi', 270),
	(5602, ' Abiansemal', 270),
	(5603, ' Petang', 270),
	(5604, ' Sukawati', 273),
	(5605, ' Blahbatuh', 273),
	(5606, ' Gianyar', 273),
	(5607, ' Tampak Siring', 273),
	(5608, ' Ubud', 273),
	(5609, ' Tegallalang', 273),
	(5610, ' Payangan', 273),
	(5611, ' Nusapenida', 276),
	(5612, ' Banjarangkan', 276),
	(5613, ' Klungkung', 276),
	(5614, ' Dawan', 276),
	(5615, ' Susut', 271),
	(5616, ' Bangli', 271),
	(5617, ' Tembuku', 271),
	(5618, ' Kintamani', 271),
	(5619, ' Rendang', 275),
	(5620, ' Sidemen', 275),
	(5621, ' Manggis', 275),
	(5622, ' Karang Asem', 275),
	(5623, ' Abang', 275),
	(5624, ' Bebandem', 275),
	(5625, ' Selat', 275),
	(5626, ' Kubu', 275),
	(5627, ' Denpasar Selatan', 278),
	(5628, ' Denpasar Timur', 278),
	(5629, ' Denpasar Barat', 278),
	(5630, ' Denpasar Utara', 278),
	(5631, ' Sekotong Tengah', 281),
	(5632, ' Gerung', 281),
	(5633, ' Labuapi', 281),
	(5634, ' Kediri', 281),
	(5635, ' Narmada', 281),
	(5636, ' Gunung Sari', 281),
	(5637, ' Kuripan', 281),
	(5638, ' Lembar', 281),
	(5639, ' Batu Layar', 281),
	(5640, ' Lingsar', 281),
	(5641, ' Praya Barat', 282),
	(5642, ' Pujut', 282),
	(5643, ' Praya Timur', 282),
	(5644, ' Janapria', 282),
	(5645, ' Kopang', 282),
	(5646, ' Praya', 282),
	(5647, ' Jonggat', 282),
	(5648, ' Pringgarata', 282),
	(5649, ' Batukliang', 282),
	(5650, ' Batukliang Utara', 282),
	(5651, ' Praya Barat Daya', 282),
	(5652, ' Praya Tengah', 282),
	(5653, ' Keruak', 283),
	(5654, ' Sakra', 283),
	(5655, ' Terara', 283),
	(5656, ' Sikur', 283),
	(5657, ' Masbagik', 283),
	(5658, ' Sukamulia', 283),
	(5659, ' Selong', 283),
	(5660, ' Pringgabaya', 283),
	(5661, ' Aikmel', 283),
	(5662, ' Sambelia', 283),
	(5663, ' Labuhan Haji', 283),
	(5664, ' Suralaga', 283),
	(5665, ' Sakra Timur', 283),
	(5666, ' Sakra Barat', 283),
	(5667, ' Jerowaru', 283),
	(5668, ' Pringgasela', 283),
	(5669, ' Montong Gading', 283),
	(5670, ' Wanasaba', 283),
	(5671, ' Sembalun', 283),
	(5672, ' Suela', 283),
	(5673, ' Lunyuk', 285),
	(5674, ' Alas', 285),
	(5675, ' Batu Lanten', 285),
	(5676, ' Sumbawa', 285),
	(5677, ' Moyohilir', 285),
	(5678, ' Moyohulu', 285),
	(5679, ' Ropang', 285),
	(5680, ' Plampang', 285),
	(5681, ' Empang', 285),
	(5682, ' Labuhan Badas', 285),
	(5683, ' Alas Barat', 285),
	(5684, ' Labangka', 285),
	(5685, ' Unter Iwes', 285),
	(5686, ' Rhee', 285),
	(5687, ' Buer', 285),
	(5688, ' Moyo Utara', 285),
	(5689, ' Maronge', 285),
	(5690, ' Tarano', 285),
	(5691, ' Lopok', 285),
	(5692, ' Lenangguar', 285),
	(5693, ' Orong Telu', 285),
	(5694, ' Utan', 285),
	(5695, ' Lape', 285),
	(5696, ' Hu\'U', 280),
	(5697, ' Dompu', 280),
	(5698, ' Woja', 280),
	(5699, ' Kilo', 280),
	(5700, ' Kempo', 280),
	(5701, ' Pekat', 280),
	(5702, ' Pajo', 280),
	(5703, ' Manggelewa', 280),
	(5704, ' Monta', 279),
	(5705, ' Bolo', 279),
	(5706, ' Woha', 279),
	(5707, ' Belo', 279),
	(5708, ' Wawo', 279),
	(5709, ' Sape', 279),
	(5710, ' Wera', 279),
	(5711, ' Donggo', 279),
	(5712, ' Sanggar', 279),
	(5713, ' Lambu', 279),
	(5714, ' Tambora', 279),
	(5715, ' Ambalawi', 279),
	(5716, ' Mada Pangga', 279),
	(5717, ' Langgudu', 279),
	(5718, ' Soromandi', 279),
	(5719, ' Parado', 279),
	(5720, ' Lambitu', 279),
	(5721, ' Palibelo', 279),
	(5722, ' Jereweh', 286),
	(5723, ' Taliwang', 286),
	(5724, ' Seteluk', 286),
	(5725, ' Brang Rea', 286),
	(5726, ' Sekongkang', 286),
	(5727, ' Maluk', 286),
	(5728, ' Brang Ene', 286),
	(5729, ' Poto Tano', 286),
	(5730, ' Tanjung', 284),
	(5731, ' Gangga', 284),
	(5732, ' Bayan', 284),
	(5733, ' Pemenang', 284),
	(5734, ' Kayangan', 284),
	(5735, ' Ampenan', 288),
	(5736, ' Mataram', 288),
	(5737, ' Cakranegara', 288),
	(5738, ' Sekarbela', 288),
	(5739, ' Selaperang', 288),
	(5740, ' Sandubaya', 288),
	(5741, ' Rasanae Barat', 287),
	(5742, ' Rasanae Timur', 287),
	(5743, ' Asakota', 287),
	(5744, ' Raba', 287),
	(5745, ' Mpunda', 287),
	(5746, ' Raijua', 293),
	(5747, ' Sabu Barat', 293),
	(5748, ' Sabu Timur', 293),
	(5749, ' Semau', 293),
	(5750, ' Kupang Barat', 293),
	(5751, ' Kupang Tengah', 293),
	(5752, ' Amarasi', 293),
	(5753, ' Kupang Timur', 293),
	(5754, ' Sulamu', 293),
	(5755, ' Fatuleu', 293),
	(5756, ' Takari', 293),
	(5757, ' Amfoang Selatan', 293),
	(5758, ' Amfoang Utara', 293),
	(5759, ' Sabu Tengah', 293),
	(5760, ' Nekamese', 293),
	(5761, ' Amabi Oefeto Timur', 293),
	(5762, ' Amarasi Selatan', 293),
	(5763, ' Amarasi Timur', 293),
	(5764, ' Amarasi Barat', 293),
	(5765, ' Amfoang Barat Daya', 293),
	(5766, ' Amfoang Barat Laut', 293),
	(5767, ' Sabu Liae', 293),
	(5768, ' Hawu Mehara', 293),
	(5769, ' Semau Selatan', 293),
	(5770, ' Taebenu', 293),
	(5771, ' Amabi Oefeto ', 293),
	(5772, ' Fatuleu Tengah', 293),
	(5773, ' Fatuleu Barat', 293),
	(5774, ' Amfoang Timur', 293),
	(5775, ' Mollo Utara', 307),
	(5776, ' Mollo Selatan', 307),
	(5777, ' Kota Soe', 307),
	(5778, ' Amanuban Barat', 307),
	(5779, ' Amanuban Selatan', 307),
	(5780, ' Kuanfatu', 307),
	(5781, ' Amanuban Tengah', 307),
	(5782, ' Amanuban Timur', 307),
	(5783, ' Kie', 307),
	(5784, ' Amanatun Selatan', 307),
	(5785, ' Amanatun Utara', 307),
	(5786, ' Fatumnasi', 307),
	(5787, ' Polen', 307),
	(5788, ' Batuputih', 307),
	(5789, ' Boking', 307),
	(5790, ' Noebana', 307),
	(5791, ' Nunkolo', 307),
	(5792, ' Kot\'Olin', 307),
	(5793, ' Oenino', 307),
	(5794, ' Kalbano', 307),
	(5795, ' Kualin', 307),
	(5796, ' Toianas', 307),
	(5797, ' Mollo Barat', 307),
	(5798, ' Kokbaun', 307),
	(5799, ' Tobu', 307),
	(5800, ' Nunbena', 307),
	(5801, ' Mollo Tengah', 307),
	(5802, ' Kuatnana', 307),
	(5803, ' Noebeba', 307),
	(5804, 'Fautmolo', 307),
	(5805, 'Fatukopa', 307),
	(5806, ' Santian', 307),
	(5807, ' Miomafo Barat', 308),
	(5808, ' Miomafo Timur', 308),
	(5809, ' Kota Kefamenanu', 308),
	(5810, ' Insana', 308),
	(5811, ' Biboki Selatan', 308),
	(5812, ' Biboki Utara', 308),
	(5813, ' Noemuti', 308),
	(5814, ' Insana Utara', 308),
	(5815, ' Biboki Anleu', 308),
	(5816, ' Noemuti Timur', 308),
	(5817, ' Miomafo Tengah', 308),
	(5818, ' Musi', 308),
	(5819, ' Mutis', 308),
	(5820, ' Bikomi Selatan', 308),
	(5821, ' Bikomi Tengah', 308),
	(5822, ' Bikomi Nilulat', 308),
	(5823, ' Bikomi Utara', 308),
	(5824, ' Naibenu', 308),
	(5825, ' Insana Fafinesu', 308),
	(5826, ' Insana Barat', 308),
	(5827, ' Insana Tengah', 308),
	(5828, ' Biboki Tanpah', 308),
	(5829, ' Biboki Moenleu', 308),
	(5830, ' Biboki Feotleu', 308),
	(5831, ' Malaka Barat', 290),
	(5832, ' Malaka Tengah', 290),
	(5833, ' Malaka Timur', 290),
	(5834, ' Kobalima', 290),
	(5835, ' Tasifeto Barat', 290),
	(5836, ' Atambua', 290),
	(5837, ' Tasifeto Timur', 290),
	(5838, ' Lamakmen', 290),
	(5839, ' Kakuluk Mesak', 290),
	(5840, ' Raihat', 290),
	(5841, ' Rinhat', 290),
	(5842, ' Sasita Mean', 290),
	(5843, ' Weliman', 290),
	(5844, ' Wewiku', 290),
	(5845, ' Rai Manuk', 290),
	(5846, ' Laen Manen', 290),
	(5847, ' Lasiolat', 290),
	(5848, ' Lamakmen Selatan', 290),
	(5849, ' Lo Kufeu', 290),
	(5850, ' Botin Leo Bele', 290),
	(5851, ' Atambua Barat', 290),
	(5852, ' Atambua Selatan', 290),
	(5853, ' Nanaet Duabesi', 290),
	(5854, ' Kobalima Timur', 290),
	(5855, ' Pantar', 289),
	(5856, ' Alor Barat Daya', 289),
	(5857, ' Alor Selatan', 289),
	(5858, ' Alor Timur', 289),
	(5859, ' Teluk Mutiara', 289),
	(5860, ' Alor Barat Laut', 289),
	(5861, ' Alor Timur Laut', 289),
	(5862, ' Alor Tengah Utara', 289),
	(5863, ' Pantar Barat', 289),
	(5864, ' Pantar Timur', 289),
	(5865, ' Pantar Barat Laut', 289),
	(5866, ' Pantar Tengah', 289),
	(5867, ' Mataru', 289),
	(5868, ' Pureman', 289),
	(5869, ' Kabola', 289),
	(5870, ' Pulau Pura', 289),
	(5871, ' Lembur', 289),
	(5872, ' Wulang Gitang', 292),
	(5873, ' Tanjung Bunga', 292),
	(5874, ' Larantuka', 292),
	(5875, ' Solor Barat', 292),
	(5876, ' Solor Timur', 292),
	(5877, ' Adonara Barat', 292),
	(5878, ' Adonara Timur', 292),
	(5879, ' Titehena', 292),
	(5880, ' Ile Boleng', 292),
	(5881, ' Witihama', 292),
	(5882, ' Kelubagolit', 292),
	(5883, ' Wotan Ulumado', 292),
	(5884, ' Ile Mandiri', 292),
	(5885, ' Demon Pagong', 292),
	(5886, ' Lewolema', 292),
	(5887, ' Ilebura', 292),
	(5888, ' Adonara', 292),
	(5889, ' Adonara Tengah', 292),
	(5890, ' Paga', 302),
	(5891, ' Lela', 302),
	(5892, ' Bola', 302),
	(5893, ' Talibura', 302),
	(5894, ' Kewapante', 302),
	(5895, ' Nelle', 302),
	(5896, ' Nitta', 302),
	(5897, ' Alok', 302),
	(5898, ' Mego', 302),
	(5899, ' Waigete', 302),
	(5900, ' Palue', 302),
	(5901, ' Waiblama', 302),
	(5902, ' Alok Barat', 302),
	(5903, ' Alok Timur', 302),
	(5904, ' Magependa', 302),
	(5905, ' Koting', 302),
	(5906, ' Tana Wawo', 302),
	(5907, ' Hewokloang', 302),
	(5908, ' Kangae', 302),
	(5909, ' Doreng', 302),
	(5910, ' Mapitara', 302),
	(5911, ' Nangapanda', 291),
	(5912, ' Ende', 291),
	(5913, ' Ende Selatan', 291),
	(5914, ' Ndona', 291),
	(5915, ' Wolowaru', 291),
	(5916, ' Mangekoba/Maurole', 291),
	(5917, ' Detusoko', 291),
	(5918, ' Maukaro', 291),
	(5919, ' Wewaria', 291),
	(5920, ' Wolojita', 291),
	(5921, ' Pulau Ende', 291),
	(5922, ' Kotabaru', 291),
	(5923, ' Ndona Timur', 291),
	(5924, ' Kelimutu', 291),
	(5925, ' Lio Timur', 291),
	(5926, ' Detukeli', 291),
	(5927, ' Ndori', 291),
	(5928, ' Ende Utara', 291),
	(5929, ' Ende Tengah', 291),
	(5930, ' Ende Timur', 291),
	(5931, ' Aimere', 299),
	(5932, ' Bajawa', 299),
	(5933, ' Bajawa Utara', 299),
	(5934, ' Riung', 299),
	(5935, ' Golewa', 299),
	(5936, ' Riung Barat', 299),
	(5937, ' Soa', 299),
	(5938, ' Jerebuu', 299),
	(5939, ' Wolomeze', 299),
	(5940, ' Satarmese', 295),
	(5941, ' Langke Rembong', 295),
	(5942, ' Ruteng', 295),
	(5943, ' Cibal', 295),
	(5944, ' Reok', 295),
	(5945, ' Wae Ri\'I', 295),
	(5946, ' Lewa', 306),
	(5947, ' Tabundung', 306),
	(5948, ' Paberiwai', 306),
	(5949, ' Pahunga Lodu', 306),
	(5950, ' Rindi', 306),
	(5951, ' Pandawai', 306),
	(5952, ' Kota Waingapu', 306),
	(5953, ' Haharu', 306),
	(5954, ' Nggaha Oriangu', 306),
	(5955, ' Karera', 306),
	(5956, ' Umalulu', 306),
	(5957, ' Kahaungu Eti', 306),
	(5958, ' Matawai La Pau', 306),
	(5959, ' Pinu Pahar', 306),
	(5960, ' Wula Waijelu', 306),
	(5961, ' Katala Hamu Lingu', 306),
	(5962, ' Mahu', 306),
	(5963, ' Ngadu Langa', 306),
	(5964, ' Kambata Mapambuhang', 306),
	(5965, ' Kambera', 306),
	(5966, ' Kanatang', 306),
	(5967, ' Loli', 303),
	(5968, ' Kota Waikabubak', 303),
	(5969, ' Wanokaka', 303),
	(5970, ' Lamboya', 303),
	(5971, ' Tana Righu', 303),
	(5972, ' Laboya Barat', 303),
	(5973, ' Naga Wutung', 294),
	(5974, ' Atadei', 294),
	(5975, ' Ile Ape', 294),
	(5976, ' Lebatukan', 294),
	(5977, ' Nubatukan', 294),
	(5978, ' Omesuri', 294),
	(5979, ' Buyasuri', 294),
	(5980, ' Wulandoni', 294),
	(5981, ' Ile Ape Timur', 294),
	(5982, ' Rote Barat Daya', 300),
	(5983, ' Rote Barat Laut', 300),
	(5984, ' Lobalain', 300),
	(5985, ' Rote Tengah', 300),
	(5986, ' Pantai Baru', 300),
	(5987, ' Rote Timur', 300),
	(5988, ' Rote Barat', 300),
	(5989, ' Rote Selatan', 300),
	(5990, ' Komodo', 296),
	(5991, ' Sano Nggoang', 296),
	(5992, ' Lembor', 296),
	(5993, ' Kuwus', 296),
	(5994, ' Macang Pacar', 296),
	(5995, ' Boleng', 296),
	(5996, ' Welak', 296),
	(5997, ' Aesesa', 298),
	(5998, ' Boawae', 298),
	(5999, ' Keo Tengah', 298),
	(6000, ' Mauponggo', 298),
	(6001, ' Nangaroro', 298),
	(6002, ' Wolowae', 298),
	(6003, ' Aesesa Selatan', 298),
	(6004, ' Katikutana', 305),
	(6005, ' Mamboro', 305),
	(6006, ' Umbu Ratu Nggay', 305),
	(6007, ' Umbu Ratu Nggay Barat', 305),
	(6008, ' Katikutana Selatan', 305),
	(6009, ' Kodi', 304),
	(6010, ' Kodi Bangedo', 304),
	(6011, ' Laura', 304),
	(6012, ' Wewewa Barat', 304),
	(6013, ' Wewewa Selatan', 304),
	(6014, ' Wewewa Timur', 304),
	(6015, ' Wewewa Utara', 304),
	(6016, ' Kodi Utara', 304),
	(6017, ' Elar', 297),
	(6018, ' Kota Komba', 297),
	(6019, ' Lamba Leda', 297),
	(6020, ' Ponco Ranaka', 297),
	(6021, ' Sambi Rambas', 297),
	(6022, ' Borong', 297),
	(6023, ' Raijua', 301),
	(6024, ' Sabu Barat', 301),
	(6025, ' Hawu Mehara', 301),
	(6026, ' Sabu Timur', 301),
	(6027, ' Sabu Liae', 301),
	(6028, ' Sabu Tengah', 301),
	(6029, ' Alak', 293),
	(6030, ' Maulafa', 293),
	(6031, ' Oebodo', 293),
	(6032, ' Kelapa Lima', 293),
	(6033, ' Kaureh', 486),
	(6034, ' Kemtuk', 486),
	(6035, ' Kemtuk Gresie', 486),
	(6036, ' Nimboran', 486),
	(6037, ' Nimbokrang', 486),
	(6038, ' Unurum Guay', 486),
	(6039, ' Demta', 486),
	(6040, ' Depapre', 486),
	(6041, ' Sentani Barat', 486),
	(6042, ' Sentani', 486),
	(6043, ' Sentani Timur', 486),
	(6044, ' Airu', 486),
	(6045, ' Yapsi', 486),
	(6046, ' Nimboran Timur/Namblong', 486),
	(6047, ' Waibu', 486),
	(6048, ' Ebungfau', 486),
	(6049, ' Ravenirara', 486),
	(6050, ' Yokari', 486),
	(6051, ' Gresi Selatan', 486),
	(6052, ' Numfor Barat', 473),
	(6053, ' Numfor Timur', 473),
	(6054, ' Padaido', 473),
	(6055, ' Biak Timur', 473),
	(6056, ' Biak Kota', 473),
	(6057, ' Samofa', 473),
	(6058, ' Yendidori', 473),
	(6059, ' Biak Utara', 473),
	(6060, ' Warsa', 473),
	(6061, ' Biak Barat', 473),
	(6062, ' Swandiwe', 473),
	(6063, ' Orkeri', 473),
	(6064, ' Bruyandori', 473),
	(6065, ' Poiru', 473),
	(6066, ' Ainando Padaido', 473),
	(6067, ' Oridek', 473),
	(6068, ' Andey', 473),
	(6069, ' Yawosi', 473),
	(6070, ' Bondifuar', 473),
	(6071, ' Yapen Timur', 485),
	(6072, ' Angkaisera', 485),
	(6073, ' Yapen Selatan', 485),
	(6074, ' Yapen Barat', 485),
	(6075, ' Poom', 485),
	(6076, ' Kosiwo', 485),
	(6077, ' Yapen Utara', 485),
	(6078, ' Raimbawi', 485),
	(6079, ' Teluk Ampimoi', 485),
	(6080, ' Kepulauan Ambai', 485),
	(6081, ' Wonawa', 485),
	(6082, ' Windesi', 485),
	(6083, ' Kimaam', 469),
	(6084, ' Okaba', 469),
	(6085, ' Kurik', 469),
	(6086, ' Merauke', 469),
	(6087, ' Muting', 469),
	(6088, ' Distrik Ulilin', 469),
	(6089, ' Semangga', 469),
	(6090, ' Tanah Miring', 469),
	(6091, ' Jagebob', 469),
	(6092, ' Sota', 469),
	(6093, ' Eligobel', 469),
	(6094, ' Naukenjerai', 469),
	(6095, ' Animha', 469),
	(6096, ' Malind', 469),
	(6097, ' Tubang', 469),
	(6098, ' Ngunti', 469),
	(6099, ' Kaptel', 469),
	(6100, ' Tabonji', 469),
	(6101, ' Waan', 469),
	(6102, ' Ilwayab', 469),
	(6103, ' Asologaima', 470),
	(6104, ' Kurulu', 470),
	(6105, ' Abenaho', 470),
	(6106, ' Walelagama', 470),
	(6107, ' Musatfak', 470),
	(6108, ' Asolokobal', 470),
	(6109, ' Pelebaga', 470),
	(6110, ' Yalengga', 470),
	(6111, ' Wamena', 470),
	(6112, ' Hubikosi', 470),
	(6113, ' Bolakme', 470),
	(6114, ' Wollo', 470),
	(6115, ' Uwapa', 471),
	(6116, ' Yaur', 471),
	(6117, ' Wanggar', 471),
	(6118, ' Nabire', 471),
	(6119, ' Napan', 471),
	(6120, ' Siriwo', 471),
	(6121, ' Teluk Umar', 471),
	(6122, ' Makimi', 471),
	(6123, ' Teluk Kimi', 471),
	(6124, ' Yarokibisay', 471),
	(6125, ' Dipa', 471),
	(6126, ' Nabire Barat', 471),
	(6127, ' Wapoga', 471),
	(6128, ' Paniai Timur', 474),
	(6129, ' Bibida', 474),
	(6130, ' Aradide', 474),
	(6131, ' Paniai Barat', 474),
	(6132, ' Bogoboida', 474),
	(6133, ' Yatamo', 474),
	(6134, ' Kebo', 474),
	(6135, ' Dumadama', 474),
	(6136, ' Ekadide', 474),
	(6137, ' Siriwo', 474),
	(6138, ' Fawi', 475),
	(6139, ' Mulia', 475),
	(6140, ' Ilu', 475),
	(6141, ' Mewoluk', 475),
	(6142, ' Yamo', 475),
	(6143, ' Torere', 475),
	(6144, ' Jigonikme', 475),
	(6145, ' Tingginambut', 475),
	(6146, ' Mimika Barat', 476),
	(6147, ' Mimika Timur', 476),
	(6148, ' Mimika Baru', 476),
	(6149, ' Agimuga', 476),
	(6150, ' Mimika Barat Jauh', 476),
	(6151, ' Mimika Barat Tengah', 476),
	(6152, ' Tembagapura', 476),
	(6153, ' Jila', 476),
	(6154, ' Jita', 476),
	(6155, ' Kuala Kencana', 476),
	(6156, ' Mimika Timur Tengah', 476),
	(6157, ' Mimika Timur Jauh', 476),
	(6158, ' Jair', 477),
	(6159, ' Mindiptana', 477),
	(6160, ' Mandobo', 477),
	(6161, ' Kouh', 477),
	(6162, ' Waropko', 477),
	(6163, ' Distrik Bomakia', 477),
	(6164, ' Subur', 477),
	(6165, ' Iniyandit', 477),
	(6166, ' Fofi', 477),
	(6167, ' Arimop', 477),
	(6168, ' Firiwage', 477),
	(6169, ' Manggelum', 477),
	(6170, ' Yaniruma', 477),
	(6171, ' Ambatkwi', 477),
	(6172, ' Nambioman Bapai', 478),
	(6173, ' Edera', 478),
	(6174, ' Obaa', 478),
	(6175, ' Haju', 478),
	(6176, ' Assue', 478),
	(6177, ' Citakmitak', 478),
	(6178, ' Minyamur', 478),
	(6179, ' Venaha', 478),
	(6180, ' Passue', 478),
	(6181, ' Kaibar', 478),
	(6182, ' Pantai Kasuari', 479),
	(6183, ' Fayit', 479),
	(6184, ' Atsy', 479),
	(6185, ' Suator', 479),
	(6186, ' Akat', 479),
	(6187, ' Agats', 479),
	(6188, ' Sawaerma', 479),
	(6189, ' Kurima', 480),
	(6190, ' Ninia', 480),
	(6191, ' Anggruk', 480),
	(6192, ' Dekai', 480),
	(6193, ' Obio', 480),
	(6194, ' Suru Suru', 480),
	(6195, ' Wusuma', 480),
	(6196, ' Amuma', 480),
	(6197, ' Wusaik', 480),
	(6198, ' Pasema', 480),
	(6199, ' Hogio', 480),
	(6200, ' Mogi', 480),
	(6201, ' Soba', 480),
	(6202, ' Werima', 480),
	(6203, ' Tangma', 480),
	(6204, ' Ukha', 480),
	(6205, ' Panggema', 480),
	(6206, ' Kosarek', 480),
	(6207, ' Nipsan', 480),
	(6208, ' Ubahak', 480),
	(6209, ' Pronggoli', 480),
	(6210, ' Walma', 480),
	(6211, ' Yahuliambut', 480),
	(6212, ' Puldama', 480),
	(6213, ' Hereapingi', 480),
	(6214, ' Ubahili', 480),
	(6215, ' Talambo', 480),
	(6216, ' Endomen', 480),
	(6217, ' Kona', 480),
	(6218, ' Dirwemna', 480),
	(6219, ' Holuwon', 480),
	(6220, ' Lolat', 480),
	(6221, ' Soloikma', 480),
	(6222, ' Sela', 480),
	(6223, ' Korupun', 480),
	(6224, ' Langda', 480),
	(6225, ' Bomela', 480),
	(6226, ' Suntamon', 480),
	(6227, ' Seredela', 480),
	(6228, ' Sobaham', 480),
	(6229, ' Kabianggama', 480),
	(6230, ' Kwelamdua', 480),
	(6231, ' Kwikma', 480),
	(6232, ' Hilipuk', 480),
	(6233, ' Duram', 480),
	(6234, ' Yogosem', 480),
	(6235, ' Kayo', 480),
	(6236, ' Sumo', 480),
	(6237, ' Silimo', 480),
	(6238, ' Samenage', 480),
	(6239, ' Nalca', 480),
	(6240, ' Okiwur', 481),
	(6241, ' Oksibil', 481),
	(6242, ' Borme', 481),
	(6243, ' Okbibab', 481),
	(6244, ' Kiwirok', 481),
	(6245, ' Batom', 481),
	(6246, ' Pepera', 481),
	(6247, ' Bime', 481),
	(6248, ' Aboy', 481),
	(6249, ' Kiwirok Timur', 481),
	(6250, ' Kawor', 481),
	(6251, ' Tarup', 481),
	(6252, ' Alemsom', 481),
	(6253, ' Serambakon', 481),
	(6254, ' Kalomdom', 481),
	(6255, ' Oksop', 481),
	(6256, ' Epumek', 481),
	(6257, ' Weime', 481),
	(6258, ' Okbab', 481),
	(6259, ' Teiraplu', 481),
	(6260, ' Sopsebang', 481),
	(6261, ' Hokhika', 481),
	(6262, 'Oklip', 481),
	(6263, ' Oksamol', 481),
	(6264, ' Bemta', 481),
	(6265, ' Kanggime', 482),
	(6266, ' Karubaga', 482),
	(6267, ' Bokondini', 482),
	(6268, ' Kembu', 482),
	(6269, ' Goyage', 482),
	(6270, ' Kubu', 482),
	(6271, ' Geya', 482),
	(6272, ' Numba', 482),
	(6273, ' Dundu', 482),
	(6274, ' Gudage', 482),
	(6275, ' Timori', 482),
	(6276, ' Konda', 482),
	(6277, ' Nelawi', 482),
	(6278, ' Kuari', 482),
	(6279, ' Bokoneri', 482),
	(6280, ' Bewani', 482),
	(6281, ' Komboneri', 482),
	(6282, ' Nabunage', 482),
	(6283, ' Wakuo', 482),
	(6284, ' Nunggawi', 482),
	(6285, ' Woniki', 482),
	(6286, ' Wunin', 482),
	(6287, ' Wina', 482),
	(6288, ' Panaga', 482),
	(6289, ' Poganeri', 482),
	(6290, ' Dow', 482),
	(6291, ' Wari/Taiyeve', 482),
	(6292, ' Dorman', 482),
	(6293, ' Sbey', 482),
	(6294, ' Umagi', 482),
	(6295, ' Gilungbandu', 482),
	(6296, ' Yuneri', 482),
	(6297, ' Taginire', 482),
	(6298, ' Egiam', 482),
	(6299, ' Air Garam', 482),
	(6300, ' Pantai Timur', 483),
	(6301, ' Bonggo', 483),
	(6302, ' Tor Atas', 483),
	(6303, ' Sarmi', 483),
	(6304, ' Pantai Barat', 483),
	(6305, ' Pantai Timur Bagian Barat', 483),
	(6306, ' Pantai Timur Bagian Timur', 483),
	(6307, ' Bonggo Barat', 483),
	(6308, ' Bonggo Timur', 483),
	(6309, ' Sarmi Timur', 483),
	(6310, ' Sarmi Barat', 483),
	(6311, ' Apawert Hulu', 483),
	(6312, ' Web', 484),
	(6313, ' Senggi', 484),
	(6314, ' Waris', 484),
	(6315, ' Arso', 484),
	(6316, ' Skamto', 484),
	(6317, ' Towe Hitam', 484),
	(6318, ' Arso Timur', 484),
	(6319, ' Waropen Bawah', 485),
	(6320, ' Masirei', 485),
	(6321, ' Wulani', 485),
	(6322, ' Inggerus', 485),
	(6323, ' Ureifaisei', 485),
	(6324, ' Oudate', 485),
	(6325, ' Risei Sayati', 485),
	(6326, ' Demba', 485),
	(6327, ' Kirihi', 485),
	(6328, ' Supiori Selatan', 495),
	(6329, ' Yenggarbun', 495),
	(6330, ' Supiori Timur', 495),
	(6331, ' Kepulauan Aruri', 495),
	(6332, ' Supiori Barat', 495),
	(6333, ' Waropen Atas', 491),
	(6334, ' Mamberamo Ilir', 491),
	(6335, ' Mamberamo Tengah', 491),
	(6336, ' Mamberamo Tengah Timur', 491),
	(6337, ' Rufaer', 491),
	(6338, ' Mamberamo Ulu', 491),
	(6339, ' Benuki', 491),
	(6340, ' Sawai', 491),
	(6341, ' Wosak', 493),
	(6342, ' Kenyam', 493),
	(6343, ' Geselma', 493),
	(6344, ' Mapenduma', 493),
	(6345, ' Mugi', 493),
	(6346, ' Yigi', 493),
	(6347, ' Mbuwa', 493),
	(6348, ' Gearek', 493),
	(6349, ' Makki', 490),
	(6350, ' Pirime', 490),
	(6351, ' Tiom', 490),
	(6352, ' Balingga', 490),
	(6353, ' Kuyawage', 490),
	(6354, ' Malagaineri', 490),
	(6355, ' Tiomneri', 490),
	(6356, ' Dimba', 490),
	(6357, ' Gamelia', 490),
	(6358, ' Poga', 490),
	(6359, ' Kobakma', 492),
	(6360, ' Ilugwa', 492),
	(6361, ' Kelila', 492),
	(6362, ' Eragayam', 492),
	(6363, ' Megambilis', 492),
	(6364, ' Welarek', 496),
	(6365, ' Apalapsili', 496),
	(6366, ' Abenaho', 496),
	(6367, ' Elelim', 496),
	(6368, ' Benawa', 496),
	(6369, ' Agadugume', 494),
	(6370, ' Gome', 494),
	(6371, ' Ilaga', 494),
	(6372, ' Sinak', 494),
	(6373, ' Pogoma', 494),
	(6374, ' Wangbe', 494),
	(6375, ' Beoga', 494),
	(6376, ' Doufo', 494),
	(6377, ' Sukikai Selatan', 488),
	(6378, ' Piyaiye', 488),
	(6379, ' Mapia Barat', 488),
	(6380, ' Mapia', 488),
	(6381, ' Dogiyai', 488),
	(6382, ' Kamu Selatan', 488),
	(6383, ' Kamu', 488),
	(6384, ' Mapia Tengah', 488),
	(6385, ' Kamu Tmur', 488),
	(6386, ' Kamu Utara', 488),
	(6387, ' Tigi', 487),
	(6388, ' Tigi Barat', 487),
	(6389, ' Tigi Timur', 487),
	(6390, ' Bowobado', 487),
	(6391, ' Kapiraya', 487),
	(6392, ' Sugapa', 489),
	(6393, ' Hitadipa', 489),
	(6394, ' Homeyo', 489),
	(6395, ' Biandoga', 489),
	(6396, ' Wandai', 489),
	(6397, ' Agisiga', 489),
	(6398, ' Muara Tami', 497),
	(6399, ' Abepura', 497),
	(6400, ' Heram', 497),
	(6401, ' Jayapura Selatan', 497),
	(6402, ' Jayapura Utara', 497),
	(6403, ' Fak-Fak Timur', 458),
	(6404, ' Karas', 458),
	(6405, ' Fak-Fak', 458),
	(6406, ' Fak-Fak Tengah', 458),
	(6407, ' Fak-Fak Barat', 458),
	(6408, ' Kokas', 458),
	(6409, ' Teluk Patipi', 458),
	(6410, ' Kramongmongga', 458),
	(6411, ' Bomberay', 458),
	(6412, ' Buruway', 459),
	(6413, ' Teluk Arguni', 459),
	(6414, ' Teluk Arguni Bawah', 459),
	(6415, ' Kaimana', 459),
	(6416, ' Kambrau', 459),
	(6417, ' Teluk Etna', 459),
	(6418, ' Yamor', 459),
	(6419, ' Naikere', 467),
	(6420, ' Wondiboy', 467),
	(6421, ' Rasiey', 467),
	(6422, ' Kuri Wamesa', 467),
	(6423, ' Wasior', 467),
	(6424, ' Duairi', 467),
	(6425, ' Roon', 467),
	(6426, ' Windesi', 467),
	(6427, ' Wamesa', 467),
	(6428, ' Roswar', 467),
	(6429, ' Rumberpon', 467),
	(6430, ' Soug Jaya', 467),
	(6431, ' Irorutu/Fafuwar', 466),
	(6432, ' Babo', 466),
	(6433, ' Sumuri', 466),
	(6434, ' Aroba', 466),
	(6435, ' Kaitaro', 466),
	(6436, ' Kuri', 466),
	(6437, ' Idoor', 466),
	(6438, ' Bintuni', 466),
	(6439, ' Manimeri', 466),
	(6440, ' Tuhiba', 466),
	(6441, ' Dataran Beimes', 466),
	(6442, ' Tembuni', 466),
	(6443, ' Aranday', 466),
	(6444, ' Komundan', 466),
	(6445, ' Tomu', 466),
	(6446, ' Weriagar', 466),
	(6447, ' Moskona Selatan', 466),
	(6448, ' Meyado', 466),
	(6449, ' Moskona Barat', 466),
	(6450, ' Merdey', 466),
	(6451, ' Biscoop', 466),
	(6452, ' Masyeta', 466),
	(6453, ' Moskona Utara', 466),
	(6454, ' Moskona Timur', 466),
	(6455, ' Ransiki', 460),
	(6456, ' Momi Waren', 460),
	(6457, ' Nenei', 460),
	(6458, ' Sururay', 460),
	(6459, ' Anggi', 460),
	(6460, ' Taige', 460),
	(6461, ' Membey', 460),
	(6462, ' Oransbari', 460),
	(6463, ' Warmare', 460),
	(6464, ' Prafi', 460),
	(6465, ' Menyambouw', 460),
	(6466, ' Catubouw', 460),
	(6467, ' Manokwari Barat', 460),
	(6468, ' Manokwari Timur', 460),
	(6469, ' Manokwari Utara', 460),
	(6470, ' Manokwari Selatan', 460),
	(6471, ' Testega', 460),
	(6472, ' Tanah Rubu', 460),
	(6473, ' Kebar', 460),
	(6474, ' Senopi', 460),
	(6475, ' Amberbaken', 460),
	(6476, ' Murbani/Arfu', 460),
	(6477, ' Masni', 460),
	(6478, ' Sidey', 460),
	(6479, ' Tahosta', 460),
	(6480, ' Didohu', 460),
	(6481, ' Dataran Isim', 460),
	(6482, ' Anggi Gida', 460),
	(6483, ' Hingk', 460),
	(6484, ' Inanwatan', 464),
	(6485, ' Kokoda', 464),
	(6486, ' Metemeini Kais', 464),
	(6487, ' Aifat Timur', 464),
	(6488, ' Aifat', 464),
	(6489, ' Aitinyo', 464),
	(6490, ' Peef', 464),
	(6491, ' Moswaren', 464),
	(6492, ' Teminabuan', 464),
	(6493, ' Seremuk', 464),
	(6494, ' Wayer', 464),
	(6495, ' Sawiat', 464),
	(6496, ' Ayamaru', 464),
	(6497, ' Mare', 464),
	(6498, ' Ayamaru Utara', 464),
	(6499, ' Sausapor', 463),
	(6500, ' Fef', 463),
	(6501, ' Abun', 463),
	(6502, ' Miyah', 463),
	(6503, ' Moraid', 463),
	(6504, ' Makbon', 463),
	(6505, ' Beraur', 463),
	(6506, ' Klamono', 463),
	(6507, ' Salawati', 463),
	(6508, ' Manyamuk', 463),
	(6509, ' Seget', 463),
	(6510, ' Segun', 463),
	(6511, ' Salawati Selatan', 463),
	(6512, ' Aimas', 463),
	(6513, ' Sayosa', 463),
	(6514, ' Misool Selatan', 462),
	(6515, ' Misool', 462),
	(6516, ' Kofiau', 462),
	(6517, ' Misool Timur Utara', 462),
	(6518, ' Salawati Utara', 462),
	(6519, ' Selat Sagawin', 462),
	(6520, ' Waigeo Selatan', 462),
	(6521, ' Teluk Mayalibit', 462),
	(6522, ' Meos Mansar', 462),
	(6523, ' Waigeo Barat', 462),
	(6524, ' Waigeo Utara', 462),
	(6525, ' Kepulauan Ayau', 462),
	(6526, ' Waigeo Timur', 462),
	(6527, ' Feef', 465),
	(6528, ' Miyah', 465),
	(6529, ' Yembun', 465),
	(6530, ' Kwoor', 465),
	(6531, ' Sausapor', 465),
	(6532, ' Abun', 465),
	(6533, ' Aifat', 461),
	(6534, ' Aifat Utara', 461),
	(6535, ' Aifat Timur', 461),
	(6536, ' Aifat Selatan', 461),
	(6537, ' Aitinyo Barat', 461),
	(6538, ' Aitinyo', 461),
	(6539, ' Aitinyo Utara', 461),
	(6540, ' Ayamaru ', 461),
	(6541, ' Ayamaru Utara', 461),
	(6542, ' Ayamaru Timur', 461),
	(6543, ' Mare', 461),
	(6544, ' Sorong Barat', 468),
	(6545, ' Sorong Timur', 468),
	(6546, ' Sorong', 468),
	(6547, ' Sorong Kepulauan', 468),
	(6548, ' Sorong Utara', 468);
/*!40000 ALTER TABLE `kecamatan` ENABLE KEYS */;


-- Dumping structure for table db_kompis.komoditas
CREATE TABLE IF NOT EXISTS `komoditas` (
  `id_komoditas` varchar(23) NOT NULL COMMENT 'KOMO<id_bank_sampah><kode 4 digit auto>',
  `id_bank_sampah` varchar(15) NOT NULL COMMENT 'KMP<dd-mm-yyyy><4 digit auto inc>',
  `nama_komoditas` varchar(255) DEFAULT NULL,
  `deskripsi_komoditas` tinytext,
  `harga_jual_komoditas` float DEFAULT NULL,
  `foto_komoditas` varchar(255) DEFAULT NULL,
  `status_komoditas_aktif` char(1) NOT NULL COMMENT '0 = Non Aktif, 1 = Aktif',
  `status_komoditas_remove` char(1) NOT NULL COMMENT '0 = Hidden, 1 = Visible',
  `created_at` datetime DEFAULT NULL,
  `update_at` timestamp NULL DEFAULT '0000-00-00 00:00:00' ON UPDATE CURRENT_TIMESTAMP,
  PRIMARY KEY (`id_komoditas`)
) ENGINE=InnoDB DEFAULT CHARSET=utf8;

-- Dumping data for table db_kompis.komoditas: ~2 rows (approximately)
/*!40000 ALTER TABLE `komoditas` DISABLE KEYS */;
/*INSERT INTO `komoditas` (`id_komoditas`, `id_bank_sampah`, `nama_komoditas`, `deskripsi_komoditas`, `harga_jual_komoditas`, `foto_komoditas`, `status_komoditas_aktif`, `status_komoditas_remove`, `created_at`, `update_at`) VALUES
	('KOMOKMP0703202000010001', 'KMP070320200001', 'POKAS', 'Pokas adalah Produk hasil daur ulang kain bekas menjadi Pot Bunga yang diproduksi oleh Bank Sampah Simfoni', 100000, NULL, '1', '1', '2020-03-19 05:06:42', '0000-00-00 00:00:00'),
	('KOMOKMP0703202000010002', 'KMP070320200001', 'VAKAS', 'VAKAS adalah Vas Bunga dari Kain Bekas yang diproduksi dengan memanfaatkan kain bekas yang di bawa nasabah bank sampah Simfoni.', 75000, NULL, '1', '1', '2020-03-19 05:06:42', '2020-03-19 06:12:07');
/*!40000 ALTER TABLE `komoditas` ENABLE KEYS */;


-- Dumping structure for table db_kompis.lelang
CREATE TABLE IF NOT EXISTS `lelang` (
  `id_lelang` varchar(16) NOT NULL COMMENT 'LEL<dd-mm-yyyy><5 digit auto inc>',
  `id_bank_sampah` varchar(15) CHARACTER SET latin1 DEFAULT NULL COMMENT 'KMP<dd-mm-yyyy><4 digit auto inc>',
  `id_pengepul` varchar(15) CHARACTER SET latin1 DEFAULT NULL COMMENT 'PGP<mm-dd-yyyy><4 digit auto inc>',
  `id_jenis_sampah` varchar(14) NOT NULL COMMENT 'JNS<id_kategori_sampah><4 digit auto inc>',
  `berat_sampah` float DEFAULT NULL,
  `tanggal_mulai_lelang` datetime DEFAULT NULL,
  `tanggal_selesai_lelang` datetime DEFAULT NULL,
  `harga_awal_penawaran` float DEFAULT NULL,
  `bin_lelang` float DEFAULT NULL,
  `kelipatan_lelang` float DEFAULT NULL,
  `created_at` datetime DEFAULT NULL,
  `update_at` timestamp NULL DEFAULT '0000-00-00 00:00:00' ON UPDATE CURRENT_TIMESTAMP,
  PRIMARY KEY (`id_lelang`)
) ENGINE=InnoDB DEFAULT CHARSET=utf8;

-- Dumping data for table db_kompis.lelang: ~0 rows (approximately)
/*!40000 ALTER TABLE `lelang` DISABLE KEYS */;
/*!40000 ALTER TABLE `lelang` ENABLE KEYS */;


-- Dumping structure for table db_kompis.lembaga_pendidikan
CREATE TABLE IF NOT EXISTS `lembaga_pendidikan` (
  `id_lembaga_pendidikan` int(11) NOT NULL,
  `nama_lembaga_pendidikan` varchar(50) NOT NULL,
  `id_jenjang_pendidikan` int(11) DEFAULT NULL,
  `id_bank_sampah` varchar(15) DEFAULT NULL COMMENT 'KMP<dd-mm-yyyy><4 digit auto inc>',
  `id_superadmin` varchar(7) NOT NULL COMMENT 'SPR<kode 4 digit auto>',
  `status_lembaga_pendidikan_aktif` char(1) NOT NULL COMMENT '0 = Non Aktif, 1 = Aktif',
  `status_lembaga_pendidikan_remove` char(1) NOT NULL COMMENT '0 = Hidden, 1 = Visible',
  `created_at` datetime DEFAULT NULL,
  `update_at` timestamp NULL DEFAULT '0000-00-00 00:00:00' ON UPDATE CURRENT_TIMESTAMP,
  PRIMARY KEY (`id_lembaga_pendidikan`)
) ENGINE=InnoDB DEFAULT CHARSET=utf8;

-- Dumping data for table db_kompis.lembaga_pendidikan: ~10 rows (approximately)
/*!40000 ALTER TABLE `lembaga_pendidikan` DISABLE KEYS */;
/*INSERT INTO `lembaga_pendidikan` (`id_lembaga_pendidikan`, `nama_lembaga_pendidikan`, `id_jenjang_pendidikan`, `id_bank_sampah`, `id_superadmin`, `status_lembaga_pendidikan_aktif`, `status_lembaga_pendidikan_remove`, `created_at`, `update_at`) VALUES
	(1, 'Pendidikan Anak Usia Dini', 1, 'KMP070320200001', 'SPR2104', '1', '1', '2020-03-19 05:07:16', '0000-00-00 00:00:00'),
	(2, 'Pendidikan Dasar', 2, 'KMP070320200001', 'SPR2104', '1', '1', '2020-03-19 05:07:16', '0000-00-00 00:00:00'),
	(3, 'Pendidikan Dasar', 3, 'KMP070320200001', 'SPR2104', '1', '1', '2020-03-19 05:07:16', '0000-00-00 00:00:00'),
	(4, 'Pendidikan Menengah', 4, 'KMP070320200001', 'SPR2104', '1', '1', '2020-03-19 05:07:16', '0000-00-00 00:00:00'),
	(5, 'Pendidikan Menengah', 5, 'KMP070320200001', 'SPR2104', '1', '1', '2020-03-19 05:07:16', '0000-00-00 00:00:00'),
	(6, 'Pendidikan Tinggi', 6, 'KMP070320200001', 'SPR2104', '1', '1', '2020-03-19 05:07:16', '0000-00-00 00:00:00'),
	(7, 'Pendidikan Tinggi', 7, 'KMP070320200001', 'SPR2104', '1', '1', '2020-03-19 05:07:16', '0000-00-00 00:00:00'),
	(8, 'Pendidikan Tinggi', 8, 'KMP070320200001', 'SPR2104', '1', '1', '2020-03-19 05:07:16', '0000-00-00 00:00:00'),
	(9, 'Pendidikan Tinggi', 9, 'KMP070320200001', 'SPR2104', '1', '1', '2020-03-19 05:07:16', '0000-00-00 00:00:00'),
	(10, 'Pendidikan Tinggi', 10, 'KMP070320200001', 'SPR2104', '1', '1', '2020-03-19 05:07:16', '0000-00-00 00:00:00');
/*!40000 ALTER TABLE `lembaga_pendidikan` ENABLE KEYS */;


-- Dumping structure for table db_kompis.log_activity
CREATE TABLE IF NOT EXISTS `log_activity` (
  `id_log_activity` varchar(15) NOT NULL COMMENT 'LOG<dd-mm-yyyy><kode 4 digit auto>',
  `id_status_log` int(11) NOT NULL,
  `status_user` varchar(50) DEFAULT NULL COMMENT '1 = Bank Sampah, 2 = Nasabah, 3 = Pengepul, 4 = Superadmin',
  `id_bank_sampah` varchar(15) NOT NULL COMMENT 'KMP<dd-mm-yyyy><4 digit auto inc>',
  `id_nasabah_online` varchar(16) NOT NULL COMMENT 'NSB1<yyyy-mm-dd><4 digit auto inc>',
  `id_pengepul` varchar(15) NOT NULL COMMENT 'PGP<mm-dd-yyyy><4 digit auto inc>',
  `tracking_id` varchar(50) NOT NULL,
  `created_at` datetime DEFAULT NULL,
  PRIMARY KEY (`id_log_activity`)
) ENGINE=InnoDB DEFAULT CHARSET=utf8;

-- Dumping data for table db_kompis.log_activity: ~3 rows (approximately)
/*!40000 ALTER TABLE `log_activity` DISABLE KEYS */;
/*INSERT INTO `log_activity` (`id_log_activity`, `id_status_log`, `status_user`, `id_bank_sampah`, `id_nasabah_online`, `id_pengepul`, `tracking_id`, `created_at`) VALUES
	('LOG160320200001', 22, '1', 'KMP080320200001', '', '', 'Test123', '2020-03-19 05:07:35'),
	('LOG160320200002', 0, '2', '', 'NSB107032020006', '', '#123Check', '2020-03-19 05:07:35'),
	('LOG160320200003', 19, '3', '', '', 'PGP030920200002', '#45678Test', '2020-03-19 05:07:35');
/*!40000 ALTER TABLE `log_activity` ENABLE KEYS */;


-- Dumping structure for table db_kompis.menu_bantuan
CREATE TABLE IF NOT EXISTS `menu_bantuan` (
  `id_menu_bantuan` int(11) NOT NULL,
  `nama_menu_bantuan` varchar(50) DEFAULT NULL,
  `order_id` int(11) DEFAULT NULL,
  `status_remove` char(1) NOT NULL COMMENT '0 = Hidden, 1 = Visible',
  `created_at` datetime DEFAULT NULL,
  `update_at` timestamp NULL DEFAULT '0000-00-00 00:00:00' ON UPDATE CURRENT_TIMESTAMP,
  PRIMARY KEY (`id_menu_bantuan`)
) ENGINE=InnoDB DEFAULT CHARSET=utf8;

-- Dumping data for table db_kompis.menu_bantuan: ~3 rows (approximately)
/*!40000 ALTER TABLE `menu_bantuan` DISABLE KEYS */;
/*INSERT INTO `menu_bantuan` (`id_menu_bantuan`, `nama_menu_bantuan`, `order_id`, `status_remove`, `created_at`, `update_at`) VALUES
	(1, 'Informasi umum, Akun & Profil', NULL, '1', '2020-03-19 06:12:24', '0000-00-00 00:00:00'),
	(2, 'Info & Promosi', NULL, '1', '2020-03-19 06:12:24', '0000-00-00 00:00:00'),
	(3, 'Setor Sampah', NULL, '1', '2020-03-19 06:12:24', '2020-03-19 06:12:36');
/*!40000 ALTER TABLE `menu_bantuan` ENABLE KEYS */;


-- Dumping structure for table db_kompis.merk_sampah
CREATE TABLE IF NOT EXISTS `merk_sampah` (
  `id_merk` varchar(8) NOT NULL COMMENT 'MRK<5 digit auto inc>',
  `id_jenis_sampah` varchar(14) NOT NULL COMMENT 'JNS<id_kategori_sampah><4 digit auto inc>',
  `nama_merk` varchar(100) CHARACTER SET latin1 DEFAULT NULL,
  `id_superadmin` varchar(7) NOT NULL COMMENT 'SPR<kode 4 digit auto>',
  `status_merk_sampah_remove` char(1) NOT NULL COMMENT '0 = Hidden, 1 = Visible',
  `created_at` datetime DEFAULT NULL,
  `update_at` timestamp NULL DEFAULT '0000-00-00 00:00:00' ON UPDATE CURRENT_TIMESTAMP,
  PRIMARY KEY (`id_merk`)
) ENGINE=InnoDB DEFAULT CHARSET=utf8;

-- Dumping data for table db_kompis.merk_sampah: ~40 rows (approximately)
/*!40000 ALTER TABLE `merk_sampah` DISABLE KEYS */;
/*INSERT INTO `merk_sampah` (`id_merk`, `id_jenis_sampah`, `nama_merk`, `id_superadmin`, `status_merk_sampah_remove`, `created_at`, `update_at`) VALUES
	('MRK00001', 'JNS0010', 'AQUA', 'SPR2104', '1', '2020-03-19 06:12:50', '0000-00-00 00:00:00'),
	('MRK00002', 'JNS0003', 'Teh Gelas', 'SPR2104', '1', '2020-03-19 06:12:50', '0000-00-00 00:00:00'),
	('MRK00003', 'JNS0010', 'Teh Pucuk Harum', 'SPR2104', '1', '2020-03-19 06:12:50', '0000-00-00 00:00:00'),
	('MRK00004', 'JNS0003', 'Ale Ale', 'SPR2104', '1', '2020-03-19 06:12:50', '0000-00-00 00:00:00'),
	('MRK00005', 'JNS0010', 'Minute Maid – Pulpy Orange', 'SPR2104', '1', '2020-03-19 06:12:50', '0000-00-00 00:00:00'),
	('MRK00006', 'JNS0010', 'Pocari Sweat', 'SPR2104', '1', '2020-03-19 06:12:50', '0000-00-00 00:00:00'),
	('MRK00007', 'JNS0001', 'Mizone', 'SPR2104', '1', '2020-03-19 06:12:50', '0000-00-00 00:00:00'),
	('MRK00008', 'JNS0010', 'Coca Cola', 'SPR2104', '1', '2020-03-19 06:12:50', '0000-00-00 00:00:00'),
	('MRK00009', 'JNS0010', 'Fanta', 'SPR2104', '1', '2020-03-19 06:12:50', '0000-00-00 00:00:00'),
	('MRK00010', 'JNS0003', 'Sprite', 'SPR2104', '1', '2020-03-19 06:12:50', '0000-00-00 00:00:00'),
	('MRK00011', 'JNS0010', 'Ichi Ocha', 'SPR2104', '1', '2020-03-19 06:12:50', '0000-00-00 00:00:00'),
	('MRK00012', 'JNS0011', 'Adem Sari Chingku', 'SPR2104', '1', '2020-03-19 06:12:50', '0000-00-00 00:00:00'),
	('MRK00013', '', 'Teh Botol Sosro', 'SPR2104', '1', '2020-03-19 06:12:50', '0000-00-00 00:00:00'),
	('MRK00014', '', 'Nu Green Tea', 'SPR2104', '1', '2020-03-19 06:12:50', '0000-00-00 00:00:00'),
	('MRK00015', '', 'Frestea', 'SPR2104', '1', '2020-03-19 06:12:50', '0000-00-00 00:00:00'),
	('MRK00016', '', 'Sari Temulawak', 'SPR2104', '1', '2020-03-19 06:12:50', '0000-00-00 00:00:00'),
	('MRK00017', '', 'Buavita', 'SPR2104', '1', '2020-03-19 06:12:50', '0000-00-00 00:00:00'),
	('MRK00018', '', 'Minute Maid Nutriboost', 'SPR2104', '1', '2020-03-19 06:12:50', '0000-00-00 00:00:00'),
	('MRK00019', '', 'Fruit Tea', 'SPR2104', '1', '2020-03-19 06:12:50', '0000-00-00 00:00:00'),
	('MRK00020', '', 'Joy Tea', 'SPR2104', '1', '2020-03-19 06:12:50', '0000-00-00 00:00:00'),
	('MRK00021', '', 'Tebs', 'SPR2104', '1', '2020-03-19 06:12:50', '0000-00-00 00:00:00'),
	('MRK00022', '', 'My Tea', 'SPR2104', '1', '2020-03-19 06:12:50', '0000-00-00 00:00:00'),
	('MRK00023', '', 'Mogu Mogu', 'SPR2104', '1', '2020-03-19 06:12:50', '0000-00-00 00:00:00'),
	('MRK00024', '', 'Floridina', 'SPR2104', '1', '2020-03-19 06:12:50', '0000-00-00 00:00:00'),
	('MRK00025', '', 'Coolant', 'SPR2104', '1', '2020-03-19 06:12:50', '0000-00-00 00:00:00'),
	('MRK00026', '', 'Fiesta', 'SPR2104', '1', '2020-03-19 06:12:50', '0000-00-00 00:00:00'),
	('MRK00027', '', 'Champ', 'SPR2104', '1', '2020-03-19 06:12:50', '0000-00-00 00:00:00'),
	('MRK00028', '', 'So Good', 'SPR2104', '1', '2020-03-19 06:12:50', '0000-00-00 00:00:00'),
	('MRK00029', '', 'Belfoods', 'SPR2104', '1', '2020-03-19 06:12:50', '0000-00-00 00:00:00'),
	('MRK00030', '', 'So Nice	', 'SPR2104', '1', '2020-03-19 06:12:50', '0000-00-00 00:00:00'),
	('MRK00031', '', 'Sozzis', 'SPR2104', '1', '2020-03-19 06:12:50', '0000-00-00 00:00:00'),
	('MRK00032', '', 'Vida', 'SPR2104', '1', '2020-03-19 06:12:50', '0000-00-00 00:00:00'),
	('MRK00033', '', 'Farmhouse', 'SPR2104', '1', '2020-03-19 06:12:50', '0000-00-00 00:00:00'),
	('MRK00034', '', 'Soyjoy', 'SPR2104', '1', '2020-03-19 06:12:50', '0000-00-00 00:00:00'),
	('MRK00035', '', 'Fitbar', 'SPR2104', '1', '2020-03-19 06:12:50', '0000-00-00 00:00:00'),
	('MRK00036', '', 'Oreo', 'SPR2104', '1', '2020-03-19 06:12:50', '0000-00-00 00:00:00'),
	('MRK00037', '', 'Slai O\'lai ', 'SPR2104', '1', '2020-03-19 06:12:50', '0000-00-00 00:00:00'),
	('MRK00038', '', 'Better', 'SPR2104', '1', '2020-03-19 06:12:50', '0000-00-00 00:00:00'),
	('MRK00039', '', 'Togo ', 'SPR2104', '1', '2020-03-19 06:12:50', '0000-00-00 00:00:00'),
	('MRK00040', '', 'Chitato', 'SPR2104', '1', '2020-03-19 06:12:50', '0000-00-00 00:00:00');
/*!40000 ALTER TABLE `merk_sampah` ENABLE KEYS */;


-- Dumping structure for table db_kompis.nasabah_offline
CREATE TABLE IF NOT EXISTS `nasabah_offline` (
  `id_nasabah_offline` varchar(23) CHARACTER SET latin1 NOT NULL COMMENT 'NSB0<yyyy-mm-dd><4 digit auto inc>',
  `nama_nasabah_offline` varchar(50) CHARACTER SET latin1 DEFAULT NULL,
  `email_nasabah_offline` varchar(50) CHARACTER SET latin1 DEFAULT NULL,
  `no_hp_nasabah_offline` varchar(15) CHARACTER SET latin1 DEFAULT NULL,
  `id_bank_sampah` varchar(15) CHARACTER SET latin1 NOT NULL DEFAULT '0',
  `alamat_nasabah_offline` varchar(100) CHARACTER SET latin1 DEFAULT NULL,
  `id_provinsi` varchar(5) DEFAULT NULL,
  `id_kabupaten` varchar(5) DEFAULT NULL,
  `id_kecamatan` varchar(5) DEFAULT NULL,
  `no_ktp_nasabah_offline` varchar(16) NOT NULL DEFAULT '0',
  `foto_ktp_nasabah_offline` varchar(50) CHARACTER SET latin1 NOT NULL DEFAULT '0',
  `saldo_nasabah_offline` int(11) DEFAULT NULL,
  `status_remove` int(11) DEFAULT '1',
  PRIMARY KEY (`id_nasabah_offline`)
) ENGINE=InnoDB DEFAULT CHARSET=utf8;

-- Dumping data for table db_kompis.nasabah_offline: ~0 rows (approximately)
/*!40000 ALTER TABLE `nasabah_offline` DISABLE KEYS */;
/*!40000 ALTER TABLE `nasabah_offline` ENABLE KEYS */;


-- Dumping structure for table db_kompis.nasabah_online
CREATE TABLE IF NOT EXISTS `nasabah_online` (
  `id_nasabah_online` varchar(16) CHARACTER SET latin1 NOT NULL COMMENT 'NSB1<yyyy-mm-dd><4 digit auto inc>',
  `id_status_nasabah_online` int(11) NOT NULL DEFAULT '0',
  `nama_nasabah_online` varchar(50) CHARACTER SET latin1 DEFAULT NULL,
  `email_nasabah_online` varchar(50) CHARACTER SET latin1 DEFAULT NULL,
  `no_hp_nasabah_online` varchar(15) CHARACTER SET latin1 DEFAULT NULL,
  `password_nasabah_online` varchar(80) CHARACTER SET latin1 DEFAULT NULL,
  `tgl_nasabah_daftar` timestamp NULL DEFAULT CURRENT_TIMESTAMP,
  `token` varchar(80) CHARACTER SET latin1 DEFAULT NULL,
  `kode_verifikasi` varchar(6) DEFAULT NULL,
  `update_at` timestamp NULL DEFAULT NULL,
  `last_login` datetime DEFAULT NULL,
  `reason_reject` varchar(100) NOT NULL,
  PRIMARY KEY (`id_nasabah_online`)
) ENGINE=InnoDB DEFAULT CHARSET=utf8;

-- Dumping data for table db_kompis.nasabah_online: ~8 rows (approximately)
/*!40000 ALTER TABLE `nasabah_online` DISABLE KEYS */;
/*INSERT INTO `nasabah_online` (`id_nasabah_online`, `id_status_nasabah_online`, `nama_nasabah_online`, `email_nasabah_online`, `no_hp_nasabah_online`, `password_nasabah_online`, `tgl_nasabah_daftar`, `token`, `kode_verifikasi`, `update_at`, `last_login`, `reason_reject`) VALUES
	('NSB111032020001', 0, 'An User', 'user@kompis.online', '08386828', '$2y$10$.wV16KkF0bz4tRMlDSPGUuVeBWfg6HjTWfvXs1Fs23N458S.LYHgS', '2020-03-11 15:17:06', 'd045f47acd081ddf242d34c96ec722e25704184c', NULL, NULL, NULL, ''),
	('NSB111032020002', 0, 'argorudip', 'argorudip@gmail.com', '087087542464', '$2y$10$N5WZfYxF3TdGUPLfbN6xTu920LZVNJofUdK8PZyVjc2cjGVlTSDxy', '2020-03-11 14:22:38', NULL, NULL, NULL, NULL, ''),
	('NSB111032020003', 0, 'testing', 'testing@gmail.com', '087', '$2y$10$gBuX1..eZsgkEdHYxGv44O.aPHnEMUg3K64dkPC2edL6Ri/DOVIXm', '2020-03-11 14:27:52', NULL, NULL, NULL, NULL, ''),
	('NSB111032020004', 0, 'An User', 'rizalrinaldim@gmail', '08386828680', '$2y$10$N0.Wbn.5mGMKPUu70oY48O1xKjmAFMx245onyNHsovGVvzVYAm6CG', '2020-03-11 14:53:19', NULL, NULL, NULL, NULL, ''),
	('NSB111032020005', 0, 'Rizal', 'rizalrinaldim@gmail.com', '0838682868', '$2y$10$i1IZafpflHIs.PzUzdIc5e2F6W1V8GU67itwMZCVMzHEsAbFEw3VS', '2020-03-11 16:26:18', 'ab255176778275bc871103ba3bd91c1d83da86b2', NULL, NULL, NULL, ''),
	('NSB111032020006', 0, 'test', 'test@test.com', '04', '$2y$10$zXH7UdQHQHqeg.3XNpT4suirVeE.siaYnsSu6e5tOjJAZrcCwSTj2', '2020-03-11 17:27:28', NULL, NULL, NULL, NULL, ''),
	('NSB113032020001', 0, 'test', 'test@gmail.com', '05', '$2y$10$YEoUhFB92LPixdgyI6816urkSiAyJrGMbVo5OGuaWEUqe8tUlZv3W', '2020-03-13 12:45:58', NULL, NULL, NULL, NULL, ''),
	('NSB116032020001', 0, 'Test', 'pikowicak@gmail.com', '123456', '$2y$10$NdLUyb6P4IGuV/melkZydeCBYQo51REkYM2TRuwjEA98KWNeFoA7e', '2020-03-16 03:32:55', NULL, NULL, NULL, NULL, ''),
	('NSB120032020001', 0, 'Rizal', 'rizalrinaldix@gmail.com', '08123', '$2y$10$rWcXerUzGn1DGiTgHOdB.u647DDGVGPPHlMGQFADkTOauukbMj0YS', '2020-03-20 14:21:23', NULL, NULL, NULL, NULL, ''),
	('NSB121032020001', 0, 'lala dipsi po', 'po@gmail.com', '06', '$2y$10$t1CgC0aMl9TbGoUb.62uRusdwdfBiisMBWFjbrB.hkjI8N0HBI7x.', '2020-03-21 17:54:44', NULL, NULL, NULL, NULL, '');
/*!40000 ALTER TABLE `nasabah_online` ENABLE KEYS */;


-- Dumping structure for table db_kompis.nasabah_online_detail
CREATE TABLE IF NOT EXISTS `nasabah_online_detail` (
  `id_nasabah_online` varchar(16) CHARACTER SET latin1 DEFAULT NULL COMMENT 'NSB1<yyyy-mm-dd><4 digit auto inc>',
  `alamat_nasabah_online` varchar(100) CHARACTER SET latin1 DEFAULT NULL,
  `lat_nasabah_online` decimal(12,8) DEFAULT NULL,
  `long_nasabah_online` decimal(12,8) DEFAULT NULL,
  `id_provinsi` int(11) DEFAULT NULL,
  `id_kabupaten` int(11) DEFAULT NULL,
  `id_kecamatan` int(11) DEFAULT NULL,
  `no_ktp_nasabah_online` varchar(16) DEFAULT NULL,
  `foto_ktp_nasabah_online` varchar(50) CHARACTER SET latin1 DEFAULT NULL,
  `saldo_nasabah_online` int(11) DEFAULT '0',
  `point_nasabah_online` int(11) DEFAULT '0'
) ENGINE=InnoDB DEFAULT CHARSET=utf8;

-- Dumping data for table db_kompis.nasabah_online_detail: ~8 rows (approximately)
/*!40000 ALTER TABLE `nasabah_online_detail` DISABLE KEYS */;
/*INSERT INTO `nasabah_online_detail` (`id_nasabah_online`, `alamat_nasabah_online`, `lat_nasabah_online`, `long_nasabah_online`, `id_provinsi`, `id_kabupaten`, `id_kecamatan`, `no_ktp_nasabah_online`, `foto_ktp_nasabah_online`, `saldo_nasabah_online`, `point_nasabah_online`) VALUES
	('NSB111032020001', NULL, NULL, NULL, NULL, NULL, NULL, NULL, NULL, 0, 0),
	('NSB111032020002', NULL, NULL, NULL, NULL, NULL, NULL, NULL, NULL, 0, 0),
	('NSB111032020003', NULL, NULL, NULL, NULL, NULL, NULL, NULL, NULL, 0, 0),
	('NSB111032020004', 'test', 8.00000000, 8.00000000, NULL, NULL, NULL, NULL, NULL, 0, 0),
	('NSB111032020005', NULL, NULL, NULL, NULL, NULL, NULL, NULL, NULL, 0, 0),
	('NSB111032020006', 'jln cobra', -7.76539030, 110.38431560, NULL, NULL, NULL, NULL, NULL, 0, 0),
	('NSB113032020001', 'jln raya bandung', -7.76586890, 110.38381340, NULL, NULL, NULL, NULL, NULL, 0, 0),
	('NSB116032020001', 'Kompis', -7.76807620, 110.35689370, NULL, NULL, NULL, NULL, NULL, 0, 0),
	('NSB120032020001', NULL, NULL, NULL, NULL, NULL, NULL, NULL, NULL, 0, 0),
	('NSB121032020001', NULL, NULL, NULL, NULL, NULL, NULL, NULL, NULL, 0, 0);
/*!40000 ALTER TABLE `nasabah_online_detail` ENABLE KEYS */;


-- Dumping structure for table db_kompis.pembelian_pengepul
CREATE TABLE IF NOT EXISTS `pembelian_pengepul` (
  `id_pembelian_pengepul` varchar(18) NOT NULL COMMENT 'BELI<dd-mm-yyyy><6 digit auto>',
  `id_pengepul` varchar(15) NOT NULL COMMENT 'PGP<mm-dd-yyyy><4 digit auto inc>',
  `id_bank_sampah` varchar(15) NOT NULL COMMENT 'KMP<dd-mm-yyyy><4 digit auto inc>',
  `id_status_pembelian_pengepul` int(11) NOT NULL DEFAULT '0',
  `id_penjualan_bank_sampah` varchar(18) NOT NULL COMMENT 'JUAL<dd-mm-yyyy><kode 8 digit auto>',
  `tgl_pembelian_sampah` datetime NOT NULL,
  `harga_beli` float NOT NULL,
  `count_nego` int(11) NOT NULL,
  `update_at` timestamp NOT NULL DEFAULT CURRENT_TIMESTAMP,
  `nilai_pengepul` float DEFAULT NULL COMMENT 'bintang 1 sampai 5',
  `ulasan_pengepul` varchar(100) DEFAULT NULL,
  `tgl_review` datetime DEFAULT NULL ON UPDATE CURRENT_TIMESTAMP,
  `id_reason` int(11) NOT NULL,
  PRIMARY KEY (`id_pembelian_pengepul`)
) ENGINE=InnoDB DEFAULT CHARSET=utf8;

-- Dumping data for table db_kompis.pembelian_pengepul: ~2 rows (approximately)
/*!40000 ALTER TABLE `pembelian_pengepul` DISABLE KEYS */;
/*INSERT INTO `pembelian_pengepul` (`id_pembelian_pengepul`, `id_pengepul`, `id_bank_sampah`, `id_status_pembelian_pengepul`, `id_penjualan_bank_sampah`, `tgl_pembelian_sampah`, `harga_beli`, `count_nego`, `update_at`, `nilai_pengepul`, `ulasan_pengepul`, `tgl_review`, `id_reason`) VALUES
	('BELI120320200001', 'PGP030920200001', 'KMP90320200003', 1, 'JUAL1203202000000', '2020-03-12 00:24:15', 0, 0, '2020-03-11 19:01:26', NULL, NULL, '2020-03-20 06:33:55', 1),
	('BELI120320200002', 'PGP030920200001', 'KMP080320200001', 0, 'JUAL1203202000000', '2020-03-12 00:27:56', 0, 0, '2020-03-12 00:27:59', NULL, NULL, '2020-03-13 06:11:33', 0);
/*!40000 ALTER TABLE `pembelian_pengepul` ENABLE KEYS */;


-- Dumping structure for table db_kompis.pengepul
CREATE TABLE IF NOT EXISTS `pengepul` (
  `id_pengepul` varchar(15) NOT NULL COMMENT 'PGP<mm-dd-yyyy><4 digit auto inc>',
  `id_status_pengepul` int(11) NOT NULL,
  `nama_pengepul` varchar(100) CHARACTER SET latin1 DEFAULT NULL,
  `email_pengepul` varchar(50) CHARACTER SET latin1 DEFAULT NULL,
  `no_hp_pengepul` varchar(15) CHARACTER SET latin1 DEFAULT NULL,
  `password_pengepul` varchar(100) CHARACTER SET latin1 DEFAULT NULL,
  `kode_verifikasi_pengepul` varchar(50) CHARACTER SET latin1 DEFAULT NULL,
  `id_treatment_sampah` int(11) NOT NULL,
  `tgl_daftar_pengepul` timestamp NOT NULL DEFAULT CURRENT_TIMESTAMP ON UPDATE CURRENT_TIMESTAMP,
  `update_at` timestamp NULL DEFAULT NULL,
  `last_login` datetime DEFAULT NULL,
  `reason_reject` varchar(100) NOT NULL,
  PRIMARY KEY (`id_pengepul`)
) ENGINE=InnoDB DEFAULT CHARSET=utf8;

-- Dumping data for table db_kompis.pengepul: ~2 rows (approximately)
/*!40000 ALTER TABLE `pengepul` DISABLE KEYS */;
/*INSERT INTO `pengepul` (`id_pengepul`, `id_status_pengepul`, `nama_pengepul`, `email_pengepul`, `no_hp_pengepul`, `password_pengepul`, `kode_verifikasi_pengepul`, `id_treatment_sampah`, `tgl_daftar_pengepul`, `update_at`, `last_login`, `reason_reject`) VALUES
	('PGP030920200001', 0, 'Dewa Putra', 'dewap@gmail.com', '087238939', '123456', '1245', 1, '2020-03-09 13:48:19', '2020-03-09 13:48:20', NULL, ''),
	('PGP030920200002', 1, 'Seto Wardana', 'seto@gmail.com', '0783665544', '123456', '1234', 1, '2020-03-14 14:29:35', '2020-03-14 14:29:36', NULL, '');
/*!40000 ALTER TABLE `pengepul` ENABLE KEYS */;


-- Dumping structure for table db_kompis.pengepul_detail
CREATE TABLE IF NOT EXISTS `pengepul_detail` (
  `id_pengepul` varchar(15) CHARACTER SET latin1 DEFAULT NULL COMMENT 'PGP<mm-dd-yyyy><4 digit auto inc>',
  `alamat_pengepul` varchar(100) CHARACTER SET latin1 DEFAULT NULL,
  `id_provinsi` int(11) DEFAULT NULL,
  `id_kabupaten` int(11) DEFAULT NULL,
  `id_kecamatan` int(11) DEFAULT NULL,
  `lat_pengepul` decimal(12,8) DEFAULT NULL,
  `long_pengepul` decimal(12,8) DEFAULT NULL,
  `no_ktp_pengepul` varchar(16) DEFAULT NULL,
  `foto_ktp_pengepul` varchar(50) CHARACTER SET latin1 DEFAULT NULL,
  `foto_apsi` varchar(50) DEFAULT NULL,
  `saldo_pengepul` float DEFAULT NULL
) ENGINE=InnoDB DEFAULT CHARSET=utf8;

-- Dumping data for table db_kompis.pengepul_detail: ~0 rows (approximately)
/*!40000 ALTER TABLE `pengepul_detail` DISABLE KEYS */;
/*!40000 ALTER TABLE `pengepul_detail` ENABLE KEYS */;


-- Dumping structure for table db_kompis.pengurus_bank_sampah
CREATE TABLE IF NOT EXISTS `pengurus_bank_sampah` (
  `id_pengurus_bank_sampah` varchar(20) NOT NULL COMMENT 'PBS<dd-mm-yyyy><4 digit auto inc>',
  `id_bank_sampah` varchar(20) CHARACTER SET latin1 NOT NULL COMMENT 'KMP<dd-mm-yyyy><4 digit auto inc>',
  `id_jabatan_pengurus` int(11) DEFAULT NULL,
  `nama_pengurus` varchar(100) CHARACTER SET latin1 DEFAULT NULL,
  `no_ktp_pengurus` varchar(16) DEFAULT NULL,
  `alamat_pengurus` varchar(100) CHARACTER SET latin1 DEFAULT NULL,
  `id_provinsi` int(11) DEFAULT NULL,
  `id_kabupaten` int(11) DEFAULT NULL,
  `id_kecamatan` int(11) DEFAULT NULL,
  `no_hp_pengurus` varchar(15) DEFAULT NULL,
  `email_pengurus` varchar(50) CHARACTER SET latin1 DEFAULT NULL,
  `foto_ktp_pengurus` varchar(50) CHARACTER SET latin1 DEFAULT NULL,
  `foto_selfie_ktp_pengurus` varchar(50) CHARACTER SET latin1 DEFAULT NULL,
  `status_pengurus_bank_sampah_aktif` char(1) NOT NULL COMMENT '0 = Non Aktif, 1 = Aktif',
  `status_pengurus_bank_sampah_remove` char(1) NOT NULL COMMENT '0 = Hidden, 1 = Visible',
  `created_at` datetime DEFAULT NULL,
  `update_at` timestamp NULL DEFAULT '0000-00-00 00:00:00' ON UPDATE CURRENT_TIMESTAMP,
  PRIMARY KEY (`id_pengurus_bank_sampah`)
) ENGINE=InnoDB DEFAULT CHARSET=utf8;

-- Dumping data for table db_kompis.pengurus_bank_sampah: ~2 rows (approximately)
/*!40000 ALTER TABLE `pengurus_bank_sampah` DISABLE KEYS */;
/*INSERT INTO `pengurus_bank_sampah` (`id_pengurus_bank_sampah`, `id_bank_sampah`, `id_jabatan_pengurus`, `nama_pengurus`, `no_ktp_pengurus`, `alamat_pengurus`, `id_provinsi`, `id_kabupaten`, `id_kecamatan`, `no_hp_pengurus`, `email_pengurus`, `foto_ktp_pengurus`, `foto_selfie_ktp_pengurus`, `status_pengurus_bank_sampah_aktif`, `status_pengurus_bank_sampah_remove`, `created_at`, `update_at`) VALUES
	('PBS100320200001', 'KMP070320200001', 1, 'Deddy Sutrisna', '3403401245678', 'Jl. Kresna', 15, 250, 125, '0878399744511', 'deddy@gmail.com', NULL, NULL, '1', '1', '2020-03-19 06:14:29', '0000-00-00 00:00:00'),
	('PBS100320200002', 'KMP070320200001', 2, 'Mawar Sharon', '3406523452111', 'Jl. Babarsari No.34', 15, 250, 125, '0879466323322', 'mawar@gmail.com', NULL, NULL, '1', '1', '2020-03-19 06:14:29', '0000-00-00 00:00:00');
/*!40000 ALTER TABLE `pengurus_bank_sampah` ENABLE KEYS */;


-- Dumping structure for table db_kompis.penjualan_bank_sampah
CREATE TABLE IF NOT EXISTS `penjualan_bank_sampah` (
  `id_penjualan_bank_sampah` varchar(18) NOT NULL COMMENT 'JUAL<dd-mm-yyyy><kode 6 digit auto>',
  `id_bank_sampah` varchar(15) NOT NULL COMMENT 'KMP<dd-mm-yyyy><4 digit auto inc>',
  `id_status_penjualan_bank_sampah` int(11) NOT NULL,
  `tgl_penjualan_bank_sampah` datetime NOT NULL,
  `nama_sampah` varchar(100) NOT NULL,
  `deskripsi_sampah` varchar(150) NOT NULL,
  `id_kategori_sampah` varchar(20) NOT NULL COMMENT 'KAS<4 digit auto inc>',
  `id_jenis_sampah` varchar(20) NOT NULL COMMENT 'JNS<id_kategori_sampah><4 digit auto inc>',
  `total_berat` float NOT NULL,
  `harga_minimal_jual` float NOT NULL,
  `harga_jual` float NOT NULL,
  `update_at` timestamp NOT NULL DEFAULT CURRENT_TIMESTAMP,
  `nilai_bank_sampah` float DEFAULT NULL COMMENT 'bintang 1 sampai 5',
  `ulasan_bank_sampah` varchar(100) DEFAULT NULL,
  `tgl_review` datetime DEFAULT NULL ON UPDATE CURRENT_TIMESTAMP,
  `id_reason` int(11) NOT NULL,
  PRIMARY KEY (`id_penjualan_bank_sampah`)
) ENGINE=InnoDB DEFAULT CHARSET=utf8;

-- Dumping data for table db_kompis.penjualan_bank_sampah: ~0 rows (approximately)
/*!40000 ALTER TABLE `penjualan_bank_sampah` DISABLE KEYS */;
/*INSERT INTO `penjualan_bank_sampah` (`id_penjualan_bank_sampah`, `id_bank_sampah`, `id_status_penjualan_bank_sampah`, `tgl_penjualan_bank_sampah`, `nama_sampah`, `deskripsi_sampah`, `id_kategori_sampah`, `id_jenis_sampah`, `total_berat`, `harga_minimal_jual`, `harga_jual`, `update_at`, `nilai_bank_sampah`, `ulasan_bank_sampah`, `tgl_review`, `id_reason`) VALUES
	('JUAL18032020000001', 'KMP90320200003', 0, '2020-03-18 07:49:35', 'Gelas Kaca', 'Gelas pecah', '', '', 2, 400, 600, '2020-03-18 07:49:35', 5, '', '2020-03-18 12:36:17', 0);
/*!40000 ALTER TABLE `penjualan_bank_sampah` ENABLE KEYS */;


-- Dumping structure for table db_kompis.proses
CREATE TABLE IF NOT EXISTS `proses` (
  `id_proses` int(11) NOT NULL,
  `ket_proses` varchar(50) DEFAULT NULL,
  PRIMARY KEY (`id_proses`)
) ENGINE=InnoDB DEFAULT CHARSET=utf8;

-- Dumping data for table db_kompis.proses: ~6 rows (approximately)
/*!40000 ALTER TABLE `proses` DISABLE KEYS */;
/*INSERT INTO `proses` (`id_proses`, `ket_proses`) VALUES
	(1, 'Registrasi user'),
	(2, 'Bank Sampah melakukan penjemputan'),
	(3, 'Bank Sampah menerima list penjemputan'),
	(4, 'Nasabah menunggu penjemputan'),
	(5, 'Nasabah setor ke Bank Sampah langsung'),
	(6, 'Penjualan sampah Bank Sampah'),
	(7, 'Pembelian sampah oleh Pengepul');
/*!40000 ALTER TABLE `proses` ENABLE KEYS */;


-- Dumping structure for table db_kompis.provinsi
CREATE TABLE IF NOT EXISTS `provinsi` (
  `id_provinsi` int(11) NOT NULL COMMENT ' ',
  `nama_provinsi` varchar(50) CHARACTER SET latin1 NOT NULL,
  PRIMARY KEY (`id_provinsi`)
) ENGINE=InnoDB DEFAULT CHARSET=utf8;

-- Dumping data for table db_kompis.provinsi: ~34 rows (approximately)
/*!40000 ALTER TABLE `provinsi` DISABLE KEYS */;
/*INSERT INTO `provinsi` (`id_provinsi`, `nama_provinsi`) VALUES
	(1, 'Nanggroe Aceh Darussalam'),
	(2, 'Sumatera Utara'),
	(3, 'Sumatera Barat'),
	(4, 'Riau'),
	(5, 'Kepulauan Riau'),
	(6, 'Kepulauan Bangka-Belitung'),
	(7, 'Jambi'),
	(8, 'Bengkulu'),
	(9, 'Sumatera Selatan'),
	(10, 'Lampung'),
	(11, 'Banten'),
	(12, 'DKI Jakarta'),
	(13, 'Jawa Barat'),
	(14, 'Jawa Tengah'),
	(15, 'Daerah Istimewa Yogyakarta  '),
	(16, 'Jawa Timur'),
	(17, 'Bali'),
	(18, 'Nusa Tenggara Barat'),
	(19, 'Nusa Tenggara Timur'),
	(20, 'Kalimantan Barat'),
	(21, 'Kalimantan Tengah'),
	(22, 'Kalimantan Selatan'),
	(23, 'Kalimantan Timur'),
	(24, 'Gorontalo'),
	(25, 'Sulawesi Selatan'),
	(26, 'Sulawesi Tenggara'),
	(27, 'Sulawesi Tengah'),
	(28, 'Sulawesi Utara'),
	(29, 'Sulawesi Barat'),
	(30, 'Maluku'),
	(31, 'Maluku Utara'),
	(32, 'Papua Barat'),
	(33, 'Papua'),
	(34, 'Kalimantan Utara');
/*!40000 ALTER TABLE `provinsi` ENABLE KEYS */;


-- Dumping structure for table db_kompis.reason
CREATE TABLE IF NOT EXISTS `reason` (
  `id_reason` int(11) NOT NULL,
  `id_proses` int(11) DEFAULT NULL,
  `desc_reason` varchar(100) DEFAULT NULL,
  PRIMARY KEY (`id_reason`)
) ENGINE=InnoDB DEFAULT CHARSET=utf8;

-- Dumping data for table db_kompis.reason: ~18 rows (approximately)
/*!40000 ALTER TABLE `reason` DISABLE KEYS */;
/*INSERT INTO `reason` (`id_reason`, `id_proses`, `desc_reason`) VALUES
	(1, 4, 'Bank Sampah minta setoran dibatalkan'),
	(2, 5, 'Bank Sampah minta setoran dibatalkan'),
	(3, 5, 'Lokasi Bank Sampah terlalu jauh'),
	(4, 4, 'Bank Sampah tidak bisa dihubungi'),
	(5, 4, 'Bank Sampah sedang tutup'),
	(6, 5, 'Bank Sampah sedang tutup'),
	(7, 4, 'Nasabah ingin mengganti setoran'),
	(8, 2, 'Nasabah tidak dapat dihubungi'),
	(9, 2, 'Nasabah tidak berada di lokasi penjemputan sampah'),
	(10, 3, 'Lokasi Nasabah terlalu jauh'),
	(11, 3, 'Bank Sampah sedang tidak bisa melakukan penjemputan'),
	(12, 7, 'Harga nego Pengepul terlalu rendah'),
	(13, 7, 'Pengepul melewati batas waktu pembayaran'),
	(14, 7, 'Proses packing terlalu lama'),
	(15, 7, 'Pengepul melewati batas waktu penjemputan'),
	(16, 1, 'Berkas belum lengkap'),
	(17, 1, 'Nasabah sering melakukan setoran tidak sesuai'),
	(18, 1, 'Nasabah sering melakukan cancel setoran'),
	(19, 1, 'Bank sampah sering melakukan pembatalan penjemputan'),
	(20, 1, 'Pengepul upload bukti palsu');
/*!40000 ALTER TABLE `reason` ENABLE KEYS */;


-- Dumping structure for table db_kompis.redeem_bank_sampah
CREATE TABLE IF NOT EXISTS `redeem_bank_sampah` (
  `id_redeem_bank_sampah` varchar(15) NOT NULL COMMENT 'RBS<dd-mm-yyyy><4 digit auto inc>',
  `id_bank_sampah` varchar(20) DEFAULT NULL COMMENT 'KMP<dd-mm-yyyy><4 digit auto inc>',
  `id_reward` varchar(8) NOT NULL COMMENT 'RWD<5 digit auto inc>',
  `id_merchant` varchar(8) NOT NULL COMMENT 'MERCH<kode 3 digit auto>',
  `tgl_redeem_bank_sampah` datetime DEFAULT NULL,
  PRIMARY KEY (`id_redeem_bank_sampah`)
) ENGINE=InnoDB DEFAULT CHARSET=utf8;

-- Dumping data for table db_kompis.redeem_bank_sampah: ~0 rows (approximately)
/*!40000 ALTER TABLE `redeem_bank_sampah` DISABLE KEYS */;
/*!40000 ALTER TABLE `redeem_bank_sampah` ENABLE KEYS */;


-- Dumping structure for table db_kompis.redeem_nasabah
CREATE TABLE IF NOT EXISTS `redeem_nasabah` (
  `id_redeem_nasabah` varchar(15) NOT NULL COMMENT 'RNB<dd-mm-yyyy><4 digit auto inc>',
  `id_nasabah_online` varchar(8) CHARACTER SET latin1 DEFAULT NULL,
  `id_reward` varchar(8) NOT NULL COMMENT 'RWD<5 digit auto inc>',
  `id_merchant` varchar(8) NOT NULL COMMENT 'MERCH<kode 3 digit auto>',
  `tgl_redeem_nasabah` datetime DEFAULT NULL,
  PRIMARY KEY (`id_redeem_nasabah`)
) ENGINE=InnoDB DEFAULT CHARSET=utf8;

-- Dumping data for table db_kompis.redeem_nasabah: ~0 rows (approximately)
/*!40000 ALTER TABLE `redeem_nasabah` DISABLE KEYS */;
/*!40000 ALTER TABLE `redeem_nasabah` ENABLE KEYS */;


-- Dumping structure for table db_kompis.reward
CREATE TABLE IF NOT EXISTS `reward` (
  `id_reward` varchar(8) NOT NULL COMMENT 'RWD<5 digit auto inc>',
  `id_brand` varchar(9) NOT NULL COMMENT 'BRAND<4 digit auto inc>',
  `nama_reward` varchar(50) CHARACTER SET latin1 DEFAULT NULL,
  `detail_reward` varchar(50) CHARACTER SET latin1 DEFAULT NULL,
  `poin_reward` int(11) DEFAULT NULL,
  `status_user` varchar(50) DEFAULT NULL COMMENT '1 = Bank Sampah, 2 = Nasabah, 3 = Pengepul',
  `id_superadmin` varchar(7) NOT NULL COMMENT 'SPR<kode 4 digit auto>',
  `status_reward_aktif` char(1) NOT NULL COMMENT '0 = Non Aktif, 1 = Aktif',
  `status_reward_remove` char(1) NOT NULL COMMENT '0 = Hidden, 1 = Visible',
  `created_at` datetime DEFAULT NULL,
  `update_at` timestamp NULL DEFAULT '0000-00-00 00:00:00' ON UPDATE CURRENT_TIMESTAMP,
  PRIMARY KEY (`id_reward`)
) ENGINE=InnoDB DEFAULT CHARSET=utf8;

-- Dumping data for table db_kompis.reward: ~2 rows (approximately)
/*!40000 ALTER TABLE `reward` DISABLE KEYS */;
/*INSERT INTO `reward` (`id_reward`, `id_brand`, `nama_reward`, `detail_reward`, `poin_reward`, `status_user`, `id_superadmin`, `status_reward_aktif`, `status_reward_remove`, `created_at`, `update_at`) VALUES
	('RWD00001', 'BRAND0002', 'Pulsa Mumer', 'Gratis Pulsa Rp 10.000', 100, NULL, 'SPR2104', '1', '1', '2020-03-19 06:16:04', '0000-00-00 00:00:00'),
	('RWD00002', 'BRAND0001', 'Voucher Starbuck 25rb', 'Diskon beli Starbuck sampai Rp 25.000', 2500, NULL, 'SPR2104', '1', '1', '2020-03-19 06:16:04', '0000-00-00 00:00:00');
/*!40000 ALTER TABLE `reward` ENABLE KEYS */;


-- Dumping structure for table db_kompis.riwayat_penawaran
CREATE TABLE IF NOT EXISTS `riwayat_penawaran` (
  `id_lelang` varchar(16) DEFAULT NULL COMMENT 'LEL<dd-mm-yyyy><5 digit auto inc>',
  `id_pengepul` varchar(15) CHARACTER SET latin1 DEFAULT NULL COMMENT 'PGP<mm-dd-yyyy><4 digit auto inc>',
  `id_bank_sampah` varchar(15) CHARACTER SET latin1 DEFAULT NULL COMMENT 'KMP<dd-mm-yyyy><4 digit auto inc>',
  `jumlah_penawaran` float DEFAULT NULL
) ENGINE=InnoDB DEFAULT CHARSET=utf8;

-- Dumping data for table db_kompis.riwayat_penawaran: ~0 rows (approximately)
/*!40000 ALTER TABLE `riwayat_penawaran` DISABLE KEYS */;
/*!40000 ALTER TABLE `riwayat_penawaran` ENABLE KEYS */;


-- Dumping structure for table db_kompis.sekolah
CREATE TABLE IF NOT EXISTS `sekolah` (
  `id_sekolah` varchar(15) NOT NULL COMMENT 'SKL<dd-mm-yyyy><4 digit auto inc>',
  `id_lembaga_pendidikan` varchar(15) NOT NULL COMMENT 'LBG<kode 3 digit auto>',
  `id_jenjang_pendidikan` int(11) DEFAULT NULL,
  `nama_sekolah` varchar(50) DEFAULT NULL,
  `alamat_sekolah` varchar(100) DEFAULT NULL,
  `email_sekolah` varchar(50) DEFAULT NULL,
  `nomor_tlp_sekolah` varchar(15) DEFAULT NULL,
  `created_at` datetime DEFAULT NULL,
  `update_at` timestamp NULL DEFAULT '0000-00-00 00:00:00' ON UPDATE CURRENT_TIMESTAMP,
  PRIMARY KEY (`id_sekolah`)
) ENGINE=InnoDB DEFAULT CHARSET=utf16;

-- Dumping data for table db_kompis.sekolah: ~0 rows (approximately)
/*!40000 ALTER TABLE `sekolah` DISABLE KEYS */;
/*!40000 ALTER TABLE `sekolah` ENABLE KEYS */;


-- Dumping structure for table db_kompis.setoran_offline
CREATE TABLE IF NOT EXISTS `setoran_offline` (
  `id_setoran_offline` varchar(17) NOT NULL COMMENT 'STR0<dd-mm-yyyy><5 digit auto inc>',
  `id_nasabah_offline` varchar(16) DEFAULT NULL COMMENT 'NSB0<yyyy-mm-dd><4 digit auto inc>',
  `id_bank_sampah` varchar(15) DEFAULT NULL COMMENT 'KMP<dd-mm-yyyy><4 digit auto inc>',
  `id_status_setoran` int(11) DEFAULT NULL,
  `id_jenis_transaksi` int(11) DEFAULT NULL,
  `created_at` datetime DEFAULT NULL,
  `update_at` timestamp NULL DEFAULT '0000-00-00 00:00:00' ON UPDATE CURRENT_TIMESTAMP,
  PRIMARY KEY (`id_setoran_offline`)
) ENGINE=InnoDB DEFAULT CHARSET=utf8;

-- Dumping data for table db_kompis.setoran_offline: ~5 rows (approximately)
/*!40000 ALTER TABLE `setoran_offline` DISABLE KEYS */;
/*INSERT INTO `setoran_offline` (`id_setoran_offline`, `id_nasabah_offline`, `id_bank_sampah`, `id_status_setoran`, `id_jenis_transaksi`, `created_at`, `update_at`) VALUES
	('STR01003202000001', 'NSB0202003070001', 'KMP070320200001', 3, NULL, '2020-03-19 06:26:00', '0000-00-00 00:00:00'),
	('STR01003202000002', 'NSB0202003070001', 'KMP070320200001', 5, NULL, '2020-03-19 06:26:00', '0000-00-00 00:00:00'),
	('STR01003202000003', 'NSB0202003070001', 'KMP070320200001', 5, NULL, '2020-03-19 06:26:00', '0000-00-00 00:00:00'),
	('STR01003202000004', 'NSB0202003070001', 'KMP070320200001', NULL, NULL, '2020-03-19 06:26:00', '0000-00-00 00:00:00'),
	('STR01003202000005', 'NSB0202003100001', 'KMP070320200001', 5, NULL, '2020-03-19 06:26:00', '2020-03-19 06:27:01');
/*!40000 ALTER TABLE `setoran_offline` ENABLE KEYS */;


-- Dumping structure for table db_kompis.setoran_offline_detail
CREATE TABLE IF NOT EXISTS `setoran_offline_detail` (
  `id_setoran_offline_detail` varchar(19) NOT NULL COMMENT '<id_setoran_offline><2 digit auto inc>',
  `id_setoran_offline` varchar(17) NOT NULL COMMENT 'STR0<dd-mm-yyyy><5 digit auto inc>',
  `id_kategori_sampah` varchar(7) DEFAULT NULL COMMENT 'KAS<4 digit auto inc>',
  `id_jenis_sampah` varchar(14) DEFAULT NULL COMMENT 'JNS<id_kategori_sampah><4 digit auto inc>',
  `id_merk` varchar(8) DEFAULT NULL COMMENT 'MRK<5 digit auto inc>',
  `berat_setoran` float DEFAULT NULL,
  `harga_setoran` float DEFAULT NULL,
  `datetime_setoran` datetime DEFAULT NULL
) ENGINE=InnoDB DEFAULT CHARSET=utf8;

-- Dumping data for table db_kompis.setoran_offline_detail: ~6 rows (approximately)
/*!40000 ALTER TABLE `setoran_offline_detail` DISABLE KEYS */;
/*INSERT INTO `setoran_offline_detail` (`id_setoran_offline_detail`, `id_setoran_offline`, `id_kategori_sampah`, `id_jenis_sampah`, `id_merk`, `berat_setoran`, `harga_setoran`, `datetime_setoran`) VALUES
	('STR0100320200000201', 'STR01003202000002', 'KAS0001', '7', 'MRK00001', 10, 1000, NULL),
	('STR0100320200000203', 'STR01003202000002', 'KAS0001', '7', 'MRK00001', 10, 1000, NULL),
	('STR0100320200000301', 'STR01003202000003', 'KAS0001', '7', 'MRK00001', 10, 1000, NULL),
	('STR0100320200000501', 'STR01003202000005', 'KAS0001', '7', 'MRK00001', 1000, 1000, NULL),
	('STR0100320200000502', 'STR01003202000005', 'KAS0001', '7', 'MRK00001', 1000, 100000, NULL),
	('STR0100320200000101', 'STR01003202000001', 'KAS0001', '7', 'MRK00001', 1, 100, NULL);
/*!40000 ALTER TABLE `setoran_offline_detail` ENABLE KEYS */;


-- Dumping structure for table db_kompis.setoran_online
CREATE TABLE IF NOT EXISTS `setoran_online` (
  `id_setoran_online` varchar(17) NOT NULL COMMENT 'STR1<dd-mm-yyyy><5 digit auto inc>',
  `id_nasabah_online` varchar(16) CHARACTER SET latin1 DEFAULT NULL COMMENT 'NSB1<yyyy-mm-dd><4 digit auto inc>',
  `id_bank_sampah` varchar(15) CHARACTER SET latin1 DEFAULT NULL COMMENT 'KMP<dd-mm-yyyy><4 digit auto inc>',
  `id_status_setoran` int(11) DEFAULT NULL,
  `id_jenis_transaksi` int(11) DEFAULT NULL,
  `tgl_setoran` datetime NOT NULL,
  `id_reason` int(11) NOT NULL,
  `nilai_nasabah_online` float DEFAULT NULL COMMENT 'bintang 1 sampai 5',
  `nilai_bank_sampah` float DEFAULT NULL COMMENT 'bintang 1 sampai 5',
  `ulasan_bank_sampah` varchar(100) DEFAULT NULL,
  `ulasan_nasabah` varchar(100) DEFAULT NULL,
  `tgl_review` datetime NOT NULL,
  PRIMARY KEY (`id_setoran_online`)
) ENGINE=InnoDB DEFAULT CHARSET=utf8;

-- Dumping data for table db_kompis.setoran_online: ~28 rows (approximately)
/*!40000 ALTER TABLE `setoran_online` DISABLE KEYS */;
/*INSERT INTO `setoran_online` (`id_setoran_online`, `id_nasabah_online`, `id_bank_sampah`, `id_status_setoran`, `id_jenis_transaksi`, `tgl_setoran`, `id_reason`, `nilai_nasabah_online`, `nilai_bank_sampah`, `ulasan_bank_sampah`, `ulasan_nasabah`, `tgl_review`) VALUES
	('STR10803202000001', 'NSB107032020006', 'KMP0000', 1, 1, '2020-03-08 10:02:07', 0, NULL, NULL, NULL, NULL, '2020-03-13 06:10:51'),
	('STR115032020001', NULL, 'KMP070320200001', 3, 1, '2020-03-15 10:48:05', 0, NULL, NULL, NULL, NULL, '2020-03-15 09:48:04'),
	('STR115032020002', NULL, 'KMP070320200001', 3, 1, '2020-03-15 10:49:00', 0, NULL, NULL, NULL, NULL, '2020-03-15 09:48:59'),
	('STR115032020003', NULL, 'KMP070320200001', 3, 1, '2020-03-15 10:50:19', 0, NULL, NULL, NULL, NULL, '2020-03-15 09:50:18'),
	('STR115032020004', NULL, 'KMP070320200001', 3, 1, '2020-03-15 11:22:12', 0, NULL, NULL, NULL, NULL, '2020-03-15 10:22:11'),
	('STR115032020005', NULL, 'KMP070320200001', 3, 1, '2020-03-15 11:40:49', 0, NULL, NULL, NULL, NULL, '2020-03-15 10:40:49'),
	('STR115032020006', 'NSB106032020005', 'KMP070320200001', 3, 1, '2020-03-15 14:06:07', 0, NULL, NULL, NULL, NULL, '2020-03-15 13:06:07'),
	('STR115032020007', NULL, 'KMP070320200001', 3, 1, '2020-03-15 13:11:43', 0, NULL, NULL, NULL, NULL, '2020-03-15 13:11:43'),
	('STR115032020008', NULL, 'KMP070320200001', 3, 1, '2020-03-15 13:31:00', 0, NULL, NULL, NULL, NULL, '2020-03-15 13:31:00'),
	('STR115032020009', NULL, 'KMP070320200001', 3, 1, '2020-03-15 13:32:59', 0, NULL, NULL, NULL, NULL, '2020-03-15 13:32:59'),
	('STR115032020010', NULL, 'KMP070320200001', 3, 1, '2020-03-15 13:49:03', 0, NULL, NULL, NULL, NULL, '2020-03-15 13:49:03'),
	('STR115032020011', 'NSB106032020005', 'KMP070320200001', 3, 1, '2020-03-15 15:03:53', 0, NULL, NULL, NULL, NULL, '2020-03-15 14:03:53'),
	('STR115032020012', NULL, 'KMP070320200001', 3, 1, '2020-03-15 14:20:15', 0, NULL, NULL, NULL, NULL, '2020-03-15 14:20:15'),
	('STR115032020013', NULL, 'KMP070320200001', 3, 1, '2020-03-15 14:21:13', 0, NULL, NULL, NULL, NULL, '2020-03-15 14:21:13'),
	('STR115032020014', 'NSB106032020005', 'KMP070320200001', 3, 1, '2020-03-15 15:24:32', 0, NULL, NULL, NULL, NULL, '2020-03-15 14:24:32'),
	('STR115032020015', 'NSB113032020001', 'KMP070320200001', 3, 1, '2020-03-15 14:24:54', 0, NULL, NULL, NULL, NULL, '2020-03-15 14:24:54'),
	('STR115032020016', 'NSB113032020001', 'KMP070320200001', 6, 1, '2020-03-21 19:32:34', 14, NULL, NULL, NULL, NULL, '2020-03-21 19:32:34'),
	('STR117032020001', 'NSB106032020005', 'KMP070320200001', 2, 1, '2020-03-16 15:16:20', 0, NULL, NULL, NULL, NULL, '2020-03-17 14:20:32'),
	('STR117032020002', 'NSB106032020005', 'KMP070320200001', 2, 1, '2020-03-16 15:16:20', 0, NULL, NULL, NULL, NULL, '2020-03-17 14:20:52'),
	('STR117032020003', 'NSB106032020005', 'KMP070320200001', 2, 1, '2020-03-16 15:16:20', 0, NULL, NULL, NULL, NULL, '2020-03-17 14:21:36'),
	('STR117032020004', 'NSB106032020005', 'KMP070320200001', 2, 1, '2020-03-16 15:16:20', 0, NULL, NULL, NULL, NULL, '2020-03-17 14:26:01'),
	('STR118032020001', 'NSB113032020001', 'KMP070320200001', 2, 1, '2020-03-18 15:44:03', 0, NULL, NULL, NULL, NULL, '2020-03-18 15:44:29'),
	('STR118032020002', 'NSB113032020001', 'KMP070320200001', 6, 1, '2020-03-18 16:16:02', 1, NULL, NULL, NULL, NULL, '2020-03-18 16:16:02'),
	('STR118032020003', 'NSB113032020001', 'KMP070320200001', 2, 1, '2020-03-18 16:45:25', 0, NULL, NULL, NULL, NULL, '2020-03-18 16:45:32'),
	('STR120032020001', 'NSB113032020001', 'KMP120320200001', 2, 1, '2020-03-20 13:34:48', 0, NULL, NULL, NULL, NULL, '2020-03-20 13:35:40'),
	('STR120032020002', 'NSB113032020001', 'KMP120320200001', 2, 1, '2020-03-20 19:27:53', 0, NULL, NULL, NULL, NULL, '2020-03-20 19:31:26'),
	('STR121032020001', 'NSB113032020001', 'KMP120320200001', 2, 1, '2020-03-21 15:36:23', 0, NULL, NULL, NULL, NULL, '2020-03-21 15:36:36'),
	('STR121032020002', NULL, NULL, 2, 1, '2020-03-21 17:41:10', 0, NULL, NULL, NULL, NULL, '2020-03-21 17:41:10');
/*!40000 ALTER TABLE `setoran_online` ENABLE KEYS */;


-- Dumping structure for table db_kompis.setoran_online_detail
CREATE TABLE IF NOT EXISTS `setoran_online_detail` (
  `id_setoran_online` varchar(17) NOT NULL COMMENT 'STR1<dd-mm-yyyy><5 digit auto inc>',
  `id_kategori_sampah` varchar(7) NOT NULL COMMENT 'KAS<4 digit auto inc>',
  `id_jenis_sampah` varchar(14) NOT NULL COMMENT 'JNS<id_kategori_sampah><4 digit auto inc>',
  `id_merk` varchar(8) DEFAULT NULL COMMENT 'MRK<5 digit auto inc>',
  `berat_setoran` float DEFAULT NULL,
  `harga_setoran` float DEFAULT NULL,
  PRIMARY KEY (`id_setoran_online`,`id_jenis_sampah`)
) ENGINE=InnoDB DEFAULT CHARSET=utf8;

-- Dumping data for table db_kompis.setoran_online_detail: ~55 rows (approximately)
/*!40000 ALTER TABLE `setoran_online_detail` DISABLE KEYS */;
/*INSERT INTO `setoran_online_detail` (`id_setoran_online`, `id_kategori_sampah`, `id_jenis_sampah`, `id_merk`, `berat_setoran`, `harga_setoran`) VALUES
	('STR115032020003', 'KAS0002', 'JNS0013', NULL, 8, NULL),
	('STR115032020003', 'KAS0002', 'JNS0015', NULL, 8, NULL),
	('STR115032020004', 'KAS0002', 'JNS0013', NULL, 8, NULL),
	('STR115032020004', 'KAS0002', 'JNS0015', NULL, 8, NULL),
	('STR115032020005', 'KAS0001', 'JNS0001', NULL, 8, NULL),
	('STR115032020005', 'KAS0002', 'JNS0013', NULL, NULL, NULL),
	('STR115032020005', 'KAS0002', 'JNS0015', NULL, 8, NULL),
	('STR115032020006', 'KAS0001', 'JNS0001', NULL, 8, NULL),
	('STR115032020006', 'KAS0002', 'JNS0013', NULL, 8, NULL),
	('STR115032020006', 'KAS0002', 'JNS0015', NULL, NULL, NULL),
	('STR115032020011', 'KAS0001', 'JNS0001', NULL, NULL, NULL),
	('STR115032020011', 'KAS0002', 'JNS0013', NULL, 8, NULL),
	('STR115032020011', 'KAS0002', 'JNS0015', NULL, NULL, NULL),
	('STR115032020012', 'KAS0001', 'JNS0002', NULL, 8, NULL),
	('STR115032020012', 'KAS0001', 'JNS0003', NULL, NULL, NULL),
	('STR115032020012', 'KAS0001', 'JNS0004', NULL, 8, NULL),
	('STR115032020012', 'KAS0001', 'JNS0010', NULL, NULL, NULL),
	('STR115032020013', 'KAS0001', 'JNS0002', NULL, NULL, NULL),
	('STR115032020013', 'KAS0001', 'JNS0003', NULL, NULL, NULL),
	('STR115032020013', 'KAS0001', 'JNS0004', NULL, NULL, NULL),
	('STR115032020013', 'KAS0001', 'JNS0010', NULL, NULL, NULL),
	('STR115032020014', 'KAS0001', 'JNS0001', NULL, NULL, NULL),
	('STR115032020014', 'KAS0002', 'JNS0013', NULL, NULL, NULL),
	('STR115032020014', 'KAS0002', 'JNS0015', NULL, NULL, NULL),
	('STR115032020015', 'KAS0001', 'JNS0001', NULL, NULL, NULL),
	('STR115032020015', 'KAS0001', 'JNS0002', NULL, NULL, NULL),
	('STR115032020015', 'KAS0001', 'JNS0004', NULL, NULL, NULL),
	('STR115032020016', 'KAS0001', 'JNS0001', NULL, NULL, NULL),
	('STR115032020016', 'KAS0001', 'JNS0003', NULL, NULL, NULL),
	('STR117032020003', 'KAS0001', 'JNS0001', NULL, NULL, NULL),
	('STR117032020003', 'KAS0001', 'JNS0002', NULL, NULL, NULL),
	('STR117032020003', 'KAS0002', 'JNS0013', NULL, NULL, NULL),
	('STR117032020003', 'KAS0002', 'JNS0015', NULL, NULL, NULL),
	('STR117032020004', 'KAS0001', 'JNS0001', NULL, NULL, NULL),
	('STR117032020004', 'KAS0001', 'JNS0002', NULL, NULL, NULL),
	('STR117032020004', 'KAS0002', 'JNS0013', NULL, NULL, NULL),
	('STR117032020004', 'KAS0002', 'JNS0015', NULL, NULL, NULL),
	('STR118032020001', 'KAS0001', 'JNS0001', NULL, NULL, NULL),
	('STR118032020001', 'KAS0001', 'JNS0002', NULL, NULL, NULL),
	('STR118032020001', 'KAS0002', 'JNS0008', NULL, NULL, NULL),
	('STR118032020001', 'KAS0002', 'JNS0013', NULL, NULL, NULL),
	('STR118032020001', 'KAS0004', 'JNS0014', NULL, NULL, NULL),
	('STR118032020001', 'KAS0004', 'JNS0025', NULL, NULL, NULL),
	('STR118032020001', 'KAS0004', 'JNS0036', NULL, NULL, NULL),
	('STR118032020001', 'KAS0004', 'JNS0037', NULL, NULL, NULL),
	('STR118032020002', 'KAS0001', 'JNS0001', NULL, NULL, NULL),
	('STR118032020002', 'KAS0001', 'JNS0003', NULL, NULL, NULL),
	('STR118032020002', 'KAS0011', 'JNS0012', NULL, NULL, NULL),
	('STR118032020002', 'KAS0008', 'JNS0026', NULL, NULL, NULL),
	('STR118032020002', 'KAS0008', 'JNS0028', NULL, 8, NULL),
	('STR118032020002', 'KAS0011', 'JNS0030', NULL, 8, NULL),
	('STR118032020002', 'KAS0011', 'JNS0031', NULL, 8, NULL),
	('STR118032020002', 'KAS0011', 'JNS0032', NULL, 8, NULL),
	('STR118032020003', 'KAS0001', 'JNS0001', NULL, 8, NULL),
	('STR118032020003', 'KAS0001', 'JNS0004', NULL, 8, NULL),
	('STR120032020001', 'KAS0001', 'JNS0001', NULL, 8, NULL),
	('STR120032020001', 'KAS0001', 'JNS0002', NULL, 8, NULL),
	('STR120032020001', 'KAS0001', 'JNS0004', NULL, 8, NULL),
	('STR120032020001', 'KAS0002', 'JNS0008', NULL, 8, NULL),
	('STR120032020001', 'KAS0005', 'JNS0018', NULL, 8, NULL),
	('STR120032020002', 'KAS0002', 'JNS0008', NULL, NULL, NULL),
	('STR121032020001', 'KAS0001', 'JNS0001', NULL, NULL, NULL);
/*!40000 ALTER TABLE `setoran_online_detail` ENABLE KEYS */;


-- Dumping structure for table db_kompis.siswa
CREATE TABLE IF NOT EXISTS `siswa` (
  `id_siswa` varchar(22) CHARACTER SET latin1 NOT NULL COMMENT 'SIS<id_lembaga pendidikan><4 digit auto inc>',
  `id_sekolah` varchar(15) NOT NULL COMMENT 'SKL<dd-mm-yyyy><4 digit auto inc>',
  `nis` varchar(16) NOT NULL,
  `nama_siswa` varchar(100) CHARACTER SET latin1 DEFAULT NULL,
  `email_siswa` varchar(50) CHARACTER SET latin1 DEFAULT NULL,
  `no_hp_siswa` varchar(15) CHARACTER SET latin1 DEFAULT NULL,
  `status_sekolah_aktif` char(1) NOT NULL COMMENT '0 = Non Aktif, 1 = Aktif',
  `status_sekolah_remove` char(1) NOT NULL COMMENT '0 = Hidden, 1 = Visible',
  `created_at` datetime DEFAULT NULL,
  `update_at` timestamp NULL DEFAULT '0000-00-00 00:00:00' ON UPDATE CURRENT_TIMESTAMP,
  PRIMARY KEY (`id_siswa`)
) ENGINE=InnoDB DEFAULT CHARSET=utf8;

-- Dumping data for table db_kompis.siswa: ~0 rows (approximately)
/*!40000 ALTER TABLE `siswa` DISABLE KEYS */;
/*!40000 ALTER TABLE `siswa` ENABLE KEYS */;


-- Dumping structure for table db_kompis.smartbin
CREATE TABLE IF NOT EXISTS `smartbin` (
  `id_smartbin` varchar(7) NOT NULL COMMENT 'SMRT<kode 3 digit auto>',
  `id_brand` varchar(9) NOT NULL COMMENT 'BRAND<4 digit auto inc>',
  `kode_smartbin` varchar(10) CHARACTER SET latin1 DEFAULT NULL,
  `lokasi_smartbin` varchar(100) CHARACTER SET latin1 DEFAULT NULL,
  `detail_smartbin` varchar(100) CHARACTER SET latin1 DEFAULT NULL,
  `code_versi_smartbin` varchar(10) CHARACTER SET latin1 DEFAULT NULL,
  `api_check_smartbin` varchar(50) CHARACTER SET latin1 DEFAULT NULL,
  `api_flush_smartbin` varchar(50) CHARACTER SET latin1 DEFAULT NULL,
  `status_smartbin_aktif` char(1) NOT NULL COMMENT '0 = Non Aktif, 1 = Aktif',
  `status_smartbin_remove` char(1) NOT NULL COMMENT '0 = Hidden, 1 = Visible',
  `created_at` datetime DEFAULT NULL,
  PRIMARY KEY (`id_smartbin`)
) ENGINE=InnoDB DEFAULT CHARSET=utf8;

-- Dumping data for table db_kompis.smartbin: ~0 rows (approximately)
/*!40000 ALTER TABLE `smartbin` DISABLE KEYS */;
/*!40000 ALTER TABLE `smartbin` ENABLE KEYS */;


-- Dumping structure for table db_kompis.smartbin_counter
CREATE TABLE IF NOT EXISTS `smartbin_counter` (
  `id_smartbin_counter` varchar(13) NOT NULL COMMENT 'SBC<id_smartbin><kode 3 digit auto>',
  `id_smartbin` varchar(7) NOT NULL COMMENT 'SMRT<kode 3 digit auto>',
  `id_nasabah_online` varchar(16) CHARACTER SET latin1 DEFAULT NULL COMMENT 'NSB1<yyyy-mm-dd><4 digit auto inc>',
  `kode_smartbin` varchar(10) CHARACTER SET latin1 DEFAULT NULL,
  `jumlah_botol` float DEFAULT NULL,
  `point` int(11) DEFAULT NULL,
  `status_smartbin_counter_aktif` char(1) NOT NULL COMMENT '0 = Non Aktif, 1 = Aktif',
  `status_smartbin_counter_remove` char(1) NOT NULL COMMENT '0 = Hidden, 1 = Visible',
  `created_at` datetime DEFAULT NULL,
  PRIMARY KEY (`id_smartbin_counter`)
) ENGINE=InnoDB DEFAULT CHARSET=utf8;

-- Dumping data for table db_kompis.smartbin_counter: ~0 rows (approximately)
/*!40000 ALTER TABLE `smartbin_counter` DISABLE KEYS */;
/*!40000 ALTER TABLE `smartbin_counter` ENABLE KEYS */;


-- Dumping structure for table db_kompis.status_bank_sampah
CREATE TABLE IF NOT EXISTS `status_bank_sampah` (
  `id_status_bank_sampah` int(11) NOT NULL,
  `ket_status_bank_sampah` varchar(100) CHARACTER SET latin1 DEFAULT NULL,
  PRIMARY KEY (`id_status_bank_sampah`)
) ENGINE=InnoDB DEFAULT CHARSET=utf8;

-- Dumping data for table db_kompis.status_bank_sampah: ~6 rows (approximately)
/*!40000 ALTER TABLE `status_bank_sampah` DISABLE KEYS */;
/*INSERT INTO `status_bank_sampah` (`id_status_bank_sampah`, `ket_status_bank_sampah`) VALUES
	(0, 'Belum Verifikasi Email'),
	(1, 'Belum Upload Berkas'),
	(2, 'Sudah Upload Berkas'),
	(3, 'Sudah Verifikasi (Premium)'),
	(4, 'Blokir'),
	(5, 'Tutup Permanen');
/*!40000 ALTER TABLE `status_bank_sampah` ENABLE KEYS */;


-- Dumping structure for table db_kompis.status_infopromo
CREATE TABLE IF NOT EXISTS `status_infopromo` (
  `id_status_infopromo` int(11) NOT NULL,
  `ket_status` varchar(50) DEFAULT NULL,
  PRIMARY KEY (`id_status_infopromo`)
) ENGINE=InnoDB DEFAULT CHARSET=utf8;

-- Dumping data for table db_kompis.status_infopromo: ~5 rows (approximately)
/*!40000 ALTER TABLE `status_infopromo` DISABLE KEYS */;
/*INSERT INTO `status_infopromo` (`id_status_infopromo`, `ket_status`) VALUES
	(1, 'Info Nasabah'),
	(2, 'Info Bank Sampah'),
	(3, 'Info Pengepul'),
	(4, 'Promo Nasabah'),
	(5, 'Promo Bank Sampah'),
	(6, 'Promo Pengepul');
/*!40000 ALTER TABLE `status_infopromo` ENABLE KEYS */;


-- Dumping structure for table db_kompis.status_log
CREATE TABLE IF NOT EXISTS `status_log` (
  `id_status_log` int(11) NOT NULL,
  `ket_status_log` varchar(50) DEFAULT NULL,
  PRIMARY KEY (`id_status_log`)
) ENGINE=InnoDB DEFAULT CHARSET=utf8;

-- Dumping data for table db_kompis.status_log: ~42 rows (approximately)
/*!40000 ALTER TABLE `status_log` DISABLE KEYS */;
/*INSERT INTO `status_log` (`id_status_log`, `ket_status_log`) VALUES
	(0, 'Berhasil Registrasi'),
	(1, 'Akun berhasil verifikasi'),
	(2, 'Berhasil Login'),
	(3, 'Mengajukan Upgrade'),
	(4, 'Upgare dikonfirmasi'),
	(5, 'Updage ditolak'),
	(6, 'Blokir Pengguna'),
	(7, 'Update profile '),
	(8, 'Ubah password'),
	(9, 'Lupa password'),
	(10, 'Non aktif Bank Sampah'),
	(11, 'Mengajukan Setoran'),
	(12, 'Mengajukan Penjemputan'),
	(13, 'Penjemputan Diterima'),
	(14, 'Penjemputan Ditolak'),
	(15, 'Setoran Diterima'),
	(16, 'Setoran Dibatalkan'),
	(17, 'Bank Sampah melakukan penjemputan'),
	(18, 'Kalkulasi Ulang '),
	(19, 'Bank Sampah menunggu review'),
	(20, 'Nasabah menunggu review'),
	(21, 'Nasabah mereview Bank Sampah'),
	(22, 'Bank Sampah mereview Nasabah'),
	(23, 'Bank Sampah mereview Pengepul'),
	(24, 'Pengepul mereview Bank Sampah'),
	(25, 'Transaksi setoran selesai'),
	(26, 'Generate saldo setoran'),
	(27, 'Transfer saldo pending ke saldo aktif'),
	(28, 'Input data penjualan sampah'),
	(29, 'Pengepul beli langsung sampah'),
	(30, 'Pengepul beli harga nego sampah'),
	(31, 'Harga nego ditolak'),
	(32, 'Bank Sampah approved pembelian Pengepul'),
	(33, 'Menunggu pembayaran Pengepul'),
	(34, 'Pembayaran diterima'),
	(35, 'Pembayaran ditolak'),
	(36, 'Generate invoice pembelian'),
	(37, 'Bank Sampah proses packing'),
	(38, 'Proses packing selesai'),
	(39, 'Pengepul mengajukan jadwal jemput'),
	(40, 'Proses penjemputan oleh Pengepul'),
	(41, 'Pengepul menunggu review'),
	(42, 'Transaksi pembelian sampah selesai'),
	(43, 'Transaksi penjualan sampah selesai'),
	(44, 'Poin smartbin bertambah');
/*!40000 ALTER TABLE `status_log` ENABLE KEYS */;


-- Dumping structure for table db_kompis.status_nasabah_offline
CREATE TABLE IF NOT EXISTS `status_nasabah_offline` (
  `id_status_nasabah_offline` int(11) NOT NULL,
  `ket_status_nasabah_offline` varchar(50) DEFAULT NULL,
  PRIMARY KEY (`id_status_nasabah_offline`)
) ENGINE=InnoDB DEFAULT CHARSET=utf8;

-- Dumping data for table db_kompis.status_nasabah_offline: ~3 rows (approximately)
/*!40000 ALTER TABLE `status_nasabah_offline` DISABLE KEYS */;
INSERT INTO `status_nasabah_offline` (`id_status_nasabah_offline`, `ket_status_nasabah_offline`) VALUES
	(0, 'Terdaftar'),
	(1, 'Aktif'),
	(2, 'Blokir');
/*!40000 ALTER TABLE `status_nasabah_offline` ENABLE KEYS */;


-- Dumping structure for table db_kompis.status_nasabah_online
CREATE TABLE IF NOT EXISTS `status_nasabah_online` (
  `id_status_nasabah_online` int(11) NOT NULL,
  `ket_status_nasabah_online` varchar(50) CHARACTER SET latin1 DEFAULT NULL,
  PRIMARY KEY (`id_status_nasabah_online`)
) ENGINE=InnoDB DEFAULT CHARSET=utf8;

-- Dumping data for table db_kompis.status_nasabah_online: ~5 rows (approximately)
/*!40000 ALTER TABLE `status_nasabah_online` DISABLE KEYS */;
/*INSERT INTO `status_nasabah_online` (`id_status_nasabah_online`, `ket_status_nasabah_online`) VALUES
	(0, 'Belum Verifikasi Email'),
	(1, 'Belum Upload Berkas'),
	(2, 'Sudah Upload Berkas'),
	(3, 'Sudah Verifikasi (Premium)'),
	(4, 'Blokir');
/*!40000 ALTER TABLE `status_nasabah_online` ENABLE KEYS */;


-- Dumping structure for table db_kompis.status_pembelian_pengepul
CREATE TABLE IF NOT EXISTS `status_pembelian_pengepul` (
  `id_status_pembelian_pengepul` int(11) NOT NULL,
  `nama_status_pembelian_pengepul` varchar(50) DEFAULT NULL,
  PRIMARY KEY (`id_status_pembelian_pengepul`)
) ENGINE=InnoDB DEFAULT CHARSET=utf8;

-- Dumping data for table db_kompis.status_pembelian_pengepul: ~8 rows (approximately)
/*!40000 ALTER TABLE `status_pembelian_pengepul` DISABLE KEYS */;
/*INSERT INTO `status_pembelian_pengepul` (`id_status_pembelian_pengepul`, `nama_status_pembelian_pengepul`) VALUES
	(0, 'Menunggu Konfirmasi'),
	(1, 'Menunggu Pembayaran'),
	(2, 'Pembayaran Diterima'),
	(3, 'Proses Packing'),
	(4, 'Siap Dijemput'),
	(5, 'Proses Penjemputan'),
	(6, 'Menunggu Review'),
	(7, 'Selesai');
/*!40000 ALTER TABLE `status_pembelian_pengepul` ENABLE KEYS */;


-- Dumping structure for table db_kompis.status_pengepul
CREATE TABLE IF NOT EXISTS `status_pengepul` (
  `id_status_pengepul` int(11) NOT NULL,
  `ket_status_pengepul` varchar(50) CHARACTER SET latin1 DEFAULT NULL,
  PRIMARY KEY (`id_status_pengepul`)
) ENGINE=InnoDB DEFAULT CHARSET=utf8;

-- Dumping data for table db_kompis.status_pengepul: ~5 rows (approximately)
/*!40000 ALTER TABLE `status_pengepul` DISABLE KEYS */;
/*INSERT INTO `status_pengepul` (`id_status_pengepul`, `ket_status_pengepul`) VALUES
	(0, 'Belum Verifikasi Email'),
	(1, 'Belum Upload Berkas'),
	(2, 'Sudah Upload Berkas'),
	(3, 'Sudah Verifikasi (Premium)'),
	(4, 'Blokir');
/*!40000 ALTER TABLE `status_pengepul` ENABLE KEYS */;


-- Dumping structure for table db_kompis.status_penjualan_bank_sampah
CREATE TABLE IF NOT EXISTS `status_penjualan_bank_sampah` (
  `id_status_penjualan_bank_sampah` int(11) NOT NULL,
  `ket_status_penjualan_bank_sampah` varchar(50) DEFAULT NULL,
  PRIMARY KEY (`id_status_penjualan_bank_sampah`)
) ENGINE=InnoDB DEFAULT CHARSET=utf8;

-- Dumping data for table db_kompis.status_penjualan_bank_sampah: ~8 rows (approximately)
/*!40000 ALTER TABLE `status_penjualan_bank_sampah` DISABLE KEYS */;
/*INSERT INTO `status_penjualan_bank_sampah` (`id_status_penjualan_bank_sampah`, `ket_status_penjualan_bank_sampah`) VALUES
	(0, 'Sampah Tersedia'),
	(1, 'Menunggu Pembayaran'),
	(2, 'Pembayaran Diterima'),
	(3, 'Proses Packing'),
	(4, 'Siap Dijemput'),
	(5, 'Proses Jemputan'),
	(6, 'Menunggu Review'),
	(7, 'Selesai');
/*!40000 ALTER TABLE `status_penjualan_bank_sampah` ENABLE KEYS */;


-- Dumping structure for table db_kompis.status_setoran
CREATE TABLE IF NOT EXISTS `status_setoran` (
  `id_status_setoran` int(11) NOT NULL,
  `nama_status_setoran` varchar(50) CHARACTER SET latin1 DEFAULT NULL,
  PRIMARY KEY (`id_status_setoran`)
) ENGINE=InnoDB DEFAULT CHARSET=utf8;

-- Dumping data for table db_kompis.status_setoran: ~7 rows (approximately)
/*!40000 ALTER TABLE `status_setoran` DISABLE KEYS */;
/*INSERT INTO `status_setoran` (`id_status_setoran`, `nama_status_setoran`) VALUES
	(0, 'Diterima'),
	(1, 'Ditolak'),
	(2, 'Sedang Diproses'),
	(3, 'Proses Penjemputan'),
	(4, 'Proses Kalkulasi'),
	(5, 'Menunggu Review'),
	(6, 'Order Dibatalkan'),
	(7, 'Selesai');
/*!40000 ALTER TABLE `status_setoran` ENABLE KEYS */;


-- Dumping structure for table db_kompis.superadmin
CREATE TABLE IF NOT EXISTS `superadmin` (
  `id_superadmin` varchar(7) NOT NULL COMMENT 'SPR<kode 4 digit auto>',
  `username` varchar(30) CHARACTER SET utf8 COLLATE utf8_unicode_ci DEFAULT NULL,
  `nama_superadmin` varchar(50) CHARACTER SET utf8 COLLATE utf8_unicode_ci DEFAULT NULL,
  `email_superadmin` varchar(50) CHARACTER SET utf8 COLLATE utf8_unicode_ci DEFAULT NULL,
  `no_tlp_superadmin` varchar(50) DEFAULT NULL,
  `password` varchar(100) CHARACTER SET utf8 COLLATE utf8_unicode_ci DEFAULT NULL,
  `token` varchar(80) DEFAULT NULL,
  `status_superadmin_aktif` char(1) NOT NULL COMMENT '0 = Non Aktif, 1 = Aktif',
  `status_superadmin_remove` char(1) NOT NULL COMMENT '0 = Hidden, 1 = Visible',
  `created_at` datetime DEFAULT NULL,
  `update_at` timestamp NULL DEFAULT '0000-00-00 00:00:00' ON UPDATE CURRENT_TIMESTAMP,
  PRIMARY KEY (`id_superadmin`)
) ENGINE=InnoDB DEFAULT CHARSET=utf8;

-- Dumping data for table db_kompis.superadmin: ~0 rows (approximately)
/*!40000 ALTER TABLE `superadmin` DISABLE KEYS */;
/*INSERT INTO `superadmin` (`id_superadmin`, `username`, `nama_superadmin`, `email_superadmin`, `no_tlp_superadmin`, `password`, `token`, `status_superadmin_aktif`, `status_superadmin_remove`, `created_at`, `update_at`) VALUES
	('SPR2104', 'manilakr', 'Manila Kristin ', 'maniilakr@kompiscreative.tech', '087839911121', 'Manila@2104!', NULL, '1', '1', '2020-03-19 06:29:40', '2020-03-19 06:29:55');
/*!40000 ALTER TABLE `superadmin` ENABLE KEYS */;


-- Dumping structure for table db_kompis.tabel_harga
CREATE TABLE IF NOT EXISTS `tabel_harga` (
  `id_tabel_harga` varchar(14) NOT NULL COMMENT 'THR<dd-mm-yyyy><kode 3 digit auto>',
  `id_kategori_sampah` varchar(7) DEFAULT NULL COMMENT 'KAS<4 digit auto inc>',
  `harga_nasional` float NOT NULL,
  `id_superadmin` varchar(7) NOT NULL COMMENT 'SPR<kode 4 digit auto>',
  `status_tabel_harga_remove` char(1) NOT NULL COMMENT '0 = Hidden, 1 = Visible',
  `created_at` datetime DEFAULT NULL,
  `update_at` timestamp NULL DEFAULT '0000-00-00 00:00:00' ON UPDATE CURRENT_TIMESTAMP,
  PRIMARY KEY (`id_tabel_harga`)
) ENGINE=InnoDB DEFAULT CHARSET=utf8;

-- Dumping data for table db_kompis.tabel_harga: ~9 rows (approximately)
/*!40000 ALTER TABLE `tabel_harga` DISABLE KEYS */;
/*INSERT INTO `tabel_harga` (`id_tabel_harga`, `id_kategori_sampah`, `harga_nasional`, `id_superadmin`, `status_tabel_harga_remove`, `created_at`, `update_at`) VALUES
	('THR14032020001', 'KAS0001', 0, 'SPR2104', '1', '2020-03-19 06:30:11', '0000-00-00 00:00:00'),
	('THR14032020002', 'KAS0002', 0, 'SPR2104', '1', '2020-03-19 06:30:11', '0000-00-00 00:00:00'),
	('THR14032020003', 'KAS0003', 0, 'SPR2104', '1', '2020-03-19 06:30:11', '0000-00-00 00:00:00'),
	('THR14032020004', 'KAS0004', 0, 'SPR2104', '1', '2020-03-19 06:30:11', '0000-00-00 00:00:00'),
	('THR14032020005', 'KAS0005', 0, 'SPR2104', '1', '2020-03-19 06:30:11', '0000-00-00 00:00:00'),
	('THR14032020006', 'KAS0007', 0, 'SPR2104', '1', '2020-03-19 06:30:11', '0000-00-00 00:00:00'),
	('THR14032020007', 'KAS0008', 0, 'SPR2104', '1', '2020-03-19 06:30:11', '0000-00-00 00:00:00'),
	('THR14032020008', 'KAS0011', 0, 'SPR2104', '1', '2020-03-19 06:30:11', '0000-00-00 00:00:00'),
	('THR14032020009', 'KAS0016', 0, 'SPR2104', '1', '2020-03-19 06:30:11', '0000-00-00 00:00:00');
/*!40000 ALTER TABLE `tabel_harga` ENABLE KEYS */;


-- Dumping structure for table db_kompis.tabel_harga_detail
CREATE TABLE IF NOT EXISTS `tabel_harga_detail` (
  `id_tbl_harga_detail` int(11) NOT NULL AUTO_INCREMENT,
  `id_tabel_harga` varchar(14) NOT NULL COMMENT 'THR<dd-mm-yyyy><kode 3 digit auto>',
  `id_provinsi` int(5) DEFAULT NULL,
  `harga_provinsi` float DEFAULT NULL,
  PRIMARY KEY (`id_tbl_harga_detail`)
) ENGINE=InnoDB DEFAULT CHARSET=utf8;

-- Dumping data for table db_kompis.tabel_harga_detail: ~0 rows (approximately)
/*!40000 ALTER TABLE `tabel_harga_detail` DISABLE KEYS */;
/*!40000 ALTER TABLE `tabel_harga_detail` ENABLE KEYS */;


-- Dumping structure for table db_kompis.tarik_saldo_offline
CREATE TABLE IF NOT EXISTS `tarik_saldo_offline` (
  `id_tarik_saldo_offline` varchar(25) NOT NULL COMMENT 'TSF<id_nasabah_offline><6 digit auto inc>',
  `id_jenis_tarik_saldo_offline` varchar(8) DEFAULT NULL COMMENT 'JTS0<4 digit auto inc>',
  `id_nasabah_offline` varchar(16) DEFAULT NULL COMMENT 'NSB0<yyyy-mm-dd><4 digit auto inc>',
  `id_bank_sampah` varchar(15) DEFAULT NULL COMMENT 'KMP<dd-mm-yyyy><4 digit auto inc>',
  `jml_tarik` int(11) DEFAULT NULL,
  `sisa_saldo` int(11) DEFAULT NULL,
  `status_tarik_saldo_offline_aktif` char(1) NOT NULL COMMENT '0 = Non Aktif, 1 = Aktif',
  `status_tarik_saldo_offline_remove` char(1) NOT NULL COMMENT '0 = Hidden, 1 = Visible',
  `created_at` datetime DEFAULT NULL,
  `update_at` timestamp NULL DEFAULT '0000-00-00 00:00:00',
  PRIMARY KEY (`id_tarik_saldo_offline`)
) ENGINE=InnoDB DEFAULT CHARSET=utf8;

-- Dumping data for table db_kompis.tarik_saldo_offline: ~0 rows (approximately)
/*!40000 ALTER TABLE `tarik_saldo_offline` DISABLE KEYS */;
/*!40000 ALTER TABLE `tarik_saldo_offline` ENABLE KEYS */;


-- Dumping structure for table db_kompis.tarik_saldo_online
CREATE TABLE IF NOT EXISTS `tarik_saldo_online` (
  `id_tarik_saldo_online` varchar(10) NOT NULL COMMENT 'TARIK1<kode 4 digit auto>',
  `id_jenis_tarik_saldo_online` varchar(50) DEFAULT NULL COMMENT 'JTS1<4 digit auto inc>',
  `id_nasabah_online` varchar(16) CHARACTER SET latin1 DEFAULT NULL COMMENT 'NSB1<yyyy-mm-dd><4 digit auto inc>',
  `id_bank_sampah` varchar(15) CHARACTER SET latin1 DEFAULT NULL COMMENT 'KMP<dd-mm-yyyy><4 digit auto inc>',
  `status_tarik_saldo_online_aktif` char(1) NOT NULL COMMENT '0 = Non Aktif, 1 = Aktif',
  `status_tarik_saldo_online_remove` char(1) NOT NULL COMMENT '0 = Hidden, 1 = Visible',
  `created_at` datetime DEFAULT NULL,
  `update_at` timestamp NULL DEFAULT '0000-00-00 00:00:00' ON UPDATE CURRENT_TIMESTAMP,
  PRIMARY KEY (`id_tarik_saldo_online`)
) ENGINE=InnoDB DEFAULT CHARSET=utf8;

-- Dumping data for table db_kompis.tarik_saldo_online: ~3 rows (approximately)
/*!40000 ALTER TABLE `tarik_saldo_online` DISABLE KEYS */;
/*INSERT INTO `tarik_saldo_online` (`id_tarik_saldo_online`, `id_jenis_tarik_saldo_online`, `id_nasabah_online`, `id_bank_sampah`, `status_tarik_saldo_online_aktif`, `status_tarik_saldo_online_remove`, `created_at`, `update_at`) VALUES
	('TARIK10001', 'JTS10001', 'NSB106032020006', 'KMP080320200001', '1', '1', '2020-03-19 06:30:52', '0000-00-00 00:00:00'),
	('TARIK10002', 'JTS10002', 'NSB107032020003', 'KMP080320200001', '1', '1', '2020-03-19 06:30:52', '0000-00-00 00:00:00'),
	('TARIK10003', 'JTS10004', 'NSB107032020001', 'KMP070320200001', '1', '1', '2020-03-19 06:30:52', '0000-00-00 00:00:00');
/*!40000 ALTER TABLE `tarik_saldo_online` ENABLE KEYS */;


-- Dumping structure for table db_kompis.tipe_bank_sampah
CREATE TABLE IF NOT EXISTS `tipe_bank_sampah` (
  `id_tipe_bank_sampah` int(11) NOT NULL,
  `nama_tipe_bank_sampah` varchar(50) CHARACTER SET latin1 DEFAULT NULL,
  PRIMARY KEY (`id_tipe_bank_sampah`)
) ENGINE=InnoDB DEFAULT CHARSET=utf8;

-- Dumping data for table db_kompis.tipe_bank_sampah: ~3 rows (approximately)
/*!40000 ALTER TABLE `tipe_bank_sampah` DISABLE KEYS */;
/*INSERT INTO `tipe_bank_sampah` (`id_tipe_bank_sampah`, `nama_tipe_bank_sampah`) VALUES
	(1, 'Bank Sampah Umum'),
	(2, 'Bank Sampah Sekolah'),
	(3, 'Bank Sampah Rumah Sakit');
/*!40000 ALTER TABLE `tipe_bank_sampah` ENABLE KEYS */;


-- Dumping structure for table db_kompis.tipe_infopromo
CREATE TABLE IF NOT EXISTS `tipe_infopromo` (
  `id_tipe_infopromo` int(11) NOT NULL,
  `nama_tipe` varchar(50) DEFAULT NULL,
  PRIMARY KEY (`id_tipe_infopromo`)
) ENGINE=InnoDB DEFAULT CHARSET=utf8;

-- Dumping data for table db_kompis.tipe_infopromo: ~2 rows (approximately)
/*!40000 ALTER TABLE `tipe_infopromo` DISABLE KEYS */;
INSERT INTO `tipe_infopromo` (`id_tipe_infopromo`, `nama_tipe`) VALUES
	(1, 'Info'),
	(2, 'Promo');
/*!40000 ALTER TABLE `tipe_infopromo` ENABLE KEYS */;


-- Dumping structure for table db_kompis.tmp_setoran_online
CREATE TABLE IF NOT EXISTS `tmp_setoran_online` (
  `id_setoran_online` varchar(17) NOT NULL COMMENT 'STR1<dd-mm-yyyy><5 digit auto inc>',
  `id_nasabah_online` varchar(16) CHARACTER SET latin1 DEFAULT NULL COMMENT 'NSB1<yyyy-mm-dd><4 digit auto inc>',
  `id_bank_sampah` varchar(15) CHARACTER SET latin1 DEFAULT NULL COMMENT 'KMP<dd-mm-yyyy><4 digit auto inc>',
  `tgl_setoran` timestamp NOT NULL DEFAULT CURRENT_TIMESTAMP ON UPDATE CURRENT_TIMESTAMP,
  PRIMARY KEY (`id_setoran_online`)
) ENGINE=InnoDB DEFAULT CHARSET=utf8;

-- Dumping data for table db_kompis.tmp_setoran_online: ~67 rows (approximately)
/*!40000 ALTER TABLE `tmp_setoran_online` DISABLE KEYS */;
/*INSERT INTO `tmp_setoran_online` (`id_setoran_online`, `id_nasabah_online`, `id_bank_sampah`, `tgl_setoran`) VALUES
	('STR115032020001', 'NSB106032020005', 'KMP070320200001', '2020-03-15 16:05:09'),
	('STR115032020002', 'NSB113032020001', 'KMP070320200001', '2020-03-15 15:31:14'),
	('STR115032020003', 'NSB113032020001', 'KMP070320200001', '2020-03-15 15:57:27'),
	('STR116032020001', 'NSB113032020001', 'KMP070320200001', '2020-03-16 03:30:44'),
	('STR116032020002', 'NSB106032020005', 'KMP070320200001', '2020-03-16 15:16:20'),
	('STR116032020003', 'NSB113032020001', 'KMP070320200001', '2020-03-16 17:10:11'),
	('STR116032020004', 'NSB113032020001', 'KMP070320200001', '2020-03-16 17:13:16'),
	('STR116032020005', 'NSB113032020001', 'KMP070320200001', '2020-03-16 17:20:24'),
	('STR116032020006', 'NSB113032020001', 'KMP070320200001', '2020-03-16 17:25:30'),
	('STR116032020007', 'NSB113032020001', 'KMP070320200001', '2020-03-16 17:27:37'),
	('STR116032020008', 'NSB113032020001', 'KMP070320200001', '2020-03-16 17:33:06'),
	('STR116032020009', 'NSB113032020001', 'KMP070320200001', '2020-03-16 17:36:26'),
	('STR116032020010', 'NSB113032020001', 'KMP070320200001', '2020-03-16 17:45:50'),
	('STR118032020001', 'NSB113032020001', 'KMP070320200001', '2020-03-18 14:49:44'),
	('STR118032020002', 'NSB113032020001', 'KMP070320200001', '2020-03-18 14:54:47'),
	('STR118032020003', 'NSB113032020001', 'KMP070320200001', '2020-03-18 15:10:57'),
	('STR118032020004', 'NSB113032020001', 'KMP070320200001', '2020-03-18 15:11:59'),
	('STR118032020005', 'NSB113032020001', 'KMP070320200001', '2020-03-18 15:14:43'),
	('STR118032020006', 'NSB113032020001', 'KMP070320200001', '2020-03-18 15:17:05'),
	('STR118032020007', 'NSB113032020001', 'KMP070320200001', '2020-03-18 15:22:05'),
	('STR118032020008', 'NSB113032020001', 'KMP070320200001', '2020-03-18 15:24:12'),
	('STR118032020009', 'NSB113032020001', 'KMP070320200001', '2020-03-18 15:26:13'),
	('STR118032020010', 'NSB113032020001', 'KMP070320200001', '2020-03-18 15:36:15'),
	('STR118032020011', 'NSB113032020001', 'KMP070320200001', '2020-03-18 15:44:03'),
	('STR118032020012', 'NSB113032020001', 'KMP070320200001', '2020-03-18 15:48:56'),
	('STR118032020013', 'NSB113032020001', 'KMP070320200001', '2020-03-18 16:06:43'),
	('STR118032020014', 'NSB113032020001', 'KMP070320200001', '2020-03-18 16:18:18'),
	('STR118032020015', 'NSB113032020001', 'KMP070320200001', '2020-03-18 16:23:31'),
	('STR118032020016', 'NSB113032020001', 'KMP070320200001', '2020-03-18 16:28:33'),
	('STR118032020017', 'NSB113032020001', 'KMP070320200001', '2020-03-18 16:45:25'),
	('STR119032020001', 'NSB116032020001', 'KMP070320200001', '2020-03-19 07:01:31'),
	('STR120032020001', 'NSB113032020001', 'KMP120320200001', '2020-03-20 13:34:48'),
	('STR120032020002', 'NSB113032020001', 'KMP120320200001', '2020-03-20 15:13:46'),
	('STR120032020003', 'NSB113032020001', 'KMP120320200001', '2020-03-20 15:24:58'),
	('STR120032020004', 'NSB113032020001', 'KMP120320200001', '2020-03-20 15:24:59'),
	('STR120032020005', 'NSB113032020001', 'KMP120320200001', '2020-03-20 15:29:03'),
	('STR120032020006', 'NSB113032020001', 'KMP120320200001', '2020-03-20 15:29:56'),
	('STR120032020007', 'NSB113032020001', 'KMP120320200001', '2020-03-20 19:02:32'),
	('STR120032020008', 'NSB113032020001', 'KMP120320200001', '2020-03-20 19:05:43'),
	('STR120032020009', 'NSB113032020001', 'KMP120320200001', '2020-03-20 19:08:10'),
	('STR120032020010', 'NSB113032020001', 'KMP120320200001', '2020-03-20 19:09:50'),
	('STR120032020011', 'NSB113032020001', 'KMP120320200001', '2020-03-20 19:10:49'),
	('STR120032020012', 'NSB113032020001', 'KMP120320200001', '2020-03-20 19:11:22'),
	('STR120032020013', 'NSB113032020001', 'KMP120320200001', '2020-03-20 19:18:56'),
	('STR120032020014', 'NSB113032020001', 'KMP120320200001', '2020-03-20 19:19:52'),
	('STR120032020015', 'NSB113032020001', 'KMP120320200001', '2020-03-20 19:21:04'),
	('STR120032020016', 'NSB113032020001', 'KMP120320200001', '2020-03-20 19:21:11'),
	('STR120032020017', 'NSB113032020001', 'KMP120320200001', '2020-03-20 19:23:12'),
	('STR120032020018', 'NSB113032020001', 'KMP120320200001', '2020-03-20 19:26:18'),
	('STR120032020019', 'NSB113032020001', 'KMP120320200001', '2020-03-20 19:27:53'),
	('STR121032020001', 'NSB113032020001', 'KMP120320200001', '2020-03-21 06:54:20'),
	('STR121032020002', 'NSB113032020001', 'KMP120320200001', '2020-03-21 13:55:11'),
	('STR121032020003', 'NSB113032020001', 'KMP120320200001', '2020-03-21 14:00:35'),
	('STR121032020004', 'NSB113032020001', 'KMP120320200001', '2020-03-21 14:00:45'),
	('STR121032020005', 'NSB113032020001', 'KMP120320200001', '2020-03-21 14:10:20'),
	('STR121032020006', 'NSB113032020001', 'KMP120320200001', '2020-03-21 14:10:51'),
	('STR121032020007', 'NSB113032020001', 'KMP120320200001', '2020-03-21 14:31:04'),
	('STR121032020008', 'NSB113032020001', 'KMP120320200001', '2020-03-21 14:34:27'),
	('STR121032020009', 'NSB113032020001', 'KMP120320200001', '2020-03-21 14:48:20'),
	('STR121032020010', 'NSB113032020001', 'KMP120320200001', '2020-03-21 15:03:41'),
	('STR121032020011', 'NSB113032020001', 'KMP120320200001', '2020-03-21 15:09:54'),
	('STR121032020012', 'NSB113032020001', 'KMP120320200001', '2020-03-21 15:12:31'),
	('STR121032020013', 'NSB113032020001', 'KMP120320200001', '2020-03-21 15:15:22'),
	('STR121032020014', 'NSB113032020001', 'KMP120320200001', '2020-03-21 15:19:04'),
	('STR121032020015', 'NSB113032020001', 'KMP120320200001', '2020-03-21 15:20:34'),
	('STR121032020016', 'NSB113032020001', 'KMP120320200001', '2020-03-21 15:22:27'),
	('STR121032020017', 'NSB113032020001', 'KMP120320200001', '2020-03-21 15:23:26'),
	('STR121032020018', 'NSB113032020001', 'KMP120320200001', '2020-03-21 15:31:04'),
	('STR121032020019', 'NSB113032020001', 'KMP120320200001', '2020-03-21 15:36:23'),
	('STR121032020020', 'NSB113032020001', 'KMP120320200001', '2020-03-21 19:37:39'),
	('STR121032020021', 'NSB113032020001', 'KMP120320200001', '2020-03-21 20:43:32'),
	('STR122032020001', 'NSB113032020001', 'KMP120320200001', '2020-03-22 08:05:21'),
	('STR122032020002', 'NSB113032020001', 'KMP120320200002', '2020-03-22 08:05:28'),
	('STR122032020003', 'NSB113032020001', 'KMP120320200001', '2020-03-22 09:50:57'),
	('TMPSTR11603202000', 'NSB106032020005', 'KMP070320200001', '2020-03-16 14:58:08');
/*!40000 ALTER TABLE `tmp_setoran_online` ENABLE KEYS */;


-- Dumping structure for table db_kompis.tmp_setoran_online_detail
CREATE TABLE IF NOT EXISTS `tmp_setoran_online_detail` (
  `id_setoran_online` varchar(17) NOT NULL COMMENT 'STR1<dd-mm-yyyy><5 digit auto inc>',
  `id_kategori_sampah` varchar(7) NOT NULL COMMENT 'KAS<4 digit auto inc>',
  `id_jenis_sampah` varchar(14) NOT NULL COMMENT 'JNS<id_kategori_sampah><4 digit auto inc>',
  PRIMARY KEY (`id_setoran_online`,`id_jenis_sampah`)
) ENGINE=InnoDB DEFAULT CHARSET=utf8;

-- Dumping data for table db_kompis.tmp_setoran_online_detail: ~133 rows (approximately)
/*!40000 ALTER TABLE `tmp_setoran_online_detail` DISABLE KEYS */;
/*INSERT INTO `tmp_setoran_online_detail` (`id_setoran_online`, `id_kategori_sampah`, `id_jenis_sampah`) VALUES
	('STR115032020001', 'KAS0001', 'JNS0001'),
	('STR115032020001', 'KAS0002', 'JNS0013'),
	('STR115032020001', 'KAS0002', 'JNS0015'),
	('STR115032020002', 'KAS0001', 'JNS0001'),
	('STR115032020002', 'KAS0001', 'JNS0004'),
	('STR115032020003', 'KAS0001', 'JNS0001'),
	('STR115032020003', 'KAS0001', 'JNS0003'),
	('STR116032020001', 'KAS0001', 'JNS0001'),
	('STR116032020001', 'KAS0001', 'JNS0004'),
	('STR116032020001', 'KAS0001', 'JNS0010'),
	('STR116032020002', 'KAS0001', 'JNS0001'),
	('STR116032020002', 'KAS0001', 'JNS0002'),
	('STR116032020002', 'KAS0002', 'JNS0013'),
	('STR116032020002', 'KAS0002', 'JNS0015'),
	('STR116032020007', 'KAS0001', 'JNS0001'),
	('STR116032020007', 'KAS0001', 'JNS0002'),
	('STR116032020007', 'KAS0001', 'JNS0003'),
	('STR116032020008', 'KAS0001', 'JNS0001'),
	('STR116032020008', 'KAS0001', 'JNS0002'),
	('STR116032020008', 'KAS0001', 'JNS0003'),
	('STR116032020008', 'KAS0001', 'JNS0004'),
	('STR116032020008', 'KAS0001', 'JNS0007'),
	('STR116032020009', 'KAS0001', 'JNS0001'),
	('STR116032020009', 'KAS0001', 'JNS0004'),
	('STR116032020009', 'KAS0001', 'JNS0007'),
	('STR116032020009', 'KAS0001', 'JNS0009'),
	('STR116032020010', 'KAS0001', 'JNS0001'),
	('STR116032020010', 'KAS0001', 'JNS0002'),
	('STR116032020010', 'KAS0001', 'JNS0003'),
	('STR116032020010', 'KAS0001', 'JNS0004'),
	('STR116032020010', 'KAS0001', 'JNS0007'),
	('STR116032020010', 'KAS0001', 'JNS0009'),
	('STR116032020010', 'KAS0001', 'JNS0029'),
	('STR118032020001', 'KAS0001', 'JNS0002'),
	('STR118032020001', 'KAS0001', 'JNS0004'),
	('STR118032020008', 'KAS0002', 'JNS0008'),
	('STR118032020008', 'KAS0011', 'JNS0012'),
	('STR118032020008', 'KAS0002', 'JNS0015'),
	('STR118032020008', 'KAS0011', 'JNS0030'),
	('STR118032020009', 'KAS0001', 'JNS0001'),
	('STR118032020009', 'KAS0001', 'JNS0004'),
	('STR118032020010', 'KAS0001', 'JNS0001'),
	('STR118032020010', 'KAS0001', 'JNS0003'),
	('STR118032020010', 'KAS0002', 'JNS0008'),
	('STR118032020010', 'KAS0011', 'JNS0012'),
	('STR118032020010', 'KAS0002', 'JNS0016'),
	('STR118032020010', 'KAS0008', 'JNS0026'),
	('STR118032020010', 'KAS0011', 'JNS0030'),
	('STR118032020010', 'KAS0011', 'JNS0031'),
	('STR118032020010', 'KAS0011', 'JNS0032'),
	('STR118032020011', 'KAS0001', 'JNS0001'),
	('STR118032020011', 'KAS0001', 'JNS0002'),
	('STR118032020011', 'KAS0002', 'JNS0008'),
	('STR118032020011', 'KAS0002', 'JNS0013'),
	('STR118032020011', 'KAS0004', 'JNS0014'),
	('STR118032020011', 'KAS0004', 'JNS0025'),
	('STR118032020011', 'KAS0004', 'JNS0036'),
	('STR118032020011', 'KAS0004', 'JNS0037'),
	('STR118032020012', 'KAS0001', 'JNS0001'),
	('STR118032020012', 'KAS0001', 'JNS0003'),
	('STR118032020012', 'KAS0011', 'JNS0012'),
	('STR118032020012', 'KAS0008', 'JNS0026'),
	('STR118032020012', 'KAS0008', 'JNS0028'),
	('STR118032020012', 'KAS0011', 'JNS0030'),
	('STR118032020012', 'KAS0011', 'JNS0031'),
	('STR118032020012', 'KAS0011', 'JNS0032'),
	('STR118032020013', 'KAS0001', 'JNS0001'),
	('STR118032020013', 'KAS0001', 'JNS0003'),
	('STR118032020014', 'KAS0002', 'JNS0008'),
	('STR118032020016', 'KAS0001', 'JNS0001'),
	('STR118032020016', 'KAS0001', 'JNS0003'),
	('STR118032020017', 'KAS0001', 'JNS0001'),
	('STR118032020017', 'KAS0001', 'JNS0004'),
	('STR120032020001', 'KAS0001', 'JNS0001'),
	('STR120032020001', 'KAS0001', 'JNS0002'),
	('STR120032020001', 'KAS0001', 'JNS0004'),
	('STR120032020001', 'KAS0002', 'JNS0008'),
	('STR120032020001', 'KAS0005', 'JNS0018'),
	('STR120032020002', 'KAS0001', 'JNS0001'),
	('STR120032020002', 'KAS0001', 'JNS0003'),
	('STR120032020002', 'KAS0001', 'JNS0004'),
	('STR120032020002', 'KAS0007', 'JNS0011'),
	('STR120032020002', 'KAS0007', 'JNS0020'),
	('STR120032020017', 'KAS0002', 'JNS0008'),
	('STR120032020018', 'KAS0001', 'JNS0001'),
	('STR120032020019', 'KAS0002', 'JNS0008'),
	('STR121032020004', 'KAS0001', 'JNS0001'),
	('STR121032020004', 'KAS0001', 'JNS0002'),
	('STR121032020004', 'KAS0011', 'JNS0012'),
	('STR121032020004', 'KAS0011', 'JNS0030'),
	('STR121032020004', 'KAS0011', 'JNS0033'),
	('STR121032020004', 'KAS0011', 'JNS0035'),
	('STR121032020005', 'KAS0011', 'JNS0012'),
	('STR121032020005', 'KAS0011', 'JNS0030'),
	('STR121032020005', 'KAS0011', 'JNS0031'),
	('STR121032020005', 'KAS0011', 'JNS0032'),
	('STR121032020005', 'KAS0011', 'JNS0033'),
	('STR121032020005', 'KAS0011', 'JNS0034'),
	('STR121032020005', 'KAS0011', 'JNS0035'),
	('STR121032020005', 'KAS0011', 'JNS0039'),
	('STR121032020007', 'KAS0001', 'JNS0001'),
	('STR121032020007', 'KAS0001', 'JNS0002'),
	('STR121032020007', 'KAS0001', 'JNS0003'),
	('STR121032020007', 'KAS0001', 'JNS0004'),
	('STR121032020007', 'KAS0001', 'JNS0007'),
	('STR121032020007', 'KAS0001', 'JNS0009'),
	('STR121032020007', 'KAS0001', 'JNS0010'),
	('STR121032020007', 'KAS0001', 'JNS0029'),
	('STR121032020007', 'KAS0001', 'JNS0038'),
	('STR121032020009', 'KAS0001', 'JNS0001'),
	('STR121032020009', 'KAS0001', 'JNS0002'),
	('STR121032020009', 'KAS0001', 'JNS0003'),
	('STR121032020009', 'KAS0001', 'JNS0004'),
	('STR121032020013', 'KAS0001', 'JNS0001'),
	('STR121032020013', 'KAS0001', 'JNS0002'),
	('STR121032020013', 'KAS0001', 'JNS0003'),
	('STR121032020013', 'KAS0001', 'JNS0004'),
	('STR121032020013', 'KAS0001', 'JNS0007'),
	('STR121032020013', 'KAS0001', 'JNS0009'),
	('STR121032020013', 'KAS0001', 'JNS0010'),
	('STR121032020013', 'KAS0001', 'JNS0029'),
	('STR121032020018', 'KAS0001', 'JNS0001'),
	('STR121032020018', 'KAS0001', 'JNS0002'),
	('STR121032020018', 'KAS0001', 'JNS0003'),
	('STR121032020019', 'KAS0001', 'JNS0001'),
	('STR121032020020', 'KAS0005', 'JNS0005'),
	('STR121032020020', 'KAS0005', 'JNS0006'),
	('STR121032020020', 'KAS0005', 'JNS0017'),
	('STR122032020002', 'KAS0001', 'JNS0001'),
	('STR122032020002', 'KAS0001', 'JNS0002'),
	('STR122032020002', 'KAS0001', 'JNS0003'),
	('STR122032020002', 'KAS0001', 'JNS0004'),
	('TMPSTR11603202000', 'KAS0001', 'JNS0001'),
	('TMPSTR11603202000', 'KAS0002', 'JNS0013'),
	('TMPSTR11603202000', 'KAS0002', 'JNS0015');
/*!40000 ALTER TABLE `tmp_setoran_online_detail` ENABLE KEYS */;


-- Dumping structure for table db_kompis.treatment_sampah
CREATE TABLE IF NOT EXISTS `treatment_sampah` (
  `id_treatment_sampah` int(11) NOT NULL,
  `nama_treatment_sampah` varchar(50) DEFAULT NULL,
  PRIMARY KEY (`id_treatment_sampah`)
) ENGINE=InnoDB DEFAULT CHARSET=utf8;

-- Dumping data for table db_kompis.treatment_sampah: ~2 rows (approximately)
/*!40000 ALTER TABLE `treatment_sampah` DISABLE KEYS */;
/*INSERT INTO `treatment_sampah` (`id_treatment_sampah`, `nama_treatment_sampah`) VALUES
	(1, 'Sampah Organik'),
	(2, 'Sampah Anorganik'),
	(3, 'Sampah B3');
/*!40000 ALTER TABLE `treatment_sampah` ENABLE KEYS */;


-- Dumping structure for view db_kompis.v_bank_sampah
-- Creating temporary table to overcome VIEW dependency errors
/*CREATE TABLE `v_bank_sampah` (
	`ket_status_bank_sampah` VARCHAR(100) NULL COLLATE 'latin1_swedish_ci',
	`id_bank_sampah` VARCHAR(15) NOT NULL COMMENT 'KMP<dd-mm-yyyy><4 digit auto inc>' COLLATE 'latin1_swedish_ci',
	`id_status_bank_sampah` INT(11) NOT NULL,
	`nama_bank_sampah` VARCHAR(50) NULL COLLATE 'latin1_swedish_ci',
	`logo_bank_sampah` VARCHAR(100) NULL COLLATE 'utf8_general_ci',
	`alamat_bank_sampah` VARCHAR(50) NULL COLLATE 'latin1_swedish_ci',
	`id_provinsi` INT(11) NOT NULL COMMENT ' ',
	`id_kabupaten` INT(11) NOT NULL COMMENT ' ',
	`id_kecamatan` INT(11) NOT NULL COMMENT ' ',
	`lat_bank_sampah` DECIMAL(12,8) NULL,
	`long_bank_sampah` DECIMAL(12,8) NULL,
	`email_bank_sampah` VARCHAR(50) NULL COLLATE 'latin1_swedish_ci',
	`no_hp_bank_sampah` VARCHAR(15) NULL COLLATE 'latin1_swedish_ci',
	`password_bank_sampah` VARCHAR(64) NULL COMMENT 'Minimal password 6 karakter' COLLATE 'latin1_swedish_ci',
	`kode_verifikasi_bank_sampah` VARCHAR(6) NULL COLLATE 'latin1_swedish_ci',
	`tgl_daftar` DATETIME NULL COMMENT 'Generate saat Register',
	`ip_addres` VARCHAR(15) NULL COLLATE 'utf8_general_ci',
	`last_login` TIMESTAMP NULL,
	`status_banksampah_remove` CHAR(1) NOT NULL COMMENT '0 = Hidden, 1 = Visible' COLLATE 'utf8_general_ci',
	`reason_reject` VARCHAR(100) NOT NULL COLLATE 'utf8_general_ci'
) ENGINE=MyISAM;


-- Dumping structure for view db_kompis.v_bantuan
-- Creating temporary table to overcome VIEW dependency errors
CREATE TABLE `v_bantuan` 
) ENGINE=MyISAM;


-- Dumping structure for view db_kompis.v_info_promo
-- Creating temporary table to overcome VIEW dependency errors
CREATE TABLE `v_info_promo` (
	`nama_tipe` VARCHAR(50) NULL COLLATE 'utf8_general_ci',
	`ket_status` VARCHAR(50) NULL COLLATE 'utf8_general_ci',
	`id_promo` VARCHAR(15) NOT NULL COMMENT 'PRO<dd-mm-yyyy><4 digit auto inc>' COLLATE 'utf8_general_ci',
	`id_status_promo` INT(11) NOT NULL,
	`id_tipe_promo` INT(11) NOT NULL,
	`judul_promo` VARCHAR(50) NULL COLLATE 'latin1_swedish_ci',
	`gambar_promo` TINYTEXT NULL COLLATE 'latin1_swedish_ci',
	`detail_promo` VARCHAR(100) NULL COLLATE 'latin1_swedish_ci',
	`status_promo_aktif` CHAR(1) NOT NULL COMMENT '0 = Non Aktif, 1 = Aktif' COLLATE 'utf8_general_ci',
	`status_promo_remove` CHAR(1) NOT NULL COMMENT '0 = Hidden, 1 = Visible' COLLATE 'utf8_general_ci',
	`created_at` DATETIME NULL,
	`update_at` TIMESTAMP NULL
) ENGINE=MyISAM;


-- Dumping structure for view db_kompis.v_jenis_sampah
-- Creating temporary table to overcome VIEW dependency errors
CREATE TABLE `v_jenis_sampah` (
	`id_jenis_sampah` VARCHAR(14) NOT NULL COMMENT 'JNS<id_kategori_sampah><4 digit auto inc>' COLLATE 'utf8_general_ci',
	`id_kategori_sampah` VARCHAR(7) NULL COMMENT 'KAS<4 digit auto inc>' COLLATE 'utf8_general_ci',
	`nama_jenis_sampah` VARCHAR(50) NULL COLLATE 'latin1_swedish_ci',
	`foto_jenis_sampah` VARCHAR(50) NULL COLLATE 'latin1_swedish_ci',
	`deskripsi_jenis_sampah` VARCHAR(100) NULL COLLATE 'latin1_swedish_ci',
	`id_superadmin` VARCHAR(7) NOT NULL COMMENT 'SPR<kode 4 digit auto>' COLLATE 'utf8_general_ci',
	`status_jenis_sampah_remove` CHAR(1) NOT NULL COMMENT '0 = Hidden, 1 = Visible' COLLATE 'utf8_general_ci',
	`created_at` DATETIME NULL,
	`update_at` TIMESTAMP NULL,
	`nama_kategori_sampah` VARCHAR(50) NULL COLLATE 'latin1_swedish_ci'
) ENGINE=MyISAM;


-- Dumping structure for view db_kompis.v_nasabah_online
-- Creating temporary table to overcome VIEW dependency errors
CREATE TABLE `v_nasabah_online` (
	`id_nasabah_online` VARCHAR(16) NOT NULL COMMENT 'NSB1<yyyy-mm-dd><4 digit auto inc>' COLLATE 'latin1_swedish_ci',
	`id_status_nasabah_online` INT(11) NOT NULL,
	`nama_nasabah_online` VARCHAR(50) NULL COLLATE 'latin1_swedish_ci',
	`email_nasabah_online` VARCHAR(50) NULL COLLATE 'latin1_swedish_ci',
	`no_hp_nasabah_online` VARCHAR(15) NULL COLLATE 'latin1_swedish_ci',
	`password_nasabah_online` VARCHAR(80) NULL COLLATE 'latin1_swedish_ci',
	`tgl_nasabah_daftar` TIMESTAMP NULL,
	`token` VARCHAR(80) NULL COLLATE 'latin1_swedish_ci',
	`kode_verifikasi` VARCHAR(6) NULL COLLATE 'utf8_general_ci',
	`update_at` TIMESTAMP NULL,
	`alamat_nasabah_online` VARCHAR(100) NULL COLLATE 'latin1_swedish_ci',
	`lat_nasabah_online` DECIMAL(12,8) NULL,
	`long_nasabah_online` DECIMAL(12,8) NULL,
	`id_provinsi` INT(11) NULL,
	`id_kabupaten` INT(11) NULL,
	`id_kecamatan` INT(11) NULL,
	`no_ktp_nasabah_online` VARCHAR(16) NULL COLLATE 'utf8_general_ci',
	`foto_ktp_nasabah_online` VARCHAR(50) NULL COLLATE 'latin1_swedish_ci',
	`saldo_nasabah_online` INT(11) NULL,
	`point_nasabah_online` INT(11) NULL,
	`ket_status_nasabah_online` VARCHAR(50) NULL COLLATE 'latin1_swedish_ci'
) ENGINE=MyISAM;


-- Dumping structure for view db_kompis.v_reward
-- Creating temporary table to overcome VIEW dependency errors
CREATE TABLE `v_reward` (
	`id_reward` VARCHAR(8) NOT NULL COMMENT 'RWD<5 digit auto inc>' COLLATE 'utf8_general_ci',
	`nama_reward` VARCHAR(50) NULL COLLATE 'latin1_swedish_ci',
	`detail_reward` VARCHAR(50) NULL COLLATE 'latin1_swedish_ci',
	`poin_reward` INT(11) NULL,
	`status_reward_aktif` CHAR(1) NOT NULL COMMENT '0 = Non Aktif, 1 = Aktif' COLLATE 'utf8_general_ci',
	`status_reward_remove` CHAR(1) NOT NULL COMMENT '0 = Hidden, 1 = Visible' COLLATE 'utf8_general_ci',
	`created_at` DATETIME NULL
) ENGINE=MyISAM;


-- Dumping structure for view db_kompis.v_setoran_online
-- Creating temporary table to overcome VIEW dependency errors
CREATE TABLE `v_setoran_online` (
	`id_setoran_online` VARCHAR(17) NOT NULL COMMENT 'STR1<dd-mm-yyyy><5 digit auto inc>' COLLATE 'utf8_general_ci',
	`id_nasabah_online` VARCHAR(16) NULL COMMENT 'NSB1<yyyy-mm-dd><4 digit auto inc>' COLLATE 'latin1_swedish_ci',
	`id_bank_sampah` VARCHAR(15) NULL COMMENT 'KMP<dd-mm-yyyy><4 digit auto inc>' COLLATE 'latin1_swedish_ci',
	`id_status_setoran` INT(11) NULL,
	`id_jenis_transaksi` INT(11) NULL,
	`tgl_setoran` DATETIME NOT NULL,
	`id_jenis_sampah` VARCHAR(14) NULL COMMENT 'JNS<id_kategori_sampah><4 digit auto inc>' COLLATE 'utf8_general_ci',
	`id_kategori_sampah` VARCHAR(7) NULL COMMENT 'KAS<4 digit auto inc>' COLLATE 'utf8_general_ci',
	`nama_status_setoran` VARCHAR(50) NULL COLLATE 'latin1_swedish_ci',
	`nama_jenis_transaksi` VARCHAR(50) NULL COLLATE 'latin1_swedish_ci',
	`nama_jenis_sampah` VARCHAR(50) NULL COLLATE 'latin1_swedish_ci',
	`nama_kategori_sampah` VARCHAR(50) NULL COLLATE 'latin1_swedish_ci',
	`nama_bank_sampah` VARCHAR(50) NULL COLLATE 'latin1_swedish_ci',
	`logo_bank_sampah` VARCHAR(100) NULL COLLATE 'utf8_general_ci',
	`alamat_bank_sampah` VARCHAR(50) NULL COLLATE 'latin1_swedish_ci',
	`lat_bank_sampah` DECIMAL(12,8) NULL,
	`long_bank_sampah` DECIMAL(12,8) NULL,
	`no_telp_bank_sampah` VARCHAR(15) NULL COLLATE 'latin1_swedish_ci',
	`foto_bangunan_bank_sampah` VARCHAR(100) NULL COLLATE 'latin1_swedish_ci'
) ENGINE=MyISAM;


-- Dumping structure for view db_kompis.v_setoran_online_compact
-- Creating temporary table to overcome VIEW dependency errors
CREATE TABLE `v_setoran_online_compact` (
	`id_setoran_online` VARCHAR(17) NOT NULL COMMENT 'STR1<dd-mm-yyyy><5 digit auto inc>' COLLATE 'utf8_general_ci',
	`id_nasabah_online` VARCHAR(16) NULL COMMENT 'NSB1<yyyy-mm-dd><4 digit auto inc>' COLLATE 'latin1_swedish_ci',
	`id_bank_sampah` VARCHAR(15) NULL COMMENT 'KMP<dd-mm-yyyy><4 digit auto inc>' COLLATE 'latin1_swedish_ci',
	`id_status_setoran` INT(11) NULL,
	`id_jenis_transaksi` INT(11) NULL,
	`tgl_setoran` DATETIME NOT NULL,
	`id_jenis_sampah` VARCHAR(14) NULL COMMENT 'JNS<id_kategori_sampah><4 digit auto inc>' COLLATE 'utf8_general_ci',
	`id_kategori_sampah` VARCHAR(7) NULL COMMENT 'KAS<4 digit auto inc>' COLLATE 'utf8_general_ci',
	`nama_status_setoran` VARCHAR(50) NULL COLLATE 'latin1_swedish_ci',
	`nama_jenis_transaksi` VARCHAR(50) NULL COLLATE 'latin1_swedish_ci',
	`nama_jenis_sampah` VARCHAR(50) NULL COLLATE 'latin1_swedish_ci',
	`nama_kategori_sampah` VARCHAR(50) NULL COLLATE 'latin1_swedish_ci',
	`nama_bank_sampah` VARCHAR(50) NULL COLLATE 'latin1_swedish_ci',
	`logo_bank_sampah` VARCHAR(100) NULL COLLATE 'utf8_general_ci',
	`alamat_bank_sampah` VARCHAR(50) NULL COLLATE 'latin1_swedish_ci',
	`lat_bank_sampah` DECIMAL(12,8) NULL,
	`long_bank_sampah` DECIMAL(12,8) NULL,
	`no_telp_bank_sampah` VARCHAR(15) NULL COLLATE 'latin1_swedish_ci',
	`foto_bangunan_bank_sampah` VARCHAR(100) NULL COLLATE 'latin1_swedish_ci',
	`jenis` VARCHAR NULL,
	`sampah` VARCHAR NULL
) ENGINE=MyISAM;


-- Dumping structure for view db_kompis.v_setoran_online_sum
-- Creating temporary table to overcome VIEW dependency errors
CREATE TABLE `v_setoran_online_sum` (
	`id_setoran_online` VARCHAR(17) NOT NULL COMMENT 'STR1<dd-mm-yyyy><5 digit auto inc>' COLLATE 'utf8_general_ci',
	`id_nasabah_online` VARCHAR(16) NULL COMMENT 'NSB1<yyyy-mm-dd><4 digit auto inc>' COLLATE 'latin1_swedish_ci',
	`id_bank_sampah` VARCHAR(15) NULL COMMENT 'KMP<dd-mm-yyyy><4 digit auto inc>' COLLATE 'latin1_swedish_ci',
	`id_status_setoran` INT(11) NULL,
	`id_jenis_transaksi` INT(11) NULL,
	`tgl_setoran` DATETIME NOT NULL,
	`id_reason` INT(11) NOT NULL,
	`nilai_nasabah_online` FLOAT NULL COMMENT 'bintang 1 sampai 5',
	`nilai_bank_sampah` FLOAT NULL COMMENT 'bintang 1 sampai 5',
	`ulasan_bank_sampah` VARCHAR(100) NULL COLLATE 'utf8_general_ci',
	`ulasan_nasabah` VARCHAR(100) NULL COLLATE 'utf8_general_ci',
	`tgl_review` DATETIME NOT NULL,
	`id_kategori_sampah` VARCHAR(7) NULL COMMENT 'KAS<4 digit auto inc>' COLLATE 'utf8_general_ci',
	`id_jenis_sampah` VARCHAR(14) NULL COMMENT 'JNS<id_kategori_sampah><4 digit auto inc>' COLLATE 'utf8_general_ci',
	`id_merk` VARCHAR(8) NULL COMMENT 'MRK<5 digit auto inc>' COLLATE 'utf8_general_ci',
	`berat_setoran` FLOAT NULL,
	`harga_setoran` FLOAT NULL,
	`total_berat_setoran` DOUBLE NULL,
	`nama_kategori_sampah` VARCHAR(50) NULL COLLATE 'latin1_swedish_ci'
) ENGINE=MyISAM;


-- Dumping structure for view db_kompis.v_tmp_setoran_online
-- Creating temporary table to overcome VIEW dependency errors
CREATE TABLE `v_tmp_setoran_online` (
	`id_setoran_online` VARCHAR(17) NOT NULL COMMENT 'STR1<dd-mm-yyyy><5 digit auto inc>' COLLATE 'utf8_general_ci',
	`id_nasabah_online` VARCHAR(16) NULL COMMENT 'NSB1<yyyy-mm-dd><4 digit auto inc>' COLLATE 'latin1_swedish_ci',
	`id_bank_sampah` VARCHAR(15) NULL COMMENT 'KMP<dd-mm-yyyy><4 digit auto inc>' COLLATE 'latin1_swedish_ci',
	`tgl_setoran` TIMESTAMP NOT NULL,
	`id_kategori_sampah` VARCHAR(7) NULL COMMENT 'KAS<4 digit auto inc>' COLLATE 'utf8_general_ci',
	`id_jenis_sampah` VARCHAR(14) NULL COMMENT 'JNS<id_kategori_sampah><4 digit auto inc>' COLLATE 'utf8_general_ci',
	`nama_kategori_sampah` VARCHAR(50) NULL COLLATE 'latin1_swedish_ci',
	`nama_jenis_sampah` VARCHAR(50) NULL COLLATE 'latin1_swedish_ci',
	`nama_bank_sampah` VARCHAR(50) NULL COLLATE 'latin1_swedish_ci',
	`logo_bank_sampah` VARCHAR(100) NULL COLLATE 'utf8_general_ci',
	`lat_bank_sampah` DECIMAL(12,8) NULL,
	`long_bank_sampah` DECIMAL(12,8) NULL,
	`alamat_bank_sampah` VARCHAR(50) NULL COLLATE 'latin1_swedish_ci',
	`foto_bangunan_bank_sampah` VARCHAR(100) NULL COLLATE 'latin1_swedish_ci'
) ENGINE=MyISAM;


-- Dumping structure for view db_kompis.v_tmp_setoran_online_compact
-- Creating temporary table to overcome VIEW dependency errors
CREATE TABLE `v_tmp_setoran_online_compact` (
	`id_setoran_online` VARCHAR(17) NOT NULL COMMENT 'STR1<dd-mm-yyyy><5 digit auto inc>' COLLATE 'utf8_general_ci',
	`id_nasabah_online` VARCHAR(16) NULL COMMENT 'NSB1<yyyy-mm-dd><4 digit auto inc>' COLLATE 'latin1_swedish_ci',
	`id_bank_sampah` VARCHAR(15) NULL COMMENT 'KMP<dd-mm-yyyy><4 digit auto inc>' COLLATE 'latin1_swedish_ci',
	`tgl_setoran` TIMESTAMP NOT NULL,
	`id_kategori_sampah` VARCHAR(7) NULL COMMENT 'KAS<4 digit auto inc>' COLLATE 'utf8_general_ci',
	`id_jenis_sampah` VARCHAR(14) NULL COMMENT 'JNS<id_kategori_sampah><4 digit auto inc>' COLLATE 'utf8_general_ci',
	`nama_kategori_sampah` VARCHAR(50) NULL COLLATE 'latin1_swedish_ci',
	`nama_jenis_sampah` VARCHAR(50) NULL COLLATE 'latin1_swedish_ci',
	`nama_bank_sampah` VARCHAR(50) NULL COLLATE 'latin1_swedish_ci',
	`logo_bank_sampah` VARCHAR(100) NULL COLLATE 'utf8_general_ci',
	`lat_bank_sampah` DECIMAL(12,8) NULL,
	`long_bank_sampah` DECIMAL(12,8) NULL,
	`alamat_bank_sampah` VARCHAR(50) NULL COLLATE 'latin1_swedish_ci',
	`foto_bangunan_bank_sampah` VARCHAR(100) NULL COLLATE 'latin1_swedish_ci',
	`jenis` VARCHAR NULL,
	`sampah` VARCHAR NULL
) ENGINE=MyISAM;


-- Dumping structure for view db_kompis.v_bank_sampah
-- Removing temporary table and create final VIEW structure
DROP TABLE IF EXISTS `v_bank_sampah`;
CREATE ALGORITHM=UNDEFINED DEFINER=`admin`@`%` SQL SECURITY DEFINER VIEW `v_bank_sampah` AS select `status_bank_sampah`.`ket_status_bank_sampah` AS `ket_status_bank_sampah`,`bank_sampah`.`id_bank_sampah` AS `id_bank_sampah`,`bank_sampah`.`id_status_bank_sampah` AS `id_status_bank_sampah`,`bank_sampah`.`nama_bank_sampah` AS `nama_bank_sampah`,`bank_sampah`.`logo_bank_sampah` AS `logo_bank_sampah`,`bank_sampah`.`alamat_bank_sampah` AS `alamat_bank_sampah`,`bank_sampah`.`id_provinsi` AS `id_provinsi`,`bank_sampah`.`id_kabupaten` AS `id_kabupaten`,`bank_sampah`.`id_kecamatan` AS `id_kecamatan`,`bank_sampah`.`lat_bank_sampah` AS `lat_bank_sampah`,`bank_sampah`.`long_bank_sampah` AS `long_bank_sampah`,`bank_sampah`.`email_bank_sampah` AS `email_bank_sampah`,`bank_sampah`.`no_hp_bank_sampah` AS `no_hp_bank_sampah`,`bank_sampah`.`password_bank_sampah` AS `password_bank_sampah`,`bank_sampah`.`kode_verifikasi_bank_sampah` AS `kode_verifikasi_bank_sampah`,`bank_sampah`.`tgl_daftar` AS `tgl_daftar`,`bank_sampah`.`ip_addres` AS `ip_addres`,`bank_sampah`.`last_login` AS `last_login`,`bank_sampah`.`status_banksampah_remove` AS `status_banksampah_remove`,`bank_sampah`.`reason_reject` AS `reason_reject` from ((`bank_sampah` left join `bank_sampah_detail` on((`bank_sampah`.`id_bank_sampah` = `bank_sampah_detail`.`id_bank_sampah`))) left join `status_bank_sampah` on((`bank_sampah`.`id_status_bank_sampah` = `status_bank_sampah`.`id_status_bank_sampah`)));


-- Dumping structure for view db_kompis.v_bantuan
-- Removing temporary table and create final VIEW structure
DROP TABLE IF EXISTS `v_bantuan`;
CREATE ALGORITHM=UNDEFINED DEFINER=`admin`@`%` SQL SECURITY DEFINER VIEW `v_bantuan` AS select `bantuan`.`judul_bantuan` AS `judul_bantuan`,`bantuan`.`id_bantuan` AS `id_bantuan`,`bantuan`.`created_at` AS `created_at`,`bantuan_detail`.`judul_bantuan_detail` AS `judul_bantuan_detail`,`bantuan_detail`.`deskrispi_bantuan_detail` AS `deskrispi_bantuan_detail`,`bantuan_detail`.`capture_bantuan` AS `capture_bantuan` from (`bantuan` left join `bantuan_detail` on((`bantuan`.`id_bantuan` = `bantuan_detail`.`id_bantuan`)));


-- Dumping structure for view db_kompis.v_info_promo
-- Removing temporary table and create final VIEW structure
DROP TABLE IF EXISTS `v_info_promo`;
CREATE ALGORITHM=UNDEFINED DEFINER=`admin`@`%` SQL SECURITY DEFINER VIEW `v_info_promo` AS select `tipe_infopromo`.`nama_tipe` AS `nama_tipe`,`status_infopromo`.`ket_status` AS `ket_status`,`infopromo`.`id_promo` AS `id_promo`,`infopromo`.`id_status_promo` AS `id_status_promo`,`infopromo`.`id_tipe_promo` AS `id_tipe_promo`,`infopromo`.`judul_promo` AS `judul_promo`,`infopromo`.`gambar_promo` AS `gambar_promo`,`infopromo`.`detail_promo` AS `detail_promo`,`infopromo`.`status_promo_aktif` AS `status_promo_aktif`,`infopromo`.`status_promo_remove` AS `status_promo_remove`,`infopromo`.`created_at` AS `created_at`,`infopromo`.`update_at` AS `update_at` from ((`infopromo` left join `status_infopromo` on((`infopromo`.`id_status_promo` = `status_infopromo`.`id_status_infopromo`))) left join `tipe_infopromo` on((`infopromo`.`id_tipe_promo` = `tipe_infopromo`.`id_tipe_infopromo`)));


-- Dumping structure for view db_kompis.v_jenis_sampah
-- Removing temporary table and create final VIEW structure
DROP TABLE IF EXISTS `v_jenis_sampah`;
CREATE ALGORITHM=UNDEFINED DEFINER=`admin`@`%` SQL SECURITY DEFINER VIEW `v_jenis_sampah` AS select `jenis_sampah`.`id_jenis_sampah` AS `id_jenis_sampah`,`jenis_sampah`.`id_kategori_sampah` AS `id_kategori_sampah`,`jenis_sampah`.`nama_jenis_sampah` AS `nama_jenis_sampah`,`jenis_sampah`.`foto_jenis_sampah` AS `foto_jenis_sampah`,`jenis_sampah`.`deskripsi_jenis_sampah` AS `deskripsi_jenis_sampah`,`jenis_sampah`.`id_superadmin` AS `id_superadmin`,`jenis_sampah`.`status_jenis_sampah_remove` AS `status_jenis_sampah_remove`,`jenis_sampah`.`created_at` AS `created_at`,`jenis_sampah`.`update_at` AS `update_at`,`kategori_sampah`.`nama_kategori_sampah` AS `nama_kategori_sampah` from (`jenis_sampah` join `kategori_sampah` on((`jenis_sampah`.`id_kategori_sampah` = `kategori_sampah`.`id_kategori_sampah`))) order by `jenis_sampah`.`id_kategori_sampah`;


-- Dumping structure for view db_kompis.v_nasabah_online
-- Removing temporary table and create final VIEW structure
DROP TABLE IF EXISTS `v_nasabah_online`;
CREATE ALGORITHM=UNDEFINED DEFINER=`admin`@`%` SQL SECURITY DEFINER VIEW `v_nasabah_online` AS select `nasabah_online`.`id_nasabah_online` AS `id_nasabah_online`,`nasabah_online`.`id_status_nasabah_online` AS `id_status_nasabah_online`,`nasabah_online`.`nama_nasabah_online` AS `nama_nasabah_online`,`nasabah_online`.`email_nasabah_online` AS `email_nasabah_online`,`nasabah_online`.`no_hp_nasabah_online` AS `no_hp_nasabah_online`,`nasabah_online`.`password_nasabah_online` AS `password_nasabah_online`,`nasabah_online`.`tgl_nasabah_daftar` AS `tgl_nasabah_daftar`,`nasabah_online`.`token` AS `token`,`nasabah_online`.`kode_verifikasi` AS `kode_verifikasi`,`nasabah_online`.`update_at` AS `update_at`,`nasabah_online_detail`.`alamat_nasabah_online` AS `alamat_nasabah_online`,`nasabah_online_detail`.`lat_nasabah_online` AS `lat_nasabah_online`,`nasabah_online_detail`.`long_nasabah_online` AS `long_nasabah_online`,`nasabah_online_detail`.`id_provinsi` AS `id_provinsi`,`nasabah_online_detail`.`id_kabupaten` AS `id_kabupaten`,`nasabah_online_detail`.`id_kecamatan` AS `id_kecamatan`,`nasabah_online_detail`.`no_ktp_nasabah_online` AS `no_ktp_nasabah_online`,`nasabah_online_detail`.`foto_ktp_nasabah_online` AS `foto_ktp_nasabah_online`,`nasabah_online_detail`.`saldo_nasabah_online` AS `saldo_nasabah_online`,`nasabah_online_detail`.`point_nasabah_online` AS `point_nasabah_online`,`status_nasabah_online`.`ket_status_nasabah_online` AS `ket_status_nasabah_online` from ((`nasabah_online` left join `nasabah_online_detail` on((`nasabah_online`.`id_nasabah_online` = `nasabah_online_detail`.`id_nasabah_online`))) left join `status_nasabah_online` on((`nasabah_online`.`id_status_nasabah_online` = `status_nasabah_online`.`id_status_nasabah_online`)));


-- Dumping structure for view db_kompis.v_reward
-- Removing temporary table and create final VIEW structure
DROP TABLE IF EXISTS `v_reward`;
CREATE ALGORITHM=UNDEFINED DEFINER=`admin`@`%` SQL SECURITY DEFINER VIEW `v_reward` AS select `reward`.`id_reward` AS `id_reward`,`reward`.`nama_reward` AS `nama_reward`,`reward`.`detail_reward` AS `detail_reward`,`reward`.`poin_reward` AS `poin_reward`,`reward`.`status_reward_aktif` AS `status_reward_aktif`,`reward`.`status_reward_remove` AS `status_reward_remove`,`reward`.`created_at` AS `created_at` from `reward`;


-- Dumping structure for view db_kompis.v_setoran_online
-- Removing temporary table and create final VIEW structure
DROP TABLE IF EXISTS `v_setoran_online`;
CREATE ALGORITHM=UNDEFINED DEFINER=`admin`@`%` SQL SECURITY DEFINER VIEW `v_setoran_online` AS select `setoran_online`.`id_setoran_online` AS `id_setoran_online`,`setoran_online`.`id_nasabah_online` AS `id_nasabah_online`,`setoran_online`.`id_bank_sampah` AS `id_bank_sampah`,`setoran_online`.`id_status_setoran` AS `id_status_setoran`,`setoran_online`.`id_jenis_transaksi` AS `id_jenis_transaksi`,`setoran_online`.`tgl_setoran` AS `tgl_setoran`,`setoran_online_detail`.`id_jenis_sampah` AS `id_jenis_sampah`,`setoran_online_detail`.`id_kategori_sampah` AS `id_kategori_sampah`,`status_setoran`.`nama_status_setoran` AS `nama_status_setoran`,`jenis_transaksi`.`nama_jenis_transaksi` AS `nama_jenis_transaksi`,`jenis_sampah`.`nama_jenis_sampah` AS `nama_jenis_sampah`,`kategori_sampah`.`nama_kategori_sampah` AS `nama_kategori_sampah`,`bank_sampah`.`nama_bank_sampah` AS `nama_bank_sampah`,`bank_sampah`.`logo_bank_sampah` AS `logo_bank_sampah`,`bank_sampah`.`alamat_bank_sampah` AS `alamat_bank_sampah`,`bank_sampah`.`lat_bank_sampah` AS `lat_bank_sampah`,`bank_sampah`.`long_bank_sampah` AS `long_bank_sampah`,`bank_sampah_detail`.`no_telp_bank_sampah` AS `no_telp_bank_sampah`,`bank_sampah_detail`.`foto_bangunan_bank_sampah` AS `foto_bangunan_bank_sampah` from (((((((`setoran_online` left join `setoran_online_detail` on((`setoran_online`.`id_setoran_online` = `setoran_online_detail`.`id_setoran_online`))) left join `status_setoran` on((`setoran_online`.`id_status_setoran` = `status_setoran`.`id_status_setoran`))) left join `jenis_transaksi` on((`setoran_online`.`id_jenis_transaksi` = `jenis_transaksi`.`id_jenis_transaksi`))) left join `jenis_sampah` on((`setoran_online_detail`.`id_jenis_sampah` = `jenis_sampah`.`id_jenis_sampah`))) left join `kategori_sampah` on((`setoran_online_detail`.`id_kategori_sampah` = `kategori_sampah`.`id_kategori_sampah`))) left join `bank_sampah` on((`setoran_online`.`id_bank_sampah` = `bank_sampah`.`id_bank_sampah`))) left join `bank_sampah_detail` on((`setoran_online`.`id_bank_sampah` = `bank_sampah_detail`.`id_bank_sampah`)));


-- Dumping structure for view db_kompis.v_setoran_online_compact
-- Removing temporary table and create final VIEW structure
DROP TABLE IF EXISTS `v_setoran_online_compact`;
CREATE ALGORITHM=UNDEFINED DEFINER=`admin`@`%` SQL SECURITY DEFINER VIEW `v_setoran_online_compact` AS select `x`.`id_setoran_online` AS `id_setoran_online`,`x`.`id_nasabah_online` AS `id_nasabah_online`,`x`.`id_bank_sampah` AS `id_bank_sampah`,`x`.`id_status_setoran` AS `id_status_setoran`,`x`.`id_jenis_transaksi` AS `id_jenis_transaksi`,`x`.`tgl_setoran` AS `tgl_setoran`,`x`.`id_jenis_sampah` AS `id_jenis_sampah`,`x`.`id_kategori_sampah` AS `id_kategori_sampah`,`x`.`nama_status_setoran` AS `nama_status_setoran`,`x`.`nama_jenis_transaksi` AS `nama_jenis_transaksi`,`x`.`nama_jenis_sampah` AS `nama_jenis_sampah`,`x`.`nama_kategori_sampah` AS `nama_kategori_sampah`,`x`.`nama_bank_sampah` AS `nama_bank_sampah`,`x`.`logo_bank_sampah` AS `logo_bank_sampah`,`x`.`alamat_bank_sampah` AS `alamat_bank_sampah`,`x`.`lat_bank_sampah` AS `lat_bank_sampah`,`x`.`long_bank_sampah` AS `long_bank_sampah`,`x`.`no_telp_bank_sampah` AS `no_telp_bank_sampah`,`x`.`foto_bangunan_bank_sampah` AS `foto_bangunan_bank_sampah`,`x`.`jenis` AS `jenis`,json_arrayagg(json_object('id_kategori_sampah',`x`.`id_kategori_sampah`,'nama_kategori_sampah',`x`.`nama_kategori_sampah`,'jenis_sampah',`x`.`jenis`)) AS `sampah` from (select `v_setoran_online`.`id_setoran_online` AS `id_setoran_online`,`v_setoran_online`.`id_nasabah_online` AS `id_nasabah_online`,`v_setoran_online`.`id_bank_sampah` AS `id_bank_sampah`,`v_setoran_online`.`id_status_setoran` AS `id_status_setoran`,`v_setoran_online`.`id_jenis_transaksi` AS `id_jenis_transaksi`,`v_setoran_online`.`tgl_setoran` AS `tgl_setoran`,`v_setoran_online`.`id_jenis_sampah` AS `id_jenis_sampah`,`v_setoran_online`.`id_kategori_sampah` AS `id_kategori_sampah`,`v_setoran_online`.`nama_status_setoran` AS `nama_status_setoran`,`v_setoran_online`.`nama_jenis_transaksi` AS `nama_jenis_transaksi`,`v_setoran_online`.`nama_jenis_sampah` AS `nama_jenis_sampah`,`v_setoran_online`.`nama_kategori_sampah` AS `nama_kategori_sampah`,`v_setoran_online`.`nama_bank_sampah` AS `nama_bank_sampah`,`v_setoran_online`.`logo_bank_sampah` AS `logo_bank_sampah`,`v_setoran_online`.`alamat_bank_sampah` AS `alamat_bank_sampah`,`v_setoran_online`.`lat_bank_sampah` AS `lat_bank_sampah`,`v_setoran_online`.`long_bank_sampah` AS `long_bank_sampah`,`v_setoran_online`.`no_telp_bank_sampah` AS `no_telp_bank_sampah`,`v_setoran_online`.`foto_bangunan_bank_sampah` AS `foto_bangunan_bank_sampah`,json_arrayagg(json_object('id_jenis_sampah',`v_setoran_online`.`id_jenis_sampah`,'nama_jenis_sampah',`v_setoran_online`.`nama_jenis_sampah`)) AS `jenis` from `db_kompis`.`v_setoran_online` group by `v_setoran_online`.`id_setoran_online`,`v_setoran_online`.`id_kategori_sampah`) `x` group by `x`.`id_setoran_online`;


-- Dumping structure for view db_kompis.v_setoran_online_sum
-- Removing temporary table and create final VIEW structure
DROP TABLE IF EXISTS `v_setoran_online_sum`;
CREATE ALGORITHM=UNDEFINED DEFINER=`admin`@`%` SQL SECURITY DEFINER VIEW `v_setoran_online_sum` AS select `setoran_online`.`id_setoran_online` AS `id_setoran_online`,`setoran_online`.`id_nasabah_online` AS `id_nasabah_online`,`setoran_online`.`id_bank_sampah` AS `id_bank_sampah`,`setoran_online`.`id_status_setoran` AS `id_status_setoran`,`setoran_online`.`id_jenis_transaksi` AS `id_jenis_transaksi`,`setoran_online`.`tgl_setoran` AS `tgl_setoran`,`setoran_online`.`id_reason` AS `id_reason`,`setoran_online`.`nilai_nasabah_online` AS `nilai_nasabah_online`,`setoran_online`.`nilai_bank_sampah` AS `nilai_bank_sampah`,`setoran_online`.`ulasan_bank_sampah` AS `ulasan_bank_sampah`,`setoran_online`.`ulasan_nasabah` AS `ulasan_nasabah`,`setoran_online`.`tgl_review` AS `tgl_review`,`setoran_online_detail`.`id_kategori_sampah` AS `id_kategori_sampah`,`setoran_online_detail`.`id_jenis_sampah` AS `id_jenis_sampah`,`setoran_online_detail`.`id_merk` AS `id_merk`,`setoran_online_detail`.`berat_setoran` AS `berat_setoran`,`setoran_online_detail`.`harga_setoran` AS `harga_setoran`,sum(`setoran_online_detail`.`berat_setoran`) AS `total_berat_setoran`,`kategori_sampah`.`nama_kategori_sampah` AS `nama_kategori_sampah` from ((`setoran_online` left join `setoran_online_detail` on((`setoran_online`.`id_setoran_online` = `setoran_online_detail`.`id_setoran_online`))) left join `kategori_sampah` on((`setoran_online_detail`.`id_kategori_sampah` = `kategori_sampah`.`id_kategori_sampah`))) group by `setoran_online_detail`.`id_kategori_sampah`,`setoran_online`.`id_nasabah_online` order by `setoran_online`.`tgl_setoran` desc;


-- Dumping structure for view db_kompis.v_tmp_setoran_online
-- Removing temporary table and create final VIEW structure
DROP TABLE IF EXISTS `v_tmp_setoran_online`;
CREATE ALGORITHM=UNDEFINED DEFINER=`admin`@`%` SQL SECURITY DEFINER VIEW `v_tmp_setoran_online` AS select `tmp_setoran_online`.`id_setoran_online` AS `id_setoran_online`,`tmp_setoran_online`.`id_nasabah_online` AS `id_nasabah_online`,`tmp_setoran_online`.`id_bank_sampah` AS `id_bank_sampah`,`tmp_setoran_online`.`tgl_setoran` AS `tgl_setoran`,`tmp_setoran_online_detail`.`id_kategori_sampah` AS `id_kategori_sampah`,`tmp_setoran_online_detail`.`id_jenis_sampah` AS `id_jenis_sampah`,`kategori_sampah`.`nama_kategori_sampah` AS `nama_kategori_sampah`,`jenis_sampah`.`nama_jenis_sampah` AS `nama_jenis_sampah`,`bank_sampah`.`nama_bank_sampah` AS `nama_bank_sampah`,`bank_sampah`.`logo_bank_sampah` AS `logo_bank_sampah`,`bank_sampah`.`lat_bank_sampah` AS `lat_bank_sampah`,`bank_sampah`.`long_bank_sampah` AS `long_bank_sampah`,`bank_sampah`.`alamat_bank_sampah` AS `alamat_bank_sampah`,`bank_sampah_detail`.`foto_bangunan_bank_sampah` AS `foto_bangunan_bank_sampah` from (((((`tmp_setoran_online` left join `tmp_setoran_online_detail` on((`tmp_setoran_online`.`id_setoran_online` = `tmp_setoran_online_detail`.`id_setoran_online`))) left join `kategori_sampah` on((`tmp_setoran_online_detail`.`id_kategori_sampah` = `kategori_sampah`.`id_kategori_sampah`))) left join `jenis_sampah` on((`tmp_setoran_online_detail`.`id_jenis_sampah` = `jenis_sampah`.`id_jenis_sampah`))) left join `bank_sampah` on((`tmp_setoran_online`.`id_bank_sampah` = `bank_sampah`.`id_bank_sampah`))) left join `bank_sampah_detail` on((`tmp_setoran_online`.`id_bank_sampah` = `bank_sampah_detail`.`id_bank_sampah`)));


-- Dumping structure for view db_kompis.v_tmp_setoran_online_compact
-- Removing temporary table and create final VIEW structure
DROP TABLE IF EXISTS `v_tmp_setoran_online_compact`;
CREATE ALGORITHM=UNDEFINED DEFINER=`admin`@`%` SQL SECURITY DEFINER VIEW `v_tmp_setoran_online_compact` AS select `x`.`id_setoran_online` AS `id_setoran_online`,`x`.`id_nasabah_online` AS `id_nasabah_online`,`x`.`id_bank_sampah` AS `id_bank_sampah`,`x`.`tgl_setoran` AS `tgl_setoran`,`x`.`id_kategori_sampah` AS `id_kategori_sampah`,`x`.`id_jenis_sampah` AS `id_jenis_sampah`,`x`.`nama_kategori_sampah` AS `nama_kategori_sampah`,`x`.`nama_jenis_sampah` AS `nama_jenis_sampah`,`x`.`nama_bank_sampah` AS `nama_bank_sampah`,`x`.`logo_bank_sampah` AS `logo_bank_sampah`,`x`.`lat_bank_sampah` AS `lat_bank_sampah`,`x`.`long_bank_sampah` AS `long_bank_sampah`,`x`.`alamat_bank_sampah` AS `alamat_bank_sampah`,`x`.`foto_bangunan_bank_sampah` AS `foto_bangunan_bank_sampah`,`x`.`jenis` AS `jenis`,json_arrayagg(json_object('id_kategori_sampah',`x`.`id_kategori_sampah`,'nama_kategori_sampah',`x`.`nama_kategori_sampah`,'jenis_sampah',`x`.`jenis`)) AS `sampah` from (select `v_tmp_setoran_online`.`id_setoran_online` AS `id_setoran_online`,`v_tmp_setoran_online`.`id_nasabah_online` AS `id_nasabah_online`,`v_tmp_setoran_online`.`id_bank_sampah` AS `id_bank_sampah`,`v_tmp_setoran_online`.`tgl_setoran` AS `tgl_setoran`,`v_tmp_setoran_online`.`id_kategori_sampah` AS `id_kategori_sampah`,`v_tmp_setoran_online`.`id_jenis_sampah` AS `id_jenis_sampah`,`v_tmp_setoran_online`.`nama_kategori_sampah` AS `nama_kategori_sampah`,`v_tmp_setoran_online`.`nama_jenis_sampah` AS `nama_jenis_sampah`,`v_tmp_setoran_online`.`nama_bank_sampah` AS `nama_bank_sampah`,`v_tmp_setoran_online`.`logo_bank_sampah` AS `logo_bank_sampah`,`v_tmp_setoran_online`.`lat_bank_sampah` AS `lat_bank_sampah`,`v_tmp_setoran_online`.`long_bank_sampah` AS `long_bank_sampah`,`v_tmp_setoran_online`.`alamat_bank_sampah` AS `alamat_bank_sampah`,`v_tmp_setoran_online`.`foto_bangunan_bank_sampah` AS `foto_bangunan_bank_sampah`,json_arrayagg(json_object('id_jenis_sampah',`v_tmp_setoran_online`.`id_jenis_sampah`,'nama_jenis_sampah',`v_tmp_setoran_online`.`nama_jenis_sampah`)) AS `jenis` from `db_kompis`.`v_tmp_setoran_online` group by `v_tmp_setoran_online`.`id_setoran_online`,`v_tmp_setoran_online`.`id_kategori_sampah`) `x` group by `x`.`id_setoran_online`;
/*!40101 SET SQL_MODE=IFNULL(@OLD_SQL_MODE, '') */;
/*!40014 SET FOREIGN_KEY_CHECKS=IF(@OLD_FOREIGN_KEY_CHECKS IS NULL, 1, @OLD_FOREIGN_KEY_CHECKS) */;
/*!40101 SET CHARACTER_SET_CLIENT=@OLD_CHARACTER_SET_CLIENT */;
