-- --------------------------------------------------------
-- Host:                         localhost
-- Versi server:                 10.1.32-MariaDB - mariadb.org binary distribution
-- OS Server:                    Win32
-- HeidiSQL Versi:               10.2.0.5599
-- --------------------------------------------------------

/*!40101 SET @OLD_CHARACTER_SET_CLIENT=@@CHARACTER_SET_CLIENT */;
/*!40101 SET NAMES utf8 */;
/*!50503 SET NAMES utf8mb4 */;
/*!40014 SET @OLD_FOREIGN_KEY_CHECKS=@@FOREIGN_KEY_CHECKS, FOREIGN_KEY_CHECKS=0 */;
/*!40101 SET @OLD_SQL_MODE=@@SQL_MODE, SQL_MODE='NO_AUTO_VALUE_ON_ZERO' */;

-- membuang struktur untuk table db_kompis_baru.bank
CREATE TABLE IF NOT EXISTS `bank` (
  `id_bank` int(11) NOT NULL AUTO_INCREMENT,
  `nama_bank` varchar(50) DEFAULT NULL,
  `kode_bank` varchar(10) DEFAULT NULL,
  PRIMARY KEY (`id_bank`)
) ENGINE=InnoDB AUTO_INCREMENT=15 DEFAULT CHARSET=latin1;

-- Membuang data untuk tabel db_kompis_baru.bank: ~14 rows (lebih kurang)
/*!40000 ALTER TABLE `bank` DISABLE KEYS */;
INSERT INTO `bank` (`id_bank`, `nama_bank`, `kode_bank`) VALUES
	(1, 'Bank BCA', '014'),
	(2, 'Bank Mandiri', '008'),
	(3, 'Bank BNI', '009'),
	(4, 'Bank BNI Syariah', '427'),
	(5, 'Bank BRI', '002'),
	(6, 'Bank Syariah Mandiri', '451'),
	(7, 'Bank CIMB Niaga', '022'),
	(8, 'Bank CIMB Niaga Syariah', '022'),
	(9, 'Bank Muamalat', '147'),
	(10, 'Bank Tabungan Pensiunan Nasional (BTPN)', '213'),
	(11, 'JENIUS', '213'),
	(12, 'Bank BRI Syariah', '422'),
	(13, 'Bank Tabungan Negara (BTN)', '200'),
	(14, 'Permata Bank', '013');
/*!40000 ALTER TABLE `bank` ENABLE KEYS */;

-- membuang struktur untuk table db_kompis_baru.bank_sampah
CREATE TABLE IF NOT EXISTS `bank_sampah` (
  `id_bank_sampah` varchar(10) NOT NULL,
  `id_status_bank_sampah` varchar(5) NOT NULL,
  `nama_bank_sampah` varchar(50) DEFAULT NULL,
  `alamat_bank_sampah` varchar(50) DEFAULT NULL,
  `id_provinsi` int(5) DEFAULT NULL,
  `id_kabupaten` int(5) DEFAULT NULL,
  `id_kecamatan` int(5) DEFAULT NULL,
  `lat_bank_sampah` decimal(10,8) DEFAULT NULL,
  `long_bank_sampah` decimal(11,8) DEFAULT NULL,
  `email_bank_sampah` varchar(50) DEFAULT NULL,
  `no_hp_bank_sampah` varchar(15) DEFAULT NULL,
  `password_bank_sampah` varchar(30) DEFAULT NULL,
  `kode_verifikasi_bank_sampah` varchar(50) DEFAULT NULL,
  `last_login` datetime DEFAULT NULL,
  `tgl_join` datetime DEFAULT NULL,
  PRIMARY KEY (`id_bank_sampah`)
) ENGINE=InnoDB DEFAULT CHARSET=latin1;

-- Membuang data untuk tabel db_kompis_baru.bank_sampah: ~8 rows (lebih kurang)
/*!40000 ALTER TABLE `bank_sampah` DISABLE KEYS */;
INSERT INTO `bank_sampah` (`id_bank_sampah`, `id_status_bank_sampah`, `nama_bank_sampah`, `alamat_bank_sampah`, `id_provinsi`, `id_kabupaten`, `id_kecamatan`, `lat_bank_sampah`, `long_bank_sampah`, `email_bank_sampah`, `no_hp_bank_sampah`, `password_bank_sampah`, `kode_verifikasi_bank_sampah`, `last_login`, `tgl_join`) VALUES
	('003', '1', '1', '1', 1, 3, 30, 1.00000000, 2.00000000, 'nnn@gmail.com', '39393', 'keke', '1', '2020-02-12 11:33:11', NULL),
	('12', '0', 'mem', 'keke', 12, 196, 3009, 3.00000000, 4.00000000, 'mk@gmail.com', '0383838', 'ekkeke', '1', '2020-02-12 11:32:02', NULL),
	('3', '1', 'mem', 'eme', 1, 1, 1, 1.00000000, 1.00000000, '1mm@gmail.com', '3333', '33mm', 'meme', '2020-02-12 11:30:38', NULL),
	('KMP01001', '1', '1', '1', 1, 1, 1, 1.00000000, 1.00000000, 'mk@gmail.com', '1929', '1kkwk', '1', '2020-02-12 11:37:11', NULL),
	('KMP010013', '1', '1', '1', 1, 1, 1, 1.00000000, 1.00000000, '1mm@gmail.com', '1', 'mmm1', '1', '2020-02-12 12:08:46', NULL),
	('KMP02010', '1', '1', '1', 2, 10, 151, 1.00000000, 1.00000000, '1mm@gmail.com', '19191', 'mmwm', '1', '2020-02-12 11:39:06', NULL),
	('KMP0506500', '1', '1', 'mmm', 5, 65, 1244, 1.00000000, 1.00000000, 'mk@gmail.com', '1', '1', '1', '2020-02-12 11:40:25', NULL),
	('KMP1928600', '2', '1', 's', 19, 286, 4091, 1.00000000, 1.00000000, '1mm@gmail.com', '1', '1', '1', '2020-02-12 12:11:52', NULL);
/*!40000 ALTER TABLE `bank_sampah` ENABLE KEYS */;

-- membuang struktur untuk table db_kompis_baru.bank_sampah_detail
CREATE TABLE IF NOT EXISTS `bank_sampah_detail` (
  `id_bank_sampah` varchar(10) NOT NULL,
  `no_telp_bank_sampah` varchar(15) DEFAULT NULL,
  `foto_bangunan_bank_sampah` varchar(50) DEFAULT NULL,
  `sk_bank_sampah` varchar(50) DEFAULT NULL,
  `tanggal_berdiri_bank_sampah` date DEFAULT NULL,
  `slogan_bank_sampah` varchar(100) DEFAULT NULL,
  `website_bank_sampah` varchar(100) DEFAULT NULL,
  `nama_penanggungjawab` varchar(100) DEFAULT NULL,
  `no_ktp_penanggungjawab` int(16) DEFAULT NULL,
  `foto_ktp_penanggungjawab` varchar(50) DEFAULT NULL,
  `selfie_ktp_penanggungjawab` varchar(50) DEFAULT NULL,
  `alamat_penanggungjawab` varchar(100) DEFAULT NULL,
  `no_hp_penanggungjawab` varchar(15) DEFAULT NULL,
  `email_penanggungjawab` varchar(50) DEFAULT NULL,
  `saldo_bank_sampah` int(11) DEFAULT NULL,
  `point_bank_sampah` int(11) DEFAULT NULL
) ENGINE=InnoDB DEFAULT CHARSET=latin1;

-- Membuang data untuk tabel db_kompis_baru.bank_sampah_detail: ~2 rows (lebih kurang)
/*!40000 ALTER TABLE `bank_sampah_detail` DISABLE KEYS */;
INSERT INTO `bank_sampah_detail` (`id_bank_sampah`, `no_telp_bank_sampah`, `foto_bangunan_bank_sampah`, `sk_bank_sampah`, `tanggal_berdiri_bank_sampah`, `slogan_bank_sampah`, `website_bank_sampah`, `nama_penanggungjawab`, `no_ktp_penanggungjawab`, `foto_ktp_penanggungjawab`, `selfie_ktp_penanggungjawab`, `alamat_penanggungjawab`, `no_hp_penanggungjawab`, `email_penanggungjawab`, `saldo_bank_sampah`, `point_bank_sampah`) VALUES
	('KMP02010', NULL, NULL, NULL, NULL, NULL, NULL, NULL, NULL, NULL, NULL, NULL, NULL, NULL, NULL, NULL),
	('003', NULL, NULL, NULL, NULL, NULL, NULL, NULL, NULL, NULL, NULL, NULL, NULL, NULL, NULL, NULL),
	('3', NULL, NULL, NULL, NULL, NULL, NULL, NULL, NULL, NULL, NULL, NULL, NULL, NULL, NULL, NULL);
/*!40000 ALTER TABLE `bank_sampah_detail` ENABLE KEYS */;

-- membuang struktur untuk table db_kompis_baru.bookmark
CREATE TABLE IF NOT EXISTS `bookmark` (
  `id_bookmark` int(11) NOT NULL AUTO_INCREMENT,
  `id_nasabah_online` varchar(8) DEFAULT NULL,
  `id_bank_sampah` varchar(8) DEFAULT NULL,
  PRIMARY KEY (`id_bookmark`)
) ENGINE=InnoDB DEFAULT CHARSET=latin1;

-- Membuang data untuk tabel db_kompis_baru.bookmark: ~0 rows (lebih kurang)
/*!40000 ALTER TABLE `bookmark` DISABLE KEYS */;
/*!40000 ALTER TABLE `bookmark` ENABLE KEYS */;

-- membuang struktur untuk table db_kompis_baru.brand
CREATE TABLE IF NOT EXISTS `brand` (
  `id_brand` int(11) NOT NULL AUTO_INCREMENT,
  `nama_brand` varchar(50) DEFAULT NULL,
  `logo_brand` varchar(100) DEFAULT NULL,
  `detail_brand` varchar(100) DEFAULT NULL,
  PRIMARY KEY (`id_brand`)
) ENGINE=InnoDB AUTO_INCREMENT=8 DEFAULT CHARSET=latin1;

-- Membuang data untuk tabel db_kompis_baru.brand: ~0 rows (lebih kurang)
/*!40000 ALTER TABLE `brand` DISABLE KEYS */;
INSERT INTO `brand` (`id_brand`, `nama_brand`, `logo_brand`, `detail_brand`) VALUES
	(7, 'harusmyaaa', '4eb7944d31b2f430eebe40e2caa3d378.png', 'kakakaaaad');
/*!40000 ALTER TABLE `brand` ENABLE KEYS */;

-- membuang struktur untuk table db_kompis_baru.jabatan_pengurus
CREATE TABLE IF NOT EXISTS `jabatan_pengurus` (
  `id_jabatan_pengurus` int(11) NOT NULL AUTO_INCREMENT,
  `nama_jabatan_pengurus` varchar(50) DEFAULT NULL,
  PRIMARY KEY (`id_jabatan_pengurus`)
) ENGINE=InnoDB AUTO_INCREMENT=4 DEFAULT CHARSET=latin1;

-- Membuang data untuk tabel db_kompis_baru.jabatan_pengurus: ~3 rows (lebih kurang)
/*!40000 ALTER TABLE `jabatan_pengurus` DISABLE KEYS */;
INSERT INTO `jabatan_pengurus` (`id_jabatan_pengurus`, `nama_jabatan_pengurus`) VALUES
	(1, 'Direktur'),
	(2, 'Sekretaris'),
	(3, 'Bendahara');
/*!40000 ALTER TABLE `jabatan_pengurus` ENABLE KEYS */;

-- membuang struktur untuk table db_kompis_baru.jadwal_bank_sampah
CREATE TABLE IF NOT EXISTS `jadwal_bank_sampah` (
  `id_jadwal_bank_sampah` int(11) NOT NULL AUTO_INCREMENT,
  `id_bank_sampah` varchar(8) DEFAULT NULL,
  `id_status_buka_bank_sampah` int(11) DEFAULT NULL,
  PRIMARY KEY (`id_jadwal_bank_sampah`)
) ENGINE=InnoDB DEFAULT CHARSET=latin1;

-- Membuang data untuk tabel db_kompis_baru.jadwal_bank_sampah: ~0 rows (lebih kurang)
/*!40000 ALTER TABLE `jadwal_bank_sampah` DISABLE KEYS */;
/*!40000 ALTER TABLE `jadwal_bank_sampah` ENABLE KEYS */;

-- membuang struktur untuk table db_kompis_baru.jadwal_bank_sampah_detail
CREATE TABLE IF NOT EXISTS `jadwal_bank_sampah_detail` (
  `id_jadwal_bank_sampah` int(11) DEFAULT NULL,
  `id_status_buka_bank_sampah` int(11) DEFAULT NULL,
  `hari_buka` varchar(50) DEFAULT NULL,
  `jam_buka` time DEFAULT NULL,
  `jam_tutup` time DEFAULT NULL,
  `jam_jemput` time DEFAULT NULL
) ENGINE=InnoDB DEFAULT CHARSET=latin1;

-- Membuang data untuk tabel db_kompis_baru.jadwal_bank_sampah_detail: ~0 rows (lebih kurang)
/*!40000 ALTER TABLE `jadwal_bank_sampah_detail` DISABLE KEYS */;
/*!40000 ALTER TABLE `jadwal_bank_sampah_detail` ENABLE KEYS */;

-- membuang struktur untuk table db_kompis_baru.jenis_sampah
CREATE TABLE IF NOT EXISTS `jenis_sampah` (
  `id_jenis_sampah` int(11) NOT NULL AUTO_INCREMENT,
  `id_kategori_sampah` int(11) DEFAULT NULL,
  `nama_jenis_sampah` varchar(50) DEFAULT NULL,
  `foto_jenis_sampah` varchar(50) DEFAULT NULL,
  `deskripsi_jenis_sampah` varchar(100) DEFAULT NULL,
  `status_jenis_sampah` varchar(2) DEFAULT NULL,
  PRIMARY KEY (`id_jenis_sampah`)
) ENGINE=InnoDB AUTO_INCREMENT=8 DEFAULT CHARSET=latin1;

-- Membuang data untuk tabel db_kompis_baru.jenis_sampah: ~4 rows (lebih kurang)
/*!40000 ALTER TABLE `jenis_sampah` DISABLE KEYS */;
INSERT INTO `jenis_sampah` (`id_jenis_sampah`, `id_kategori_sampah`, `nama_jenis_sampah`, `foto_jenis_sampah`, `deskripsi_jenis_sampah`, `status_jenis_sampah`) VALUES
	(2, 6, 'sapi', 'mmm', 'lll', 'mm'),
	(3, 2, 'lalal', '759c92e4a4857fd510631e6ac938d1cc.png', 'hiyaaa', '1'),
	(4, 7, 'ala', NULL, 'lallalala', '1'),
	(5, 4, 'keke', NULL, 'mantaaap', 'mm'),
	(7, 3, 'lalalallm', '396ebd8c204011ceac1ab5d104919d4f.png', 'alallanana', 'm');
/*!40000 ALTER TABLE `jenis_sampah` ENABLE KEYS */;

-- membuang struktur untuk table db_kompis_baru.jenis_sampah_perbanksampah
CREATE TABLE IF NOT EXISTS `jenis_sampah_perbanksampah` (
  `id_jenis_perbanksampah` int(11) NOT NULL,
  `id_bank_sampah` varchar(8) DEFAULT NULL,
  `id_kategori_sampah` int(11) DEFAULT NULL,
  `id_jenis_sampah` int(11) DEFAULT NULL,
  `harga_sampah` int(11) DEFAULT NULL,
  PRIMARY KEY (`id_jenis_perbanksampah`)
) ENGINE=InnoDB DEFAULT CHARSET=latin1;

-- Membuang data untuk tabel db_kompis_baru.jenis_sampah_perbanksampah: ~0 rows (lebih kurang)
/*!40000 ALTER TABLE `jenis_sampah_perbanksampah` DISABLE KEYS */;
/*!40000 ALTER TABLE `jenis_sampah_perbanksampah` ENABLE KEYS */;

-- membuang struktur untuk table db_kompis_baru.jenis_tarik_saldo_offline
CREATE TABLE IF NOT EXISTS `jenis_tarik_saldo_offline` (
  `id_jenis_tarik_saldo_offline` int(11) NOT NULL AUTO_INCREMENT,
  `nama_jenis_tarik_saldo_offline` varchar(50) DEFAULT NULL,
  PRIMARY KEY (`id_jenis_tarik_saldo_offline`)
) ENGINE=InnoDB AUTO_INCREMENT=8 DEFAULT CHARSET=latin1;

-- Membuang data untuk tabel db_kompis_baru.jenis_tarik_saldo_offline: ~7 rows (lebih kurang)
/*!40000 ALTER TABLE `jenis_tarik_saldo_offline` DISABLE KEYS */;
INSERT INTO `jenis_tarik_saldo_offline` (`id_jenis_tarik_saldo_offline`, `nama_jenis_tarik_saldo_offline`) VALUES
	(1, 'Uang Tunai'),
	(2, 'Sembako'),
	(3, 'Pulsa'),
	(4, 'Listrik'),
	(5, 'PDAM'),
	(6, 'BPJS'),
	(7, 'Asuransi');
/*!40000 ALTER TABLE `jenis_tarik_saldo_offline` ENABLE KEYS */;

-- membuang struktur untuk table db_kompis_baru.jenis_tarik_saldo_online
CREATE TABLE IF NOT EXISTS `jenis_tarik_saldo_online` (
  `id_jenis_tarik_saldo_online` int(11) NOT NULL AUTO_INCREMENT,
  `nama_jenis_tarik_saldo_online` varchar(50) NOT NULL DEFAULT '0',
  PRIMARY KEY (`id_jenis_tarik_saldo_online`)
) ENGINE=InnoDB AUTO_INCREMENT=11 DEFAULT CHARSET=latin1;

-- Membuang data untuk tabel db_kompis_baru.jenis_tarik_saldo_online: ~10 rows (lebih kurang)
/*!40000 ALTER TABLE `jenis_tarik_saldo_online` DISABLE KEYS */;
INSERT INTO `jenis_tarik_saldo_online` (`id_jenis_tarik_saldo_online`, `nama_jenis_tarik_saldo_online`) VALUES
	(1, 'Transfer Bank'),
	(2, 'DANA'),
	(3, 'OVO'),
	(4, 'GOPAY'),
	(5, 'Pulsa'),
	(6, 'PLN'),
	(7, 'BPJS'),
	(8, 'Asuransi'),
	(9, 'Internet'),
	(10, 'Telepon');
/*!40000 ALTER TABLE `jenis_tarik_saldo_online` ENABLE KEYS */;

-- membuang struktur untuk table db_kompis_baru.jenis_transaksi
CREATE TABLE IF NOT EXISTS `jenis_transaksi` (
  `id_jenis_transaksi` int(11) NOT NULL AUTO_INCREMENT,
  `nama_jenis_transaksi` varchar(50) DEFAULT NULL,
  PRIMARY KEY (`id_jenis_transaksi`)
) ENGINE=InnoDB AUTO_INCREMENT=3 DEFAULT CHARSET=latin1;

-- Membuang data untuk tabel db_kompis_baru.jenis_transaksi: ~2 rows (lebih kurang)
/*!40000 ALTER TABLE `jenis_transaksi` DISABLE KEYS */;
INSERT INTO `jenis_transaksi` (`id_jenis_transaksi`, `nama_jenis_transaksi`) VALUES
	(1, 'Sampah Dijemput'),
	(2, 'Sampah Tidak Dijemput');
/*!40000 ALTER TABLE `jenis_transaksi` ENABLE KEYS */;

-- membuang struktur untuk table db_kompis_baru.jenjang_pendidikan
CREATE TABLE IF NOT EXISTS `jenjang_pendidikan` (
  `id_jenjang_pendidikan` int(11) NOT NULL AUTO_INCREMENT,
  `nama_jenjang_pendidikan` varchar(50) DEFAULT NULL,
  PRIMARY KEY (`id_jenjang_pendidikan`)
) ENGINE=InnoDB AUTO_INCREMENT=5 DEFAULT CHARSET=latin1;

-- Membuang data untuk tabel db_kompis_baru.jenjang_pendidikan: ~4 rows (lebih kurang)
/*!40000 ALTER TABLE `jenjang_pendidikan` DISABLE KEYS */;
INSERT INTO `jenjang_pendidikan` (`id_jenjang_pendidikan`, `nama_jenjang_pendidikan`) VALUES
	(1, 'SD'),
	(2, 'SMP'),
	(3, 'SMA'),
	(4, 'Universitas');
/*!40000 ALTER TABLE `jenjang_pendidikan` ENABLE KEYS */;

-- membuang struktur untuk table db_kompis_baru.kabupaten
CREATE TABLE IF NOT EXISTS `kabupaten` (
  `id_kabupaten` int(5) NOT NULL,
  `nama_kabupaten` varchar(50) NOT NULL,
  `id_provinsi` int(5) NOT NULL,
  PRIMARY KEY (`id_kabupaten`)
) ENGINE=MyISAM AUTO_INCREMENT=476 DEFAULT CHARSET=latin1;

-- Membuang data untuk tabel db_kompis_baru.kabupaten: 475 rows
/*!40000 ALTER TABLE `kabupaten` DISABLE KEYS */;
INSERT INTO `kabupaten` (`id_kabupaten`, `nama_kabupaten`, `id_provinsi`) VALUES
	(1, 'CILEGON', 1),
	(2, 'LEBAK', 1),
	(3, 'PANDEGLANG', 1),
	(4, 'SERANG', 1),
	(5, 'TANGERANG', 1),
	(6, 'TANGERANG SELATAN', 1),
	(7, 'JAKARTA BARAT', 2),
	(8, 'JAKARTA PUSAT', 2),
	(9, 'JAKARTA SELATAN', 2),
	(10, 'JAKARTA TIMUR', 2),
	(11, 'JAKARTA UTARA', 2),
	(12, 'KEPULAUAN SERIBU', 2),
	(13, 'BANDUNG', 3),
	(14, 'BANDUNG BARAT', 3),
	(15, 'BANJAR', 3),
	(16, 'BEKASI', 3),
	(17, 'BOGOR', 3),
	(18, 'CIAMIS', 3),
	(19, 'CIANJUR', 3),
	(20, 'CIMAHI', 3),
	(21, 'CIREBON', 3),
	(22, 'DEPOK', 3),
	(23, 'GARUT', 3),
	(24, 'INDRAMAYU', 3),
	(25, 'KARAWANG', 3),
	(26, 'KUNINGAN', 3),
	(27, 'MAJALENGKA', 3),
	(28, 'PANGANDARAN', 3),
	(29, 'PURWAKARTA', 3),
	(30, 'SUBANG', 3),
	(31, 'SUKABUMI', 3),
	(32, 'SUMEDANG', 3),
	(33, 'TASIKMALAYA', 3),
	(34, 'BANJARNEGARA', 4),
	(35, 'BANYUMAS', 4),
	(36, 'BATANG', 4),
	(37, 'BLORA', 4),
	(38, 'BOYOLALI', 4),
	(39, 'BREBES', 4),
	(40, 'CILACAP', 4),
	(41, 'DEMAK', 4),
	(42, 'GROBOGAN', 4),
	(43, 'JEPARA', 4),
	(44, 'KARANGANYAR', 4),
	(45, 'KEBUMEN', 4),
	(46, 'KENDAL', 4),
	(47, 'KLATEN', 4),
	(48, 'KUDUS', 4),
	(49, 'MAGELANG', 4),
	(50, 'PATI', 4),
	(51, 'PEKALONGAN', 4),
	(52, 'PEMALANG', 4),
	(53, 'PURBALINGGA', 4),
	(54, 'PURWOREJO', 4),
	(55, 'REMBANG', 4),
	(56, 'SALATIGA', 4),
	(57, 'SEMARANG', 4),
	(58, 'SRAGEN', 4),
	(59, 'SUKOHARJO', 4),
	(60, 'SURAKARTA (SOLO)', 4),
	(61, 'TEGAL', 4),
	(62, 'TEMANGGUNG', 4),
	(63, 'WONOGIRI', 4),
	(64, 'WONOSOBO', 4),
	(65, 'BANTUL', 5),
	(66, 'GUNUNG KIDUL', 5),
	(67, 'KULON PROGO', 5),
	(68, 'SLEMAN', 5),
	(69, 'YOGYAKARTA', 5),
	(70, 'BANGKALAN', 6),
	(71, 'BANYUWANGI', 6),
	(72, 'BATU', 6),
	(73, 'BLITAR', 6),
	(74, 'BOJONEGORO', 6),
	(75, 'BONDOWOSO', 6),
	(76, 'GRESIK', 6),
	(77, 'JEMBER', 6),
	(78, 'JOMBANG', 6),
	(79, 'KEDIRI', 6),
	(80, 'LAMONGAN', 6),
	(81, 'LUMAJANG', 6),
	(82, 'MADIUN', 6),
	(83, 'MAGETAN', 6),
	(84, 'MALANG', 6),
	(85, 'MOJOKERTO', 6),
	(86, 'NGANJUK', 6),
	(87, 'NGAWI', 6),
	(88, 'PACITAN', 6),
	(89, 'PAMEKASAN', 6),
	(90, 'PASURUAN', 6),
	(91, 'PONOROGO', 6),
	(92, 'PROBOLINGGO', 6),
	(93, 'SAMPANG', 6),
	(94, 'SIDOARJO', 6),
	(95, 'SITUBONDO', 6),
	(96, 'SUMENEP', 6),
	(97, 'SURABAYA', 6),
	(98, 'TRENGGALEK', 6),
	(99, 'TUBAN', 6),
	(100, 'TULUNGAGUNG', 6),
	(101, 'BADUNG', 7),
	(102, 'BANGLI', 7),
	(103, 'BULELENG', 7),
	(104, 'DENPASAR', 7),
	(105, 'GIANYAR', 7),
	(106, 'JEMBRANA', 7),
	(107, 'KARANGASEM', 7),
	(108, 'KLUNGKUNG', 7),
	(109, 'TABANAN', 7),
	(110, 'ACEH BARAT', 8),
	(111, 'ACEH BARAT DAYA', 8),
	(112, 'ACEH BESAR', 8),
	(113, 'ACEH JAYA', 8),
	(114, 'ACEH SELATAN', 8),
	(115, 'ACEH SINGKIL', 8),
	(116, 'ACEH TAMIANG', 8),
	(117, 'ACEH TENGAH', 8),
	(118, 'ACEH TENGGARA', 8),
	(119, 'ACEH TIMUR', 8),
	(120, 'ACEH UTARA', 8),
	(121, 'BANDA ACEH', 8),
	(122, 'BENER MERIAH', 8),
	(123, 'BIREUEN', 8),
	(124, 'GAYO LUES', 8),
	(125, 'LANGSA', 8),
	(126, 'LHOKSEUMAWE', 8),
	(127, 'NAGAN RAYA', 8),
	(128, 'PIDIE', 8),
	(129, 'PIDIE JAYA', 8),
	(130, 'SABANG', 8),
	(131, 'SIMEULUE', 8),
	(132, 'SUBULUSSALAM', 8),
	(133, 'ASAHAN', 9),
	(134, 'BATU BARA', 9),
	(135, 'BINJAI', 9),
	(136, 'DAIRI', 9),
	(137, 'DELI SERDANG', 9),
	(138, 'GUNUNGSITOLI', 9),
	(139, 'HUMBANG HASUNDUTAN', 9),
	(140, 'KARO', 9),
	(141, 'LABUHAN BATU', 9),
	(142, 'LABUHAN BATU SELATAN', 9),
	(143, 'LABUHAN BATU UTARA', 9),
	(144, 'LANGKAT', 9),
	(145, 'MANDAILING NATAL', 9),
	(146, 'MEDAN', 9),
	(147, 'NIAS', 9),
	(148, 'NIAS BARAT', 9),
	(149, 'NIAS SELATAN', 9),
	(150, 'NIAS UTARA', 9),
	(151, 'PADANG LAWAS', 9),
	(152, 'PADANG LAWAS UTARA', 9),
	(153, 'PADANG SIDEMPUAN', 9),
	(154, 'PAKPAK BHARAT', 9),
	(155, 'PEMATANG SIANTAR', 9),
	(156, 'SAMOSIR', 9),
	(157, 'SERDANG BEDAGAI', 9),
	(158, 'SIBOLGA', 9),
	(159, 'SIMALUNGUN', 9),
	(160, 'TANJUNG BALAI', 9),
	(161, 'TAPANULI SELATAN', 9),
	(162, 'TAPANULI TENGAH', 9),
	(163, 'TAPANULI UTARA', 9),
	(164, 'TEBING TINGGI', 9),
	(165, 'TOBA SAMOSIR', 9),
	(166, 'AGAM', 10),
	(167, 'BUKITTINGGI', 10),
	(168, 'DHARMASRAYA', 10),
	(169, 'KEPULAUAN MENTAWAI', 10),
	(170, 'LIMA PULUH KOTO/KOTA', 10),
	(171, 'PADANG', 10),
	(172, 'PADANG PANJANG', 10),
	(173, 'PADANG PARIAMAN', 10),
	(174, 'PARIAMAN', 10),
	(175, 'PASAMAN', 10),
	(176, 'PASAMAN BARAT', 10),
	(177, 'PAYAKUMBUH', 10),
	(178, 'PESISIR SELATAN', 10),
	(179, 'SAWAH LUNTO', 10),
	(180, 'SIJUNJUNG (SAWAH LUNTO SIJUNJUNG)', 10),
	(181, 'SOLOK', 10),
	(182, 'SOLOK SELATAN', 10),
	(183, 'TANAH DATAR', 10),
	(184, 'BENGKALIS', 11),
	(185, 'DUMAI', 11),
	(186, 'INDRAGIRI HILIR', 11),
	(187, 'INDRAGIRI HULU', 11),
	(188, 'KAMPAR', 11),
	(189, 'KEPULAUAN MERANTI', 11),
	(190, 'KUANTAN SINGINGI', 11),
	(191, 'PEKANBARU', 11),
	(192, 'PELALAWAN', 11),
	(193, 'ROKAN HILIR', 11),
	(194, 'ROKAN HULU', 11),
	(195, 'SIAK', 11),
	(196, 'BATAM', 12),
	(197, 'BINTAN', 12),
	(198, 'KARIMUN', 12),
	(199, 'KEPULAUAN ANAMBAS', 12),
	(200, 'LINGGA', 12),
	(201, 'NATUNA', 12),
	(202, 'TANJUNG PINANG', 12),
	(203, 'BATANG HARI', 13),
	(204, 'BUNGO', 13),
	(205, 'JAMBI', 13),
	(206, 'KERINCI', 13),
	(207, 'MERANGIN', 13),
	(208, 'MUARO JAMBI', 13),
	(209, 'SAROLANGUN', 13),
	(210, 'SUNGAIPENUH', 13),
	(211, 'TANJUNG JABUNG BARAT', 13),
	(212, 'TANJUNG JABUNG TIMUR', 13),
	(213, 'TEBO', 13),
	(214, 'BENGKULU', 14),
	(215, 'BENGKULU SELATAN', 14),
	(216, 'BENGKULU TENGAH', 14),
	(217, 'BENGKULU UTARA', 14),
	(218, 'KAUR', 14),
	(219, 'KEPAHIANG', 14),
	(220, 'LEBONG', 14),
	(221, 'MUKO MUKO', 14),
	(222, 'REJANG LEBONG', 14),
	(223, 'SELUMA', 14),
	(224, 'BANYUASIN', 15),
	(225, 'EMPAT LAWANG', 15),
	(226, 'LAHAT', 15),
	(227, 'LUBUK LINGGAU', 15),
	(228, 'MUARA ENIM', 15),
	(229, 'MUSI BANYUASIN', 15),
	(230, 'MUSI RAWAS', 15),
	(231, 'OGAN ILIR', 15),
	(232, 'OGAN KOMERING ILIR', 15),
	(233, 'OGAN KOMERING ULU', 15),
	(234, 'OGAN KOMERING ULU SELATAN', 15),
	(235, 'OGAN KOMERING ULU TIMUR', 15),
	(236, 'PAGAR ALAM', 15),
	(237, 'PALEMBANG', 15),
	(238, 'PRABUMULIH', 15),
	(239, 'BANGKA', 16),
	(240, 'BANGKA BARAT', 16),
	(241, 'BANGKA SELATAN', 16),
	(242, 'BANGKA TENGAH', 16),
	(243, 'BELITUNG', 16),
	(244, 'BELITUNG TIMUR', 16),
	(245, 'PANGKAL PINANG', 16),
	(246, 'BANDAR LAMPUNG', 17),
	(247, 'LAMPUNG BARAT', 17),
	(248, 'LAMPUNG SELATAN', 17),
	(249, 'LAMPUNG TENGAH', 17),
	(250, 'LAMPUNG TIMUR', 17),
	(251, 'LAMPUNG UTARA', 17),
	(252, 'MESUJI', 17),
	(253, 'METRO', 17),
	(254, 'PESAWARAN', 17),
	(255, 'PESISIR BARAT', 17),
	(256, 'PRINGSEWU', 17),
	(257, 'TANGGAMUS', 17),
	(258, 'TULANG BAWANG', 17),
	(259, 'TULANG BAWANG BARAT', 17),
	(260, 'WAY KANAN', 17),
	(261, 'BENGKAYANG', 18),
	(262, 'KAPUAS HULU', 18),
	(263, 'KAYONG UTARA', 18),
	(264, 'KETAPANG', 18),
	(265, 'KUBU RAYA', 18),
	(266, 'LANDAK', 18),
	(267, 'MELAWI', 18),
	(268, 'PONTIANAK', 18),
	(269, 'SAMBAS', 18),
	(270, 'SANGGAU', 18),
	(271, 'SEKADAU', 18),
	(272, 'SINGKAWANG', 18),
	(273, 'SINTANG', 18),
	(274, 'BARITO SELATAN', 19),
	(275, 'BARITO TIMUR', 19),
	(276, 'BARITO UTARA', 19),
	(277, 'GUNUNG MAS', 19),
	(278, 'KAPUAS', 19),
	(279, 'KATINGAN', 19),
	(280, 'KOTAWARINGIN BARAT', 19),
	(281, 'KOTAWARINGIN TIMUR', 19),
	(282, 'LAMANDAU', 19),
	(283, 'MURUNG RAYA', 19),
	(284, 'PALANGKA RAYA', 19),
	(285, 'PULANG PISAU', 19),
	(286, 'SERUYAN', 19),
	(287, 'SUKAMARA', 19),
	(288, 'BALANGAN', 20),
	(289, 'BANJAR', 20),
	(290, 'BANJARBARU', 20),
	(291, 'BANJARMASIN', 20),
	(292, 'BARITO KUALA', 20),
	(293, 'HULU SUNGAI SELATAN', 20),
	(294, 'HULU SUNGAI TENGAH', 20),
	(295, 'HULU SUNGAI UTARA', 20),
	(296, 'KOTABARU', 20),
	(297, 'TABALONG', 20),
	(298, 'TANAH BUMBU', 20),
	(299, 'TANAH LAUT', 20),
	(300, 'TAPIN', 20),
	(301, 'BALIKPAPAN', 21),
	(302, 'BERAU', 21),
	(303, 'BONTANG', 21),
	(304, 'KUTAI BARAT', 21),
	(305, 'KUTAI KARTANEGARA', 21),
	(306, 'KUTAI TIMUR', 21),
	(307, 'PASER', 21),
	(308, 'PENAJAM PASER UTARA', 21),
	(309, 'SAMARINDA', 21),
	(310, 'BULUNGAN (BULONGAN)', 22),
	(311, 'MALINAU', 22),
	(312, 'NUNUKAN', 22),
	(313, 'TANA TIDUNG', 22),
	(314, 'TARAKAN', 22),
	(315, 'MAJENE', 23),
	(316, 'MAMASA', 23),
	(317, 'MAMUJU', 23),
	(318, 'MAMUJU UTARA', 23),
	(319, 'POLEWALI MANDAR', 23),
	(320, 'BANTAENG', 24),
	(321, 'BARRU', 24),
	(322, 'BONE', 24),
	(323, 'BULUKUMBA', 24),
	(324, 'ENREKANG', 24),
	(325, 'GOWA', 24),
	(326, 'JENEPONTO', 24),
	(327, 'LUWU', 24),
	(328, 'LUWU TIMUR', 24),
	(329, 'LUWU UTARA', 24),
	(330, 'MAKASSAR', 24),
	(331, 'MAROS', 24),
	(332, 'PALOPO', 24),
	(333, 'PANGKAJENE KEPULAUAN', 24),
	(334, 'PAREPARE', 24),
	(335, 'PINRANG', 24),
	(336, 'SELAYAR (KEPULAUAN SELAYAR)', 24),
	(337, 'SIDENRENG RAPPANG/RAPANG', 24),
	(338, 'SINJAI', 24),
	(339, 'SOPPENG', 24),
	(340, 'TAKALAR', 24),
	(341, 'TANA TORAJA', 24),
	(342, 'TORAJA UTARA', 24),
	(343, 'WAJO', 24),
	(344, 'BAU-BAU', 25),
	(345, 'BOMBANA', 25),
	(346, 'BUTON', 25),
	(347, 'BUTON UTARA', 25),
	(348, 'KENDARI', 25),
	(349, 'KOLAKA', 25),
	(350, 'KOLAKA UTARA', 25),
	(351, 'KONAWE', 25),
	(352, 'KONAWE SELATAN', 25),
	(353, 'KONAWE UTARA', 25),
	(354, 'MUNA', 25),
	(355, 'WAKATOBI', 25),
	(356, 'BANGGAI', 26),
	(357, 'BANGGAI KEPULAUAN', 26),
	(358, 'BUOL', 26),
	(359, 'DONGGALA', 26),
	(360, 'MOROWALI', 26),
	(361, 'PALU', 26),
	(362, 'PARIGI MOUTONG', 26),
	(363, 'POSO', 26),
	(364, 'SIGI', 26),
	(365, 'TOJO UNA-UNA', 26),
	(366, 'TOLI-TOLI', 26),
	(367, 'BOALEMO', 27),
	(368, 'BONE BOLANGO', 27),
	(369, 'GORONTALO', 27),
	(370, 'GORONTALO UTARA', 27),
	(371, 'POHUWATO', 27),
	(372, 'BITUNG', 28),
	(373, 'BOLAANG MONGONDOW (BOLMONG)', 28),
	(374, 'BOLAANG MONGONDOW SELATAN', 28),
	(375, 'BOLAANG MONGONDOW TIMUR', 28),
	(376, 'BOLAANG MONGONDOW UTARA', 28),
	(377, 'KEPULAUAN SANGIHE', 28),
	(378, 'KEPULAUAN SIAU TAGULANDANG BIARO (SITARO)', 28),
	(379, 'KEPULAUAN TALAUD', 28),
	(380, 'KOTAMOBAGU', 28),
	(381, 'MANADO', 28),
	(382, 'MINAHASA', 28),
	(383, 'MINAHASA SELATAN', 28),
	(384, 'MINAHASA TENGGARA', 28),
	(385, 'MINAHASA UTARA', 28),
	(386, 'TOMOHON', 28),
	(387, 'AMBON', 29),
	(388, 'BURU', 29),
	(389, 'BURU SELATAN', 29),
	(390, 'KEPULAUAN ARU', 29),
	(391, 'MALUKU BARAT DAYA', 29),
	(392, 'MALUKU TENGAH', 29),
	(393, 'MALUKU TENGGARA', 29),
	(394, 'MALUKU TENGGARA BARAT', 29),
	(395, 'SERAM BAGIAN BARAT', 29),
	(396, 'SERAM BAGIAN TIMUR', 29),
	(397, 'TUAL', 29),
	(398, 'HALMAHERA BARAT', 30),
	(399, 'HALMAHERA SELATAN', 30),
	(400, 'HALMAHERA TENGAH', 30),
	(401, 'HALMAHERA TIMUR', 30),
	(402, 'HALMAHERA UTARA', 30),
	(403, 'KEPULAUAN SULA', 30),
	(404, 'PULAU MOROTAI', 30),
	(405, 'TERNATE', 30),
	(406, 'TIDORE KEPULAUAN', 30),
	(407, 'BIMA', 31),
	(408, 'DOMPU', 31),
	(409, 'LOMBOK BARAT', 31),
	(410, 'LOMBOK TENGAH', 31),
	(411, 'LOMBOK TIMUR', 31),
	(412, 'LOMBOK UTARA', 31),
	(413, 'MATARAM', 31),
	(414, 'SUMBAWA', 31),
	(415, 'SUMBAWA BARAT', 31),
	(416, 'ALOR', 32),
	(417, 'BELU', 32),
	(418, 'ENDE', 32),
	(419, 'FLORES TIMUR', 32),
	(420, 'KUPANG', 32),
	(421, 'LEMBATA', 32),
	(422, 'MANGGARAI', 32),
	(423, 'MANGGARAI BARAT', 32),
	(424, 'MANGGARAI TIMUR', 32),
	(425, 'NAGEKEO', 32),
	(426, 'NGADA', 32),
	(427, 'ROTE NDAO', 32),
	(428, 'SABU RAIJUA', 32),
	(429, 'SIKKA', 32),
	(430, 'SUMBA BARAT', 32),
	(431, 'SUMBA BARAT DAYA', 32),
	(432, 'SUMBA TENGAH', 32),
	(433, 'SUMBA TIMUR', 32),
	(434, 'TIMOR TENGAH SELATAN', 32),
	(435, 'TIMOR TENGAH UTARA', 32),
	(436, 'FAKFAK', 33),
	(437, 'KAIMANA', 33),
	(438, 'MANOKWARI', 33),
	(439, 'MANOKWARI SELATAN', 33),
	(440, 'MAYBRAT', 33),
	(441, 'PEGUNUNGAN ARFAK', 33),
	(442, 'RAJA AMPAT', 33),
	(443, 'SORONG', 33),
	(444, 'SORONG SELATAN', 33),
	(445, 'TAMBRAUW', 33),
	(446, 'TELUK BINTUNI', 33),
	(447, 'TELUK WONDAMA', 33),
	(448, 'ASMAT', 34),
	(449, 'BIAK NUMFOR', 34),
	(450, 'BOVEN DIGOEL', 34),
	(451, 'DEIYAI (DELIYAI)', 34),
	(452, 'DOGIYAI', 34),
	(453, 'INTAN JAYA', 34),
	(454, 'JAYAPURA', 34),
	(455, 'JAYAWIJAYA', 34),
	(456, 'KEEROM', 34),
	(457, 'KEPULAUAN YAPEN (YAPEN WAROPEN)', 34),
	(458, 'LANNY JAYA', 34),
	(459, 'MAMBERAMO RAYA', 34),
	(460, 'MAMBERAMO TENGAH', 34),
	(461, 'MAPPI', 34),
	(462, 'MERAUKE', 34),
	(463, 'MIMIKA', 34),
	(464, 'NABIRE', 34),
	(465, 'NDUGA', 34),
	(466, 'PANIAI', 34),
	(467, 'PEGUNUNGAN BINTANG', 34),
	(468, 'PUNCAK', 34),
	(469, 'PUNCAK JAYA', 34),
	(470, 'SARMI', 34),
	(471, 'SUPIORI', 34),
	(472, 'TOLIKARA', 34),
	(473, 'WAROPEN', 34),
	(474, 'YAHUKIMO', 34),
	(475, 'YALIMO', 34);
/*!40000 ALTER TABLE `kabupaten` ENABLE KEYS */;

-- membuang struktur untuk table db_kompis_baru.kategori_sampah
CREATE TABLE IF NOT EXISTS `kategori_sampah` (
  `id_kategori_sampah` int(11) NOT NULL AUTO_INCREMENT,
  `nama_kategori_sampah` varchar(50) DEFAULT NULL,
  PRIMARY KEY (`id_kategori_sampah`)
) ENGINE=InnoDB AUTO_INCREMENT=8 DEFAULT CHARSET=latin1;

-- Membuang data untuk tabel db_kompis_baru.kategori_sampah: ~7 rows (lebih kurang)
/*!40000 ALTER TABLE `kategori_sampah` DISABLE KEYS */;
INSERT INTO `kategori_sampah` (`id_kategori_sampah`, `nama_kategori_sampah`) VALUES
	(1, 'Sampah Kain'),
	(2, 'Sampah Kaca'),
	(3, 'Sampah Elektronik'),
	(4, 'Sampah Plastik'),
	(5, 'Sampah Logam'),
	(6, 'Sampah Kayu'),
	(7, 'Sampah Cair');
/*!40000 ALTER TABLE `kategori_sampah` ENABLE KEYS */;

-- membuang struktur untuk table db_kompis_baru.kecamatan
CREATE TABLE IF NOT EXISTS `kecamatan` (
  `id_kecamatan` int(5) NOT NULL,
  `nama_kecamatan` varchar(50) NOT NULL,
  `id_kabupaten` int(5) NOT NULL,
  `id_provinsi` int(5) NOT NULL,
  PRIMARY KEY (`id_kecamatan`)
) ENGINE=MyISAM AUTO_INCREMENT=6643 DEFAULT CHARSET=latin1;

-- Membuang data untuk tabel db_kompis_baru.kecamatan: 6.642 rows
/*!40000 ALTER TABLE `kecamatan` DISABLE KEYS */;
INSERT INTO `kecamatan` (`id_kecamatan`, `nama_kecamatan`, `id_kabupaten`, `id_provinsi`) VALUES
	(1, 'CILEGON', 1, 1),
	(2, 'CITANGKIL', 1, 1),
	(3, 'CIWANDAN', 1, 1),
	(4, 'GEROGOL', 1, 1),
	(5, 'PULOMERAK', 1, 1),
	(6, 'PURWAKARTA', 1, 1),
	(7, 'BAYAH', 2, 1),
	(8, 'BOJONGMANIK', 2, 1),
	(9, 'CIGEMBLONG', 2, 1),
	(10, 'CIHARA', 2, 1),
	(11, 'CIJAKU', 2, 1),
	(12, 'CIKULUR', 2, 1),
	(13, 'CILELES', 2, 1),
	(14, 'CILOGRANG', 2, 1),
	(15, 'CIMARGA', 2, 1),
	(16, 'CIRINTEN', 2, 1),
	(17, 'CURUGBITUNG', 2, 1),
	(18, 'GUNUNG KENCANA', 2, 1),
	(19, 'KALANGANYAR', 2, 1),
	(20, 'LEBAKGEDONG', 2, 1),
	(21, 'LEUWIDAMAR', 2, 1),
	(22, 'MALINGPING', 2, 1),
	(23, 'MUNCANG', 2, 1),
	(24, 'PANGGARANGAN', 2, 1),
	(25, 'RANGKASBITUNG', 2, 1),
	(26, 'SAJIRA', 2, 1),
	(27, 'SOBANG', 2, 1),
	(28, 'WANASALAM', 2, 1),
	(29, 'WARUNGGUNUNG', 2, 1),
	(30, 'CADASARI', 3, 1),
	(31, 'CARITA', 3, 1),
	(32, 'CIBALIUNG', 3, 1),
	(33, 'CIGEULIS', 3, 1),
	(34, 'CIKEUDAL (CIKEDAL)', 3, 1),
	(35, 'CIKEUSIK', 3, 1),
	(36, 'CIMANUK', 3, 1),
	(37, 'CIPEUCANG', 3, 1),
	(38, 'CISATA', 3, 1),
	(39, 'JIPUT', 3, 1),
	(40, 'KADUHEJO', 3, 1),
	(41, 'KARANG TANJUNG', 3, 1),
	(42, 'KORONCONG', 3, 1),
	(43, 'MAJASARI', 3, 1),
	(44, 'MANDALAWANGI', 3, 1),
	(45, 'MEKARJAYA', 3, 1),
	(46, 'MENES', 3, 1),
	(47, 'MUNJUL', 3, 1),
	(48, 'PANDEGLANG', 3, 1),
	(49, 'PANIMBANG', 3, 1),
	(50, 'PATIA', 3, 1),
	(51, 'PICUNG', 3, 1),
	(52, 'SAKETI', 3, 1),
	(53, 'SINDANGRESMI', 3, 1),
	(54, 'SUMUR', 3, 1),
	(55, 'ANYAR', 4, 1),
	(56, 'BOJONEGARA', 4, 1),
	(57, 'CARENANG (CERENANG)', 4, 1),
	(58, 'CIKANDE', 4, 1),
	(59, 'CIKEUSAL', 4, 1),
	(60, 'CINANGKA', 4, 1),
	(61, 'CIOMAS', 4, 1),
	(62, 'CIPOCOK JAYA', 4, 1),
	(63, 'CIRUAS', 4, 1),
	(64, 'CURUG', 4, 1),
	(65, 'JAWILAN', 4, 1),
	(66, 'KASEMEN', 4, 1),
	(67, 'KIBIN', 4, 1),
	(68, 'KOPO', 4, 1),
	(69, 'KRAGILAN', 4, 1),
	(70, 'KRAMATWATU', 4, 1),
	(71, 'LEBAK WANGI', 4, 1),
	(72, 'MANCAK', 4, 1),
	(73, 'PADARINCANG', 4, 1),
	(74, 'PAMARAYAN', 4, 1),
	(75, 'PETIR', 4, 1),
	(76, 'PONTANG', 4, 1),
	(77, 'PULO AMPEL', 4, 1),
	(78, 'SERANG', 4, 1),
	(79, 'TAKTAKAN', 4, 1),
	(80, 'TANARA', 4, 1),
	(81, 'TIRTAYASA', 4, 1),
	(82, 'TUNJUNG TEJA', 4, 1),
	(83, 'WALANTAKA', 4, 1),
	(84, 'WARINGIN KURUNG', 4, 1),
	(85, 'BALARAJA', 5, 1),
	(86, 'BATUCEPER', 5, 1),
	(87, 'BENDA', 5, 1),
	(88, 'CIBODAS', 5, 1),
	(89, 'CIKUPA', 5, 1),
	(90, 'CIPONDOH', 5, 1),
	(91, 'CISAUK', 5, 1),
	(92, 'CISOKA', 5, 1),
	(93, 'GUNUNG KALER', 5, 1),
	(94, 'JAMBE', 5, 1),
	(95, 'JATIUWUNG', 5, 1),
	(96, 'JAYANTI', 5, 1),
	(97, 'KARAWACI', 5, 1),
	(98, 'KELAPA DUA', 5, 1),
	(99, 'KOSAMBI', 5, 1),
	(100, 'KRESEK', 5, 1),
	(101, 'KRONJO', 5, 1),
	(102, 'LEGOK', 5, 1),
	(103, 'MAUK', 5, 1),
	(104, 'MEKAR BARU', 5, 1),
	(105, 'NEGLASARI', 5, 1),
	(106, 'PAGEDANGAN', 5, 1),
	(107, 'PAKUHAJI', 5, 1),
	(108, 'PANONGAN', 5, 1),
	(109, 'PASAR KEMIS', 5, 1),
	(110, 'PERIUK', 5, 1),
	(111, 'PINANG (PENANG)', 5, 1),
	(112, 'RAJEG', 5, 1),
	(113, 'SEPATAN', 5, 1),
	(114, 'SEPATAN TIMUR', 5, 1),
	(115, 'SINDANG JAYA', 5, 1),
	(116, 'SOLEAR', 5, 1),
	(117, 'SUKADIRI', 5, 1),
	(118, 'SUKAMULYA', 5, 1),
	(119, 'TANGERANG', 5, 1),
	(120, 'TELUKNAGA', 5, 1),
	(121, 'TIGARAKSA', 5, 1),
	(122, 'CIPUTAT', 6, 1),
	(123, 'CIPUTAT TIMUR', 6, 1),
	(124, 'PAMULANG', 6, 1),
	(125, 'PONDOK AREN', 6, 1),
	(126, 'SERPONG', 6, 1),
	(127, 'SERPONG UTARA', 6, 1),
	(128, 'CENGKARENG', 7, 2),
	(129, 'GROGOL PETAMBURAN', 7, 2),
	(130, 'KALIDERES', 7, 2),
	(131, 'KEBON JERUK', 7, 2),
	(132, 'KEMBANGAN', 7, 2),
	(133, 'PALMERAH', 7, 2),
	(134, 'CEMPAKA PUTIH', 8, 2),
	(135, 'GAMBIR', 8, 2),
	(136, 'JOHAR BARU', 8, 2),
	(137, 'KEMAYORAN', 8, 2),
	(138, 'MENTENG', 8, 2),
	(139, 'SAWAH BESAR', 8, 2),
	(140, 'SENEN', 8, 2),
	(141, 'CILANDAK', 9, 2),
	(142, 'JAGAKARSA', 9, 2),
	(143, 'KEBAYORAN BARU', 9, 2),
	(144, 'KEBAYORAN LAMA', 9, 2),
	(145, 'MAMPANG PRAPATAN', 9, 2),
	(146, 'PANCORAN', 9, 2),
	(147, 'PASAR MINGGU', 9, 2),
	(148, 'PESANGGRAHAN', 9, 2),
	(149, 'SETIA BUDI', 9, 2),
	(150, 'TEBET', 9, 2),
	(151, 'CAKUNG', 10, 2),
	(152, 'CIRACAS', 10, 2),
	(153, 'DUREN SAWIT', 10, 2),
	(154, 'KRAMAT JATI', 10, 2),
	(155, 'MAKASAR', 10, 2),
	(156, 'MATRAMAN', 10, 2),
	(157, 'PASAR REBO', 10, 2),
	(158, 'PULO GADUNG', 10, 2),
	(159, 'CILINCING', 11, 2),
	(160, 'KELAPA GADING', 11, 2),
	(161, 'KOJA', 11, 2),
	(162, 'PADEMANGAN', 11, 2),
	(163, 'PENJARINGAN', 11, 2),
	(164, 'TANJUNG PRIOK', 11, 2),
	(165, 'KEPULAUAN SERIBU SELATAN', 12, 2),
	(166, 'KEPULAUAN SERIBU UTARA', 12, 2),
	(167, 'ANDIR', 13, 3),
	(168, 'ANTAPANI (CICADAS)', 13, 3),
	(169, 'ARCAMANIK', 13, 3),
	(170, 'ARJASARI', 13, 3),
	(171, 'ASTANA ANYAR', 13, 3),
	(172, 'BABAKAN CIPARAY', 13, 3),
	(173, 'BALEENDAH', 13, 3),
	(174, 'BANDUNG KIDUL', 13, 3),
	(175, 'BANDUNG KULON', 13, 3),
	(176, 'BANDUNG WETAN', 13, 3),
	(177, 'BATUNUNGGAL', 13, 3),
	(178, 'BOJONGLOA KALER', 13, 3),
	(179, 'BOJONGLOA KIDUL', 13, 3),
	(180, 'BOJONGSOANG', 13, 3),
	(181, 'BUAHBATU (MARGACINTA)', 13, 3),
	(182, 'CANGKUANG', 13, 3),
	(183, 'CIBEUNYING KALER', 13, 3),
	(184, 'CIBEUNYING KIDUL', 13, 3),
	(185, 'CIBIRU', 13, 3),
	(186, 'CICALENGKA', 13, 3),
	(187, 'CICENDO', 13, 3),
	(188, 'CIKANCUNG', 13, 3),
	(189, 'CILENGKRANG', 13, 3),
	(190, 'CILEUNYI', 13, 3),
	(191, 'CIMAUNG', 13, 3),
	(192, 'CIMEUNYAN', 13, 3),
	(193, 'CINAMBO', 13, 3),
	(194, 'CIPARAY', 13, 3),
	(195, 'CIWIDEY', 13, 3),
	(196, 'COBLONG', 13, 3),
	(197, 'DAYEUHKOLOT', 13, 3),
	(198, 'GEDEBAGE', 13, 3),
	(199, 'IBUN', 13, 3),
	(200, 'KATAPANG', 13, 3),
	(201, 'KERTASARI', 13, 3),
	(202, 'KIARACONDONG', 13, 3),
	(203, 'KUTAWARINGIN', 13, 3),
	(204, 'MANDALAJATI', 13, 3),
	(205, 'MARGAASIH', 13, 3),
	(206, 'MARGAHAYU', 13, 3),
	(207, 'NAGREG', 13, 3),
	(208, 'PANGALENGAN', 13, 3),
	(209, 'PANYILEUKAN', 13, 3),
	(210, 'PASIRJAMBU', 13, 3),
	(211, 'RANCA BALI', 13, 3),
	(212, 'RANCAEKEK', 13, 3),
	(213, 'RANCASARI', 13, 3),
	(214, 'REGOL', 13, 3),
	(215, 'SOLOKAN JERUK', 13, 3),
	(216, 'SUKAJADI', 13, 3),
	(217, 'SUMUR BANDUNG', 13, 3),
	(218, 'UJUNG BERUNG', 13, 3),
	(219, 'BATUJAJAR', 14, 3),
	(220, 'CIHAMPELAS', 14, 3),
	(221, 'CIKALONG WETAN', 14, 3),
	(222, 'CILILIN', 14, 3),
	(223, 'CIPATAT', 14, 3),
	(224, 'CIPONGKOR', 14, 3),
	(225, 'GUNUNGHALU', 14, 3),
	(226, 'NGAMPRAH', 14, 3),
	(227, 'PADALARANG', 14, 3),
	(228, 'PARONGPONG', 14, 3),
	(229, 'RONGGA', 14, 3),
	(230, 'SAGULING', 14, 3),
	(231, 'SINDANGKERTA', 14, 3),
	(232, 'ALUH-ALUH', 15, 3),
	(233, 'ARANIO', 15, 3),
	(234, 'ASTAMBUL', 15, 3),
	(235, 'BERUNTUNG BARU', 15, 3),
	(236, 'GAMBUT', 15, 3),
	(237, 'KARANG INTAN', 15, 3),
	(238, 'KERTAK HANYAR', 15, 3),
	(239, 'LANGENSARI', 15, 3),
	(240, 'MARTAPURA BARAT', 15, 3),
	(241, 'MARTAPURA KOTA', 15, 3),
	(242, 'MARTAPURA TIMUR', 15, 3),
	(243, 'MATARAMAN', 15, 3),
	(244, 'PATARUMAN', 15, 3),
	(245, 'PENGARON', 15, 3),
	(246, 'PERAMASAN', 15, 3),
	(247, 'PURWAHARJA', 15, 3),
	(248, 'SAMBUNG MAKMUR', 15, 3),
	(249, 'SEI/SUNGAI PINANG', 15, 3),
	(250, 'SEI/SUNGAI TABUK', 15, 3),
	(251, 'TATAH MAKMUR', 15, 3),
	(252, 'TELAGA BAUNTUNG', 15, 3),
	(253, 'BABELAN', 16, 3),
	(254, 'BANTAR GEBANG', 16, 3),
	(255, 'BEKASI BARAT', 16, 3),
	(256, 'BEKASI SELATAN', 16, 3),
	(257, 'BEKASI TIMUR', 16, 3),
	(258, 'BEKASI UTARA', 16, 3),
	(259, 'BOJONGMANGU', 16, 3),
	(260, 'CABANGBUNGIN', 16, 3),
	(261, 'CIBARUSAH', 16, 3),
	(262, 'CIKARANG BARAT', 16, 3),
	(263, 'CIKARANG PUSAT', 16, 3),
	(264, 'CIKARANG SELATAN', 16, 3),
	(265, 'CIKARANG TIMUR', 16, 3),
	(266, 'CIKARANG UTARA', 16, 3),
	(267, 'JATI SAMPURNA', 16, 3),
	(268, 'JATIASIH', 16, 3),
	(269, 'KARANGBAHAGIA', 16, 3),
	(270, 'KEDUNG WARINGIN', 16, 3),
	(271, 'MEDAN SATRIA', 16, 3),
	(272, 'MUARA GEMBONG', 16, 3),
	(273, 'MUSTIKA JAYA', 16, 3),
	(274, 'PEBAYURAN', 16, 3),
	(275, 'PONDOK GEDE', 16, 3),
	(276, 'PONDOK MELATI', 16, 3),
	(277, 'RAWALUMBU', 16, 3),
	(278, 'SERANG BARU', 16, 3),
	(279, 'SETU', 16, 3),
	(280, 'SUKAWANGI', 16, 3),
	(281, 'TAMBELANG', 16, 3),
	(282, 'TAMBUN SELATAN', 16, 3),
	(283, 'TAMBUN UTARA', 16, 3),
	(284, 'TARUMAJAYA', 16, 3),
	(285, 'BABAKAN MADANG', 17, 3),
	(286, 'BOGOR BARAT - KOTA', 17, 3),
	(287, 'BOGOR SELATAN - KOTA', 17, 3),
	(288, 'BOGOR TENGAH - KOTA', 17, 3),
	(289, 'BOGOR TIMUR - KOTA', 17, 3),
	(290, 'BOGOR UTARA - KOTA', 17, 3),
	(291, 'BOJONGGEDE', 17, 3),
	(292, 'CARIU', 17, 3),
	(293, 'CIAMPEA', 17, 3),
	(294, 'CIBUNGBULANG', 17, 3),
	(295, 'CIGOMBONG', 17, 3),
	(296, 'CIGUDEG', 17, 3),
	(297, 'CIJERUK', 17, 3),
	(298, 'CILEUNGSI', 17, 3),
	(299, 'CISEENG', 17, 3),
	(300, 'CITEUREUP', 17, 3),
	(301, 'DRAMAGA', 17, 3),
	(302, 'GUNUNG PUTRI', 17, 3),
	(303, 'GUNUNG SINDUR', 17, 3),
	(304, 'JASINGA', 17, 3),
	(305, 'JONGGOL', 17, 3),
	(306, 'KEMANG', 17, 3),
	(307, 'KLAPA NUNGGAL (KELAPA NUNGGAL)', 17, 3),
	(308, 'LEUWILIANG', 17, 3),
	(309, 'LEUWISADENG', 17, 3),
	(310, 'MEGAMENDUNG', 17, 3),
	(311, 'NANGGUNG', 17, 3),
	(312, 'PAMIJAHAN', 17, 3),
	(313, 'PARUNG', 17, 3),
	(314, 'PARUNG PANJANG', 17, 3),
	(315, 'RANCA BUNGUR', 17, 3),
	(316, 'RUMPIN', 17, 3),
	(317, 'SUKAMAKMUR', 17, 3),
	(318, 'TAJURHALANG', 17, 3),
	(319, 'TANAH SEREAL', 17, 3),
	(320, 'TENJO', 17, 3),
	(321, 'TENJOLAYA', 17, 3),
	(322, 'BAREGBEG', 18, 3),
	(323, 'CIAMIS', 18, 3),
	(324, 'CIDOLOG', 18, 3),
	(325, 'CIHAURBEUTI', 18, 3),
	(326, 'CIJEUNGJING', 18, 3),
	(327, 'CIKONENG', 18, 3),
	(328, 'CIMARAGAS', 18, 3),
	(329, 'CIPAKU', 18, 3),
	(330, 'CISAGA', 18, 3),
	(331, 'JATINAGARA', 18, 3),
	(332, 'KAWALI', 18, 3),
	(333, 'LAKBOK', 18, 3),
	(334, 'LUMBUNG', 18, 3),
	(335, 'PAMARICAN', 18, 3),
	(336, 'PANAWANGAN', 18, 3),
	(337, 'PANJALU', 18, 3),
	(338, 'PANUMBANGAN', 18, 3),
	(339, 'PURWADADI', 18, 3),
	(340, 'RAJADESA', 18, 3),
	(341, 'RANCAH', 18, 3),
	(342, 'SADANANYA', 18, 3),
	(343, 'SINDANGKASIH', 18, 3),
	(344, 'SUKAMANTRI', 18, 3),
	(345, 'AGRABINTA', 19, 3),
	(346, 'BOJONGPICUNG', 19, 3),
	(347, 'CAMPAKA', 19, 3),
	(348, 'CAMPAKA MULYA', 19, 3),
	(349, 'CIANJUR', 19, 3),
	(350, 'CIBEBER', 19, 3),
	(351, 'CIBINONG', 19, 3),
	(352, 'CIDAUN', 19, 3),
	(353, 'CIJATI', 19, 3),
	(354, 'CIKADU', 19, 3),
	(355, 'CIKALONGKULON', 19, 3),
	(356, 'CILAKU', 19, 3),
	(357, 'CIPANAS', 19, 3),
	(358, 'CIRANJANG', 19, 3),
	(359, 'CUGENANG', 19, 3),
	(360, 'GEKBRONG', 19, 3),
	(361, 'HAURWANGI', 19, 3),
	(362, 'KADUPANDAK', 19, 3),
	(363, 'MANDE', 19, 3),
	(364, 'NARINGGUL', 19, 3),
	(365, 'PASIRKUDA', 19, 3),
	(366, 'SINDANGBARANG', 19, 3),
	(367, 'SUKALUYU', 19, 3),
	(368, 'SUKANAGARA', 19, 3),
	(369, 'TAKOKAK', 19, 3),
	(370, 'TANGGEUNG', 19, 3),
	(371, 'WARUNGKONDANG', 19, 3),
	(372, 'CIMAHI SELATAN', 20, 3),
	(373, 'CIMAHI TENGAH', 20, 3),
	(374, 'CIMAHI UTARA', 20, 3),
	(375, 'ARJAWINANGUN', 21, 3),
	(376, 'ASTANAJAPURA', 21, 3),
	(377, 'BABAKAN', 21, 3),
	(378, 'BEBER', 21, 3),
	(379, 'CILEDUG', 21, 3),
	(380, 'CIWARINGIN', 21, 3),
	(381, 'DUKUPUNTANG', 21, 3),
	(382, 'GEGESIK', 21, 3),
	(383, 'GREGED (GREGET)', 21, 3),
	(384, 'GUNUNG JATI (CIREBON UTARA)', 21, 3),
	(385, 'HARJAMUKTI', 21, 3),
	(386, 'JAMBLANG', 21, 3),
	(387, 'KALIWEDI', 21, 3),
	(388, 'KAPETAKAN', 21, 3),
	(389, 'KARANGSEMBUNG', 21, 3),
	(390, 'KARANGWARENG', 21, 3),
	(391, 'KEJAKSAN', 21, 3),
	(392, 'KESAMBI', 21, 3),
	(393, 'KLANGENAN', 21, 3),
	(394, 'LEMAHABANG', 21, 3),
	(395, 'LEMAHWUNGKUK', 21, 3),
	(396, 'MUNDU', 21, 3),
	(397, 'PABEDILAN', 21, 3),
	(398, 'PABUARAN', 21, 3),
	(399, 'PALIMANAN', 21, 3),
	(400, 'PANGENAN', 21, 3),
	(401, 'PANGURAGAN', 21, 3),
	(402, 'PASALEMAN', 21, 3),
	(403, 'PEKALIPAN', 21, 3),
	(404, 'PLERED', 21, 3),
	(405, 'PLUMBON', 21, 3),
	(406, 'SEDONG', 21, 3),
	(407, 'SURANENGGALA', 21, 3),
	(408, 'SUSUKAN LEBAK', 21, 3),
	(409, 'TALUN (CIREBON SELATAN)', 21, 3),
	(410, 'TENGAH TANI', 21, 3),
	(411, 'WALED', 21, 3),
	(412, 'CILODONG', 22, 3),
	(413, 'CIMANGGIS', 22, 3),
	(414, 'CINERE', 22, 3),
	(415, 'CIPAYUNG', 22, 3),
	(416, 'LIMO', 22, 3),
	(417, 'PANCORAN MAS', 22, 3),
	(418, 'SUKMAJAYA', 22, 3),
	(419, 'TAPOS', 22, 3),
	(420, 'BANJARWANGI', 23, 3),
	(421, 'BANYURESMI', 23, 3),
	(422, 'BAYONGBONG', 23, 3),
	(423, 'BLUBUR LIMBANGAN', 23, 3),
	(424, 'BUNGBULANG', 23, 3),
	(425, 'CARINGIN', 23, 3),
	(426, 'CIBATU', 23, 3),
	(427, 'CIBIUK', 23, 3),
	(428, 'CIGEDUG', 23, 3),
	(429, 'CIHURIP', 23, 3),
	(430, 'CIKAJANG', 23, 3),
	(431, 'CIKELET', 23, 3),
	(432, 'CILAWU', 23, 3),
	(433, 'CISEWU', 23, 3),
	(434, 'CISOMPET', 23, 3),
	(435, 'CISURUPAN', 23, 3),
	(436, 'GARUT KOTA', 23, 3),
	(437, 'KADUNGORA', 23, 3),
	(438, 'KARANGPAWITAN', 23, 3),
	(439, 'KERSAMANAH', 23, 3),
	(440, 'LELES', 23, 3),
	(441, 'LEUWIGOONG', 23, 3),
	(442, 'MALANGBONG', 23, 3),
	(443, 'MEKARMUKTI', 23, 3),
	(444, 'PAKENJENG', 23, 3),
	(445, 'PAMEUNGPEUK', 23, 3),
	(446, 'PANGATIKAN', 23, 3),
	(447, 'PASIRWANGI', 23, 3),
	(448, 'PEUNDEUY', 23, 3),
	(449, 'SAMARANG', 23, 3),
	(450, 'SELAAWI', 23, 3),
	(451, 'SINGAJAYA', 23, 3),
	(452, 'SUCINARAJA', 23, 3),
	(453, 'SUKARESMI', 23, 3),
	(454, 'SUKAWENING', 23, 3),
	(455, 'TALEGONG', 23, 3),
	(456, 'TAROGONG KALER', 23, 3),
	(457, 'TAROGONG KIDUL', 23, 3),
	(458, 'WANARAJA', 23, 3),
	(459, 'ANJATAN', 24, 3),
	(460, 'ARAHAN', 24, 3),
	(461, 'BALONGAN', 24, 3),
	(462, 'BANGODUA', 24, 3),
	(463, 'BONGAS', 24, 3),
	(464, 'CANTIGI', 24, 3),
	(465, 'CIKEDUNG', 24, 3),
	(466, 'GABUSWETAN', 24, 3),
	(467, 'GANTAR', 24, 3),
	(468, 'HAURGEULIS', 24, 3),
	(469, 'INDRAMAYU', 24, 3),
	(470, 'JUNTINYUAT', 24, 3),
	(471, 'KANDANGHAUR', 24, 3),
	(472, 'KARANGAMPEL', 24, 3),
	(473, 'KEDOKAN BUNDER', 24, 3),
	(474, 'KERTASEMAYA', 24, 3),
	(475, 'KRANGKENG', 24, 3),
	(476, 'LELEA', 24, 3),
	(477, 'LOHBENER', 24, 3),
	(478, 'LOSARANG', 24, 3),
	(479, 'PASEKAN', 24, 3),
	(480, 'PATROL', 24, 3),
	(481, 'SLIYEG', 24, 3),
	(482, 'SUKAGUMIWANG', 24, 3),
	(483, 'SUKRA', 24, 3),
	(484, 'TRISI/TERISI', 24, 3),
	(485, 'TUKDANA', 24, 3),
	(486, 'WIDASARI', 24, 3),
	(487, 'BANYUSARI', 25, 3),
	(488, 'BATUJAYA', 25, 3),
	(489, 'CIAMPEL', 25, 3),
	(490, 'CIBUAYA', 25, 3),
	(491, 'CIKAMPEK', 25, 3),
	(492, 'CILAMAYA KULON', 25, 3),
	(493, 'CILAMAYA WETAN', 25, 3),
	(494, 'CILEBAR', 25, 3),
	(495, 'JATISARI', 25, 3),
	(496, 'JAYAKERTA', 25, 3),
	(497, 'KARAWANG BARAT', 25, 3),
	(498, 'KARAWANG TIMUR', 25, 3),
	(499, 'KLARI', 25, 3),
	(500, 'KUTAWALUYA', 25, 3),
	(501, 'MAJALAYA', 25, 3),
	(502, 'PAKISJAYA', 25, 3),
	(503, 'PANGKALAN', 25, 3),
	(504, 'PEDES', 25, 3),
	(505, 'PURWASARI', 25, 3),
	(506, 'RAWAMERTA', 25, 3),
	(507, 'RENGASDENGKLOK', 25, 3),
	(508, 'TALAGASARI', 25, 3),
	(509, 'TEGALWARU', 25, 3),
	(510, 'TELUKJAMBE BARAT', 25, 3),
	(511, 'TELUKJAMBE TIMUR', 25, 3),
	(512, 'TIRTAJAYA', 25, 3),
	(513, 'TIRTAMULYA', 25, 3),
	(514, 'CIAWIGEBANG', 26, 3),
	(515, 'CIBINGBIN', 26, 3),
	(516, 'CIDAHU', 26, 3),
	(517, 'CIGANDAMEKAR', 26, 3),
	(518, 'CILEBAK', 26, 3),
	(519, 'CILIMUS', 26, 3),
	(520, 'CIMAHI', 26, 3),
	(521, 'CINIRU', 26, 3),
	(522, 'CIPICUNG', 26, 3),
	(523, 'CIWARU', 26, 3),
	(524, 'DARMA', 26, 3),
	(525, 'GARAWANGI', 26, 3),
	(526, 'HANTARA', 26, 3),
	(527, 'JALAKSANA', 26, 3),
	(528, 'JAPARA', 26, 3),
	(529, 'KADUGEDE', 26, 3),
	(530, 'KALIMANGGIS', 26, 3),
	(531, 'KARANGKANCANA', 26, 3),
	(532, 'KRAMAT MULYA', 26, 3),
	(533, 'KUNINGAN', 26, 3),
	(534, 'LEBAKWANGI', 26, 3),
	(535, 'LURAGUNG', 26, 3),
	(536, 'MALEBER', 26, 3),
	(537, 'MANDIRANCAN', 26, 3),
	(538, 'NUSAHERANG', 26, 3),
	(539, 'PANCALANG', 26, 3),
	(540, 'PASAWAHAN', 26, 3),
	(541, 'SELAJAMBE', 26, 3),
	(542, 'SINDANGAGUNG', 26, 3),
	(543, 'SUBANG', 26, 3),
	(544, 'ARGAPURA', 27, 3),
	(545, 'BANJARAN', 27, 3),
	(546, 'BANTARUJEG', 27, 3),
	(547, 'CIGASONG', 27, 3),
	(548, 'CIKIJING', 27, 3),
	(549, 'CINGAMBUL', 27, 3),
	(550, 'DAWUAN', 27, 3),
	(551, 'JATITUJUH', 27, 3),
	(552, 'JATIWANGI', 27, 3),
	(553, 'KASOKANDEL', 27, 3),
	(554, 'KERTAJATI', 27, 3),
	(555, 'LEMAHSUGIH', 27, 3),
	(556, 'LEUWIMUNDING', 27, 3),
	(557, 'LIGUNG', 27, 3),
	(558, 'MAJA', 27, 3),
	(559, 'MAJALENGKA', 27, 3),
	(560, 'MALAUSMA', 27, 3),
	(561, 'PALASAH', 27, 3),
	(562, 'PANYINGKIRAN', 27, 3),
	(563, 'RAJAGALUH', 27, 3),
	(564, 'SINDANG', 27, 3),
	(565, 'SINDANGWANGI', 27, 3),
	(566, 'SUKAHAJI', 27, 3),
	(567, 'SUMBERJAYA', 27, 3),
	(568, 'TALAGA', 27, 3),
	(569, 'CIGUGUR', 28, 3),
	(570, 'CIJULANG', 28, 3),
	(571, 'CIMERAK', 28, 3),
	(572, 'KALIPUCANG', 28, 3),
	(573, 'LANGKAPLANCAR', 28, 3),
	(574, 'MANGUNJAYA', 28, 3),
	(575, 'PADAHERANG', 28, 3),
	(576, 'PANGANDARAN', 28, 3),
	(577, 'SIDAMULIH', 28, 3),
	(578, 'BABAKANCIKAO', 29, 3),
	(579, 'DARANGDAN', 29, 3),
	(580, 'JATILUHUR', 29, 3),
	(581, 'KIARAPEDES', 29, 3),
	(582, 'MANIIS', 29, 3),
	(583, 'PONDOKSALAM', 29, 3),
	(584, 'SUKATANI', 29, 3),
	(585, 'TEGAL WARU', 29, 3),
	(586, 'BINONG', 30, 3),
	(587, 'BLANAKAN', 30, 3),
	(588, 'CIASEM', 30, 3),
	(589, 'CIATER', 30, 3),
	(590, 'CIBOGO', 30, 3),
	(591, 'CIJAMBE', 30, 3),
	(592, 'CIKAUM', 30, 3),
	(593, 'CIPEUNDEUY', 30, 3),
	(594, 'CIPUNAGARA', 30, 3),
	(595, 'CISALAK', 30, 3),
	(596, 'COMPRENG', 30, 3),
	(597, 'JALANCAGAK', 30, 3),
	(598, 'KALIJATI', 30, 3),
	(599, 'KASOMALANG', 30, 3),
	(600, 'LEGONKULON', 30, 3),
	(601, 'PAGADEN', 30, 3),
	(602, 'PAGADEN BARAT', 30, 3),
	(603, 'PAMANUKAN', 30, 3),
	(604, 'PATOKBEUSI', 30, 3),
	(605, 'PUSAKAJAYA', 30, 3),
	(606, 'PUSAKANAGARA', 30, 3),
	(607, 'SAGALAHERANG', 30, 3),
	(608, 'SERANGPANJANG', 30, 3),
	(609, 'TAMBAKDAHAN', 30, 3),
	(610, 'TANJUNGSIANG', 30, 3),
	(611, 'BANTARGADUNG', 31, 3),
	(612, 'BAROS', 31, 3),
	(613, 'BOJONG GENTENG', 31, 3),
	(614, 'CIAMBAR', 31, 3),
	(615, 'CIBADAK', 31, 3),
	(616, 'CIBITUNG', 31, 3),
	(617, 'CICANTAYAN', 31, 3),
	(618, 'CICURUG', 31, 3),
	(619, 'CIDADAP', 31, 3),
	(620, 'CIEMAS', 31, 3),
	(621, 'CIKAKAK', 31, 3),
	(622, 'CIKEMBAR', 31, 3),
	(623, 'CIKIDANG', 31, 3),
	(624, 'CIKOLE', 31, 3),
	(625, 'CIRACAP', 31, 3),
	(626, 'CIREUNGHAS', 31, 3),
	(627, 'CISAAT', 31, 3),
	(628, 'CISOLOK', 31, 3),
	(629, 'CITAMIANG', 31, 3),
	(630, 'CURUGKEMBAR', 31, 3),
	(631, 'GEGER BITUNG', 31, 3),
	(632, 'GUNUNG GURUH', 31, 3),
	(633, 'GUNUNG PUYUH', 31, 3),
	(634, 'JAMPANG KULON', 31, 3),
	(635, 'JAMPANG TENGAH', 31, 3),
	(636, 'KABANDUNGAN', 31, 3),
	(637, 'KADUDAMPIT', 31, 3),
	(638, 'KALAPA NUNGGAL', 31, 3),
	(639, 'KALI BUNDER', 31, 3),
	(640, 'KEBONPEDES', 31, 3),
	(641, 'LEMBURSITU', 31, 3),
	(642, 'NAGRAK', 31, 3),
	(643, 'NYALINDUNG', 31, 3),
	(644, 'PARAKAN SALAK', 31, 3),
	(645, 'PARUNG KUDA', 31, 3),
	(646, 'PELABUHAN/PALABUHAN RATU', 31, 3),
	(647, 'PURABAYA', 31, 3),
	(648, 'SAGARANTEN', 31, 3),
	(649, 'SIMPENAN', 31, 3),
	(650, 'SUKABUMI', 31, 3),
	(651, 'SUKALARANG', 31, 3),
	(652, 'SURADE', 31, 3),
	(653, 'TEGAL BULEUD', 31, 3),
	(654, 'WALURAN', 31, 3),
	(655, 'WARUDOYONG', 31, 3),
	(656, 'WARUNG KIARA', 31, 3),
	(657, 'BUAHDUA', 32, 3),
	(658, 'CIBUGEL', 32, 3),
	(659, 'CIMALAKA', 32, 3),
	(660, 'CIMANGGUNG', 32, 3),
	(661, 'CISARUA', 32, 3),
	(662, 'CISITU', 32, 3),
	(663, 'CONGGEANG', 32, 3),
	(664, 'DARMARAJA', 32, 3),
	(665, 'GANEAS', 32, 3),
	(666, 'JATIGEDE', 32, 3),
	(667, 'JATINANGOR', 32, 3),
	(668, 'JATINUNGGAL', 32, 3),
	(669, 'PAMULIHAN', 32, 3),
	(670, 'PASEH', 32, 3),
	(671, 'RANCAKALONG', 32, 3),
	(672, 'SITURAJA', 32, 3),
	(673, 'SUKASARI', 32, 3),
	(674, 'SUMEDANG SELATAN', 32, 3),
	(675, 'SUMEDANG UTARA', 32, 3),
	(676, 'SURIAN', 32, 3),
	(677, 'TANJUNGKERTA', 32, 3),
	(678, 'TANJUNGMEDAR', 32, 3),
	(679, 'TOMO', 32, 3),
	(680, 'UJUNGJAYA', 32, 3),
	(681, 'WADO', 32, 3),
	(682, 'BANTARKALONG', 33, 3),
	(683, 'BOJONGASIH', 33, 3),
	(684, 'BOJONGGAMBIR', 33, 3),
	(685, 'BUNGURSARI', 33, 3),
	(686, 'CIAWI', 33, 3),
	(687, 'CIBALONG', 33, 3),
	(688, 'CIBEUREUM', 33, 3),
	(689, 'CIGALONTANG', 33, 3),
	(690, 'CIHIDEUNG', 33, 3),
	(691, 'CIKALONG', 33, 3),
	(692, 'CIKATOMAS', 33, 3),
	(693, 'CINEAM', 33, 3),
	(694, 'CIPATUJAH', 33, 3),
	(695, 'CIPEDES', 33, 3),
	(696, 'CISAYONG', 33, 3),
	(697, 'CULAMEGA', 33, 3),
	(698, 'GUNUNG TANJUNG', 33, 3),
	(699, 'INDIHIANG', 33, 3),
	(700, 'JAMANIS', 33, 3),
	(701, 'JATIWARAS', 33, 3),
	(702, 'KADIPATEN', 33, 3),
	(703, 'KARANG JAYA', 33, 3),
	(704, 'KARANGNUNGGAL', 33, 3),
	(705, 'KAWALU', 33, 3),
	(706, 'LEUWISARI', 33, 3),
	(707, 'MANGKUBUMI', 33, 3),
	(708, 'MANGUNREJA', 33, 3),
	(709, 'MANONJAYA', 33, 3),
	(710, 'PADAKEMBANG', 33, 3),
	(711, 'PAGERAGEUNG', 33, 3),
	(712, 'PANCATENGAH', 33, 3),
	(713, 'PARUNGPONTENG', 33, 3),
	(714, 'PURBARATU', 33, 3),
	(715, 'PUSPAHIANG', 33, 3),
	(716, 'RAJAPOLAH', 33, 3),
	(717, 'SALAWU', 33, 3),
	(718, 'SALOPA', 33, 3),
	(719, 'SARIWANGI', 33, 3),
	(720, 'SINGAPARNA', 33, 3),
	(721, 'SODONGHILIR', 33, 3),
	(722, 'SUKAHENING', 33, 3),
	(723, 'SUKARAJA', 33, 3),
	(724, 'SUKARAME', 33, 3),
	(725, 'SUKARATU', 33, 3),
	(726, 'SUKARESIK', 33, 3),
	(727, 'TAMANSARI', 33, 3),
	(728, 'TANJUNGJAYA', 33, 3),
	(729, 'TARAJU', 33, 3),
	(730, 'TAWANG', 33, 3),
	(731, 'BANJARMANGU', 34, 4),
	(732, 'BANJARNEGARA', 34, 4),
	(733, 'BATUR', 34, 4),
	(734, 'BAWANG', 34, 4),
	(735, 'KALIBENING', 34, 4),
	(736, 'KARANGKOBAR', 34, 4),
	(737, 'MADUKARA', 34, 4),
	(738, 'MANDIRAJA', 34, 4),
	(739, 'PAGEDONGAN', 34, 4),
	(740, 'PAGENTAN', 34, 4),
	(741, 'PANDANARUM', 34, 4),
	(742, 'PEJAWARAN', 34, 4),
	(743, 'PUNGGELAN', 34, 4),
	(744, 'PURWONEGORO', 34, 4),
	(745, 'PURWOREJO KLAMPOK', 34, 4),
	(746, 'RAKIT', 34, 4),
	(747, 'SIGALUH', 34, 4),
	(748, 'SUSUKAN', 34, 4),
	(749, 'WANADADI (WONODADI)', 34, 4),
	(750, 'WANAYASA', 34, 4),
	(751, 'AJIBARANG', 35, 4),
	(752, 'BANYUMAS', 35, 4),
	(753, 'BATURADEN', 35, 4),
	(754, 'CILONGOK', 35, 4),
	(755, 'GUMELAR', 35, 4),
	(756, 'JATILAWANG', 35, 4),
	(757, 'KALIBAGOR', 35, 4),
	(758, 'KARANGLEWAS', 35, 4),
	(759, 'KEBASEN', 35, 4),
	(760, 'KEDUNG BANTENG', 35, 4),
	(761, 'KEMBARAN', 35, 4),
	(762, 'KEMRANJEN', 35, 4),
	(763, 'LUMBIR', 35, 4),
	(764, 'PATIKRAJA', 35, 4),
	(765, 'PEKUNCEN', 35, 4),
	(766, 'PURWOJATI', 35, 4),
	(767, 'PURWOKERTO BARAT', 35, 4),
	(768, 'PURWOKERTO SELATAN', 35, 4),
	(769, 'PURWOKERTO TIMUR', 35, 4),
	(770, 'PURWOKERTO UTARA', 35, 4),
	(771, 'RAWALO', 35, 4),
	(772, 'SOKARAJA', 35, 4),
	(773, 'SOMAGEDE', 35, 4),
	(774, 'SUMBANG', 35, 4),
	(775, 'SUMPIUH', 35, 4),
	(776, 'WANGON', 35, 4),
	(777, 'BLADO', 36, 4),
	(778, 'GRINGSING', 36, 4),
	(779, 'KANDEMAN', 36, 4),
	(780, 'LIMPUNG', 36, 4),
	(781, 'PECALUNGAN', 36, 4),
	(782, 'REBAN', 36, 4),
	(783, 'TERSONO', 36, 4),
	(784, 'TULIS', 36, 4),
	(785, 'WARUNGASEM', 36, 4),
	(786, 'WONOTUNGGAL', 36, 4),
	(787, 'BANJAREJO', 37, 4),
	(788, 'BLORA KOTA', 37, 4),
	(789, 'BOGOREJO', 37, 4),
	(790, 'CEPU', 37, 4),
	(791, 'JAPAH', 37, 4),
	(792, 'JEPON', 37, 4),
	(793, 'JIKEN', 37, 4),
	(794, 'KEDUNGTUBAN', 37, 4),
	(795, 'KRADENAN', 37, 4),
	(796, 'KUNDURAN', 37, 4),
	(797, 'NGAWEN', 37, 4),
	(798, 'RANDUBLATUNG', 37, 4),
	(799, 'SAMBONG', 37, 4),
	(800, 'TODANAN', 37, 4),
	(801, 'TUNJUNGAN', 37, 4),
	(802, 'AMPEL', 38, 4),
	(803, 'ANDONG', 38, 4),
	(804, 'BANYUDONO', 38, 4),
	(805, 'BOYOLALI', 38, 4),
	(806, 'CEPOGO', 38, 4),
	(807, 'JUWANGI', 38, 4),
	(808, 'KARANGGEDE', 38, 4),
	(809, 'KEMUSU', 38, 4),
	(810, 'KLEGO', 38, 4),
	(811, 'MOJOSONGO', 38, 4),
	(812, 'MUSUK', 38, 4),
	(813, 'NGEMPLAK', 38, 4),
	(814, 'NOGOSARI', 38, 4),
	(815, 'SAMBI', 38, 4),
	(816, 'SAWIT', 38, 4),
	(817, 'SELO', 38, 4),
	(818, 'SIMO', 38, 4),
	(819, 'TERAS', 38, 4),
	(820, 'WONOSEGORO', 38, 4),
	(821, 'BANJARHARJO', 39, 4),
	(822, 'BANTARKAWUNG', 39, 4),
	(823, 'BREBES', 39, 4),
	(824, 'BULAKAMBA', 39, 4),
	(825, 'BUMIAYU', 39, 4),
	(826, 'JATIBARANG', 39, 4),
	(827, 'KERSANA', 39, 4),
	(828, 'KETANGGUNGAN', 39, 4),
	(829, 'LOSARI', 39, 4),
	(830, 'PAGUYANGAN', 39, 4),
	(831, 'SALEM', 39, 4),
	(832, 'SIRAMPOG', 39, 4),
	(833, 'SONGGOM', 39, 4),
	(834, 'TONJONG', 39, 4),
	(835, 'WANASARI', 39, 4),
	(836, 'ADIPALA', 40, 4),
	(837, 'BANTARSARI', 40, 4),
	(838, 'CILACAP SELATAN', 40, 4),
	(839, 'CILACAP TENGAH', 40, 4),
	(840, 'CILACAP UTARA', 40, 4),
	(841, 'CIMANGGU', 40, 4),
	(842, 'CIPARI', 40, 4),
	(843, 'DAYEUHLUHUR', 40, 4),
	(844, 'GANDRUNGMANGU', 40, 4),
	(845, 'JERUKLEGI', 40, 4),
	(846, 'KAMPUNG LAUT', 40, 4),
	(847, 'KARANGPUCUNG', 40, 4),
	(848, 'KAWUNGANTEN', 40, 4),
	(849, 'KEDUNGREJA', 40, 4),
	(850, 'KESUGIHAN', 40, 4),
	(851, 'KROYA', 40, 4),
	(852, 'MAJENANG', 40, 4),
	(853, 'MAOS', 40, 4),
	(854, 'NUSAWUNGU', 40, 4),
	(855, 'PATIMUAN', 40, 4),
	(856, 'SIDAREJA', 40, 4),
	(857, 'WANAREJA', 40, 4),
	(858, 'BONANG', 41, 4),
	(859, 'DEMAK', 41, 4),
	(860, 'DEMPET', 41, 4),
	(861, 'GAJAH', 41, 4),
	(862, 'GUNTUR', 41, 4),
	(863, 'KARANG TENGAH', 41, 4),
	(864, 'KARANGAWEN', 41, 4),
	(865, 'KEBONAGUNG', 41, 4),
	(866, 'MIJEN', 41, 4),
	(867, 'MRANGGEN', 41, 4),
	(868, 'SAYUNG', 41, 4),
	(869, 'WEDUNG', 41, 4),
	(870, 'BRATI', 42, 4),
	(871, 'GEYER', 42, 4),
	(872, 'GODONG', 42, 4),
	(873, 'GROBOGAN', 42, 4),
	(874, 'GUBUG', 42, 4),
	(875, 'KARANGRAYUNG', 42, 4),
	(876, 'KEDUNGJATI', 42, 4),
	(877, 'KLAMBU', 42, 4),
	(878, 'NGARINGAN', 42, 4),
	(879, 'PENAWANGAN', 42, 4),
	(880, 'PULOKULON', 42, 4),
	(881, 'TANGGUNGHARJO', 42, 4),
	(882, 'TAWANGHARJO', 42, 4),
	(883, 'TEGOWANU', 42, 4),
	(884, 'TOROH', 42, 4),
	(885, 'WIROSARI', 42, 4),
	(886, 'BANGSRI', 43, 4),
	(887, 'BATEALIT', 43, 4),
	(888, 'JEPARA', 43, 4),
	(889, 'KALINYAMATAN', 43, 4),
	(890, 'KARIMUNJAWA', 43, 4),
	(891, 'KEDUNG', 43, 4),
	(892, 'KELING', 43, 4),
	(893, 'KEMBANG', 43, 4),
	(894, 'MAYONG', 43, 4),
	(895, 'MLONGGO', 43, 4),
	(896, 'NALUMSARI', 43, 4),
	(897, 'PAKIS AJI', 43, 4),
	(898, 'PECANGAAN', 43, 4),
	(899, 'TAHUNAN', 43, 4),
	(900, 'WELAHAN', 43, 4),
	(901, 'COLOMADU', 44, 4),
	(902, 'GONDANGREJO', 44, 4),
	(903, 'JATEN', 44, 4),
	(904, 'JATIPURO', 44, 4),
	(905, 'JATIYOSO', 44, 4),
	(906, 'JENAWI', 44, 4),
	(907, 'JUMANTONO', 44, 4),
	(908, 'JUMAPOLO', 44, 4),
	(909, 'KARANGPANDAN', 44, 4),
	(910, 'KEBAKKRAMAT', 44, 4),
	(911, 'KERJO', 44, 4),
	(912, 'MATESIH', 44, 4),
	(913, 'MOJOGEDANG', 44, 4),
	(914, 'NGARGOYOSO', 44, 4),
	(915, 'TASIKMADU', 44, 4),
	(916, 'TAWANGMANGU', 44, 4),
	(917, 'ADIMULYO', 45, 4),
	(918, 'ALIAN/ALIYAN', 45, 4),
	(919, 'AMBAL', 45, 4),
	(920, 'AYAH', 45, 4),
	(921, 'BONOROWO', 45, 4),
	(922, 'BUAYAN', 45, 4),
	(923, 'BULUSPESANTREN', 45, 4),
	(924, 'GOMBONG', 45, 4),
	(925, 'KARANGGAYAM', 45, 4),
	(926, 'KARANGSAMBUNG', 45, 4),
	(927, 'KEBUMEN', 45, 4),
	(928, 'KLIRONG', 45, 4),
	(929, 'KUTOWINANGUN', 45, 4),
	(930, 'KUWARASAN', 45, 4),
	(931, 'MIRIT', 45, 4),
	(932, 'PADURESO', 45, 4),
	(933, 'PEJAGOAN', 45, 4),
	(934, 'PETANAHAN', 45, 4),
	(935, 'PONCOWARNO', 45, 4),
	(936, 'PREMBUN', 45, 4),
	(937, 'PURING', 45, 4),
	(938, 'ROWOKELE', 45, 4),
	(939, 'SADANG', 45, 4),
	(940, 'SEMPOR', 45, 4),
	(941, 'SRUWENG', 45, 4),
	(942, 'BOJA', 46, 4),
	(943, 'BRANGSONG', 46, 4),
	(944, 'CEPIRING', 46, 4),
	(945, 'GEMUH', 46, 4),
	(946, 'KALIWUNGU SELATAN', 46, 4),
	(947, 'KANGKUNG', 46, 4),
	(948, 'LIMBANGAN', 46, 4),
	(949, 'NGAMPEL', 46, 4),
	(950, 'PAGERRUYUNG', 46, 4),
	(951, 'PATEAN', 46, 4),
	(952, 'PATEBON', 46, 4),
	(953, 'PEGANDON', 46, 4),
	(954, 'PLANTUNGAN', 46, 4),
	(955, 'RINGINARUM', 46, 4),
	(956, 'ROWOSARI', 46, 4),
	(957, 'SINGOROJO', 46, 4),
	(958, 'WELERI', 46, 4),
	(959, 'BAYAT', 47, 4),
	(960, 'CAWAS', 47, 4),
	(961, 'CEPER', 47, 4),
	(962, 'DELANGGU', 47, 4),
	(963, 'GANTIWARNO', 47, 4),
	(964, 'JATINOM', 47, 4),
	(965, 'JOGONALAN', 47, 4),
	(966, 'JUWIRING', 47, 4),
	(967, 'KALIKOTES', 47, 4),
	(968, 'KARANGANOM', 47, 4),
	(969, 'KARANGDOWO', 47, 4),
	(970, 'KARANGNONGKO', 47, 4),
	(971, 'KEBONARUM', 47, 4),
	(972, 'KEMALANG', 47, 4),
	(973, 'KLATEN SELATAN', 47, 4),
	(974, 'KLATEN TENGAH', 47, 4),
	(975, 'KLATEN UTARA', 47, 4),
	(976, 'MANISRENGGO', 47, 4),
	(977, 'PEDAN', 47, 4),
	(978, 'POLANHARJO', 47, 4),
	(979, 'PRAMBANAN', 47, 4),
	(980, 'TULUNG', 47, 4),
	(981, 'WEDI', 47, 4),
	(982, 'BAE', 48, 4),
	(983, 'DAWE', 48, 4),
	(984, 'GEBOG', 48, 4),
	(985, 'JATI', 48, 4),
	(986, 'JEKULO', 48, 4),
	(987, 'KALIWUNGU', 48, 4),
	(988, 'KUDUS KOTA', 48, 4),
	(989, 'MEJOBO', 48, 4),
	(990, 'UNDAAN', 48, 4),
	(991, 'BANDONGAN', 49, 4),
	(992, 'BOROBUDUR', 49, 4),
	(993, 'CANDIMULYO', 49, 4),
	(994, 'GRABAG', 49, 4),
	(995, 'KAJORAN', 49, 4),
	(996, 'KALIANGKRIK', 49, 4),
	(997, 'MAGELANG SELATAN', 49, 4),
	(998, 'MAGELANG TENGAH', 49, 4),
	(999, 'MAGELANG UTARA', 49, 4),
	(1000, 'MERTOYUDAN', 49, 4),
	(1001, 'MUNGKID', 49, 4),
	(1002, 'MUNTILAN', 49, 4),
	(1003, 'NGABLAK', 49, 4),
	(1004, 'NGLUWAR', 49, 4),
	(1005, 'SALAM', 49, 4),
	(1006, 'SALAMAN', 49, 4),
	(1007, 'SAWANGAN', 49, 4),
	(1008, 'SECANG', 49, 4),
	(1009, 'SRUMBUNG', 49, 4),
	(1010, 'TEGALREJO', 49, 4),
	(1011, 'TEMPURAN', 49, 4),
	(1012, 'WINDUSARI', 49, 4),
	(1013, 'BATANGAN', 50, 4),
	(1014, 'CLUWAK', 50, 4),
	(1015, 'DUKUHSETI', 50, 4),
	(1016, 'GABUS', 50, 4),
	(1017, 'GEMBONG', 50, 4),
	(1018, 'GUNUNGWUNGKAL', 50, 4),
	(1019, 'JAKEN', 50, 4),
	(1020, 'JAKENAN', 50, 4),
	(1021, 'JUWANA', 50, 4),
	(1022, 'KAYEN', 50, 4),
	(1023, 'MARGOREJO', 50, 4),
	(1024, 'MARGOYOSO', 50, 4),
	(1025, 'PATI', 50, 4),
	(1026, 'PUCAKWANGI', 50, 4),
	(1027, 'TAMBAKROMO', 50, 4),
	(1028, 'TAYU', 50, 4),
	(1029, 'TLOGOWUNGU', 50, 4),
	(1030, 'TRANGKIL', 50, 4),
	(1031, 'WEDARIJAKSA', 50, 4),
	(1032, 'WINONG', 50, 4),
	(1033, 'BUARAN', 51, 4),
	(1034, 'DORO', 51, 4),
	(1035, 'KAJEN', 51, 4),
	(1036, 'KANDANGSERANG', 51, 4),
	(1037, 'KARANGDADAP', 51, 4),
	(1038, 'KEDUNGWUNI', 51, 4),
	(1039, 'KESESI', 51, 4),
	(1040, 'LEBAKBARANG', 51, 4),
	(1041, 'PANINGGARAN', 51, 4),
	(1042, 'PEKALONGAN BARAT', 51, 4),
	(1043, 'PEKALONGAN SELATAN', 51, 4),
	(1044, 'PEKALONGAN TIMUR', 51, 4),
	(1045, 'PEKALONGAN UTARA', 51, 4),
	(1046, 'PETUNGKRIONO/PETUNGKRIYONO', 51, 4),
	(1047, 'SIWALAN', 51, 4),
	(1048, 'SRAGI', 51, 4),
	(1049, 'TIRTO', 51, 4),
	(1050, 'WIRADESA', 51, 4),
	(1051, 'WONOKERTO', 51, 4),
	(1052, 'WONOPRINGGO', 51, 4),
	(1053, 'BANTARBOLANG', 52, 4),
	(1054, 'BELIK', 52, 4),
	(1055, 'BODEH', 52, 4),
	(1056, 'COMAL', 52, 4),
	(1057, 'MOGA', 52, 4),
	(1058, 'PEMALANG', 52, 4),
	(1059, 'PETARUKAN', 52, 4),
	(1060, 'PULOSARI', 52, 4),
	(1061, 'RANDUDONGKAL', 52, 4),
	(1062, 'ULUJAMI', 52, 4),
	(1063, 'WARUNGPRING', 52, 4),
	(1064, 'WATUKUMPUL', 52, 4),
	(1065, 'BOBOTSARI', 53, 4),
	(1066, 'BOJONGSARI', 53, 4),
	(1067, 'BUKATEJA', 53, 4),
	(1068, 'KALIGONDANG', 53, 4),
	(1069, 'KALIMANAH', 53, 4),
	(1070, 'KARANGJAMBU', 53, 4),
	(1071, 'KARANGMONCOL', 53, 4),
	(1072, 'KARANGREJA', 53, 4),
	(1073, 'KEJOBONG', 53, 4),
	(1074, 'KEMANGKON', 53, 4),
	(1075, 'KERTANEGARA', 53, 4),
	(1076, 'KUTASARI', 53, 4),
	(1077, 'MREBET', 53, 4),
	(1078, 'PADAMARA', 53, 4),
	(1079, 'PENGADEGAN', 53, 4),
	(1080, 'PURBALINGGA', 53, 4),
	(1081, 'BAGELEN', 54, 4),
	(1082, 'BANYUURIP', 54, 4),
	(1083, 'BENER', 54, 4),
	(1084, 'BRUNO', 54, 4),
	(1085, 'BUTUH', 54, 4),
	(1086, 'GEBANG', 54, 4),
	(1087, 'KALIGESING', 54, 4),
	(1088, 'KEMIRI', 54, 4),
	(1089, 'KUTOARJO', 54, 4),
	(1090, 'LOANO', 54, 4),
	(1091, 'NGOMBOL', 54, 4),
	(1092, 'PITURUH', 54, 4),
	(1093, 'BULU', 55, 4),
	(1094, 'GUNEM', 55, 4),
	(1095, 'KALIORI', 55, 4),
	(1096, 'KRAGAN', 55, 4),
	(1097, 'LASEM', 55, 4),
	(1098, 'PAMOTAN', 55, 4),
	(1099, 'PANCUR', 55, 4),
	(1100, 'SALE', 55, 4),
	(1101, 'SARANG', 55, 4),
	(1102, 'SEDAN', 55, 4),
	(1103, 'SLUKE', 55, 4),
	(1104, 'SULANG', 55, 4),
	(1105, 'ARGOMULYO', 56, 4),
	(1106, 'SIDOMUKTI', 56, 4),
	(1107, 'TINGKIR', 56, 4),
	(1108, 'AMBARAWA', 57, 4),
	(1109, 'BANCAK', 57, 4),
	(1110, 'BANDUNGAN', 57, 4),
	(1111, 'BANYUBIRU', 57, 4),
	(1112, 'BANYUMANIK', 57, 4),
	(1113, 'BAWEN', 57, 4),
	(1114, 'BERGAS', 57, 4),
	(1115, 'CANDISARI', 57, 4),
	(1116, 'GAJAH MUNGKUR', 57, 4),
	(1117, 'GAYAMSARI', 57, 4),
	(1118, 'GENUK', 57, 4),
	(1119, 'GETASAN', 57, 4),
	(1120, 'GUNUNGPATI', 57, 4),
	(1121, 'JAMBU', 57, 4),
	(1122, 'NGALIYAN', 57, 4),
	(1123, 'PABELAN', 57, 4),
	(1124, 'PEDURUNGAN', 57, 4),
	(1125, 'PRINGAPUS', 57, 4),
	(1126, 'SEMARANG BARAT', 57, 4),
	(1127, 'SEMARANG SELATAN', 57, 4),
	(1128, 'SEMARANG TENGAH', 57, 4),
	(1129, 'SEMARANG TIMUR', 57, 4),
	(1130, 'SEMARANG UTARA', 57, 4),
	(1131, 'SUMOWONO', 57, 4),
	(1132, 'TEMBALANG', 57, 4),
	(1133, 'TENGARAN', 57, 4),
	(1134, 'TUNTANG', 57, 4),
	(1135, 'UNGARAN BARAT', 57, 4),
	(1136, 'UNGARAN TIMUR', 57, 4),
	(1137, 'GEMOLONG', 58, 4),
	(1138, 'GESI', 58, 4),
	(1139, 'JENAR', 58, 4),
	(1140, 'KALIJAMBE', 58, 4),
	(1141, 'KARANGMALANG', 58, 4),
	(1142, 'KEDAWUNG', 58, 4),
	(1143, 'MASARAN', 58, 4),
	(1144, 'MIRI', 58, 4),
	(1145, 'MONDOKAN', 58, 4),
	(1146, 'NGRAMPAL', 58, 4),
	(1147, 'PLUPUH', 58, 4),
	(1148, 'SAMBIREJO', 58, 4),
	(1149, 'SAMBUNG MACAN', 58, 4),
	(1150, 'SRAGEN', 58, 4),
	(1151, 'SUMBERLAWANG', 58, 4),
	(1152, 'TANGEN', 58, 4),
	(1153, 'TANON', 58, 4),
	(1154, 'BAKI', 59, 4),
	(1155, 'BENDOSARI', 59, 4),
	(1156, 'GATAK', 59, 4),
	(1157, 'KARTASURA', 59, 4),
	(1158, 'MOJOLABAN', 59, 4),
	(1159, 'NGUTER', 59, 4),
	(1160, 'POLOKARTO', 59, 4),
	(1161, 'SUKOHARJO', 59, 4),
	(1162, 'TAWANGSARI', 59, 4),
	(1163, 'WERU', 59, 4),
	(1164, 'BANJARSARI', 60, 4),
	(1165, 'JEBRES', 60, 4),
	(1166, 'LAWEYAN', 60, 4),
	(1167, 'PASAR KLIWON', 60, 4),
	(1168, 'SERENGAN', 60, 4),
	(1169, 'ADIWERNA', 61, 4),
	(1170, 'BALAPULANG', 61, 4),
	(1171, 'BOJONG', 61, 4),
	(1172, 'BUMIJAWA', 61, 4),
	(1173, 'DUKUHTURI', 61, 4),
	(1174, 'DUKUHWARU', 61, 4),
	(1175, 'JATINEGARA', 61, 4),
	(1176, 'KRAMAT', 61, 4),
	(1177, 'LEBAKSIU', 61, 4),
	(1178, 'MARGADANA', 61, 4),
	(1179, 'MARGASARI', 61, 4),
	(1180, 'PAGERBARANG', 61, 4),
	(1181, 'PANGKAH', 61, 4),
	(1182, 'SLAWI', 61, 4),
	(1183, 'SURODADI', 61, 4),
	(1184, 'TALANG', 61, 4),
	(1185, 'TARUB', 61, 4),
	(1186, 'TEGAL BARAT', 61, 4),
	(1187, 'TEGAL SELATAN', 61, 4),
	(1188, 'TEGAL TIMUR', 61, 4),
	(1189, 'WARUREJO', 61, 4),
	(1190, 'BANSARI', 62, 4),
	(1191, 'BEJEN', 62, 4),
	(1192, 'CANDIROTO', 62, 4),
	(1193, 'GEMAWANG', 62, 4),
	(1194, 'JUMO', 62, 4),
	(1195, 'KALORAN', 62, 4),
	(1196, 'KEDU', 62, 4),
	(1197, 'KLEDUNG', 62, 4),
	(1198, 'KRANGGAN', 62, 4),
	(1199, 'NGADIREJO', 62, 4),
	(1200, 'PARAKAN', 62, 4),
	(1201, 'PRINGSURAT', 62, 4),
	(1202, 'SELOPAMPANG', 62, 4),
	(1203, 'TEMANGGUNG', 62, 4),
	(1204, 'TEMBARAK', 62, 4),
	(1205, 'TLOGOMULYO', 62, 4),
	(1206, 'TRETEP', 62, 4),
	(1207, 'WONOBOYO', 62, 4),
	(1208, 'BATURETNO', 63, 4),
	(1209, 'BATUWARNO', 63, 4),
	(1210, 'BULUKERTO', 63, 4),
	(1211, 'EROMOKO', 63, 4),
	(1212, 'GIRIMARTO', 63, 4),
	(1213, 'GIRITONTRO', 63, 4),
	(1214, 'GIRIWOYO', 63, 4),
	(1215, 'JATIPURNO', 63, 4),
	(1216, 'JATISRONO', 63, 4),
	(1217, 'KARANGTENGAH', 63, 4),
	(1218, 'KISMANTORO', 63, 4),
	(1219, 'MANYARAN', 63, 4),
	(1220, 'PARANGGUPITO', 63, 4),
	(1221, 'PRACIMANTORO', 63, 4),
	(1222, 'PUHPELEM', 63, 4),
	(1223, 'PURWANTORO', 63, 4),
	(1224, 'SELOGIRI', 63, 4),
	(1225, 'SIDOHARJO', 63, 4),
	(1226, 'SLOGOHIMO', 63, 4),
	(1227, 'TIRTOMOYO', 63, 4),
	(1228, 'WONOGIRI', 63, 4),
	(1229, 'WURYANTORO', 63, 4),
	(1230, 'GARUNG', 64, 4),
	(1231, 'KALIBAWANG', 64, 4),
	(1232, 'KALIKAJAR', 64, 4),
	(1233, 'KALIWIRO', 64, 4),
	(1234, 'KEJAJAR', 64, 4),
	(1235, 'KEPIL', 64, 4),
	(1236, 'KERTEK', 64, 4),
	(1237, 'LEKSONO', 64, 4),
	(1238, 'MOJOTENGAH', 64, 4),
	(1239, 'SAPURAN', 64, 4),
	(1240, 'SELOMERTO', 64, 4),
	(1241, 'WADASLINTANG', 64, 4),
	(1242, 'WATUMALANG', 64, 4),
	(1243, 'WONOSOBO', 64, 4),
	(1244, 'BAMBANG LIPURO', 65, 5),
	(1245, 'BANGUNTAPAN', 65, 5),
	(1246, 'BANTUL', 65, 5),
	(1247, 'DLINGO', 65, 5),
	(1248, 'IMOGIRI', 65, 5),
	(1249, 'KASIHAN', 65, 5),
	(1250, 'KRETEK', 65, 5),
	(1251, 'PAJANGAN', 65, 5),
	(1252, 'PANDAK', 65, 5),
	(1253, 'PIYUNGAN', 65, 5),
	(1254, 'PLERET', 65, 5),
	(1255, 'PUNDONG', 65, 5),
	(1256, 'SANDEN', 65, 5),
	(1257, 'SEDAYU', 65, 5),
	(1258, 'SEWON', 65, 5),
	(1259, 'SRANDAKAN', 65, 5),
	(1260, 'GEDANG SARI', 66, 5),
	(1261, 'GIRISUBO', 66, 5),
	(1262, 'KARANGMOJO', 66, 5),
	(1263, 'NGLIPAR', 66, 5),
	(1264, 'PALIYAN', 66, 5),
	(1265, 'PANGGANG', 66, 5),
	(1266, 'PATUK', 66, 5),
	(1267, 'PLAYEN', 66, 5),
	(1268, 'PONJONG', 66, 5),
	(1269, 'RONGKOP', 66, 5),
	(1270, 'SAPTO SARI', 66, 5),
	(1271, 'SEMANU', 66, 5),
	(1272, 'SEMIN', 66, 5),
	(1273, 'TANJUNGSARI', 66, 5),
	(1274, 'TEPUS', 66, 5),
	(1275, 'GALUR', 67, 5),
	(1276, 'GIRIMULYO', 67, 5),
	(1277, 'KOKAP', 67, 5),
	(1278, 'LENDAH', 67, 5),
	(1279, 'NANGGULAN', 67, 5),
	(1280, 'PANJATAN', 67, 5),
	(1281, 'PENGASIH', 67, 5),
	(1282, 'SAMIGALUH', 67, 5),
	(1283, 'SENTOLO', 67, 5),
	(1284, 'TEMON', 67, 5),
	(1285, 'BERBAH', 68, 5),
	(1286, 'CANGKRINGAN', 68, 5),
	(1287, 'DEPOK', 68, 5),
	(1288, 'GAMPING', 68, 5),
	(1289, 'GODEAN', 68, 5),
	(1290, 'KALASAN', 68, 5),
	(1291, 'MINGGIR', 68, 5),
	(1292, 'MLATI', 68, 5),
	(1293, 'MOYUDAN', 68, 5),
	(1294, 'NGAGLIK', 68, 5),
	(1295, 'SEYEGAN', 68, 5),
	(1296, 'SLEMAN', 68, 5),
	(1297, 'TEMPEL', 68, 5),
	(1298, 'DANUREJAN', 69, 5),
	(1299, 'GEDONG TENGEN', 69, 5),
	(1300, 'GONDOKUSUMAN', 69, 5),
	(1301, 'GONDOMANAN', 69, 5),
	(1302, 'KOTAGEDE', 69, 5),
	(1303, 'MANTRIJERON', 69, 5),
	(1304, 'MERGANGSAN', 69, 5),
	(1305, 'NGAMPILAN', 69, 5),
	(1306, 'PAKUALAMAN', 69, 5),
	(1307, 'UMBULHARJO', 69, 5),
	(1308, 'WIROBRAJAN', 69, 5),
	(1309, 'AROSBAYA', 70, 6),
	(1310, 'BANGKALAN', 70, 6),
	(1311, 'BLEGA', 70, 6),
	(1312, 'BURNEH', 70, 6),
	(1313, 'GEGER', 70, 6),
	(1314, 'KAMAL', 70, 6),
	(1315, 'KLAMPIS', 70, 6),
	(1316, 'KOKOP', 70, 6),
	(1317, 'KONANG', 70, 6),
	(1318, 'KWANYAR', 70, 6),
	(1319, 'LABANG', 70, 6),
	(1320, 'MODUNG', 70, 6),
	(1321, 'SEPULU', 70, 6),
	(1322, 'SOCAH', 70, 6),
	(1323, 'TANAH MERAH', 70, 6),
	(1324, 'TANJUNGBUMI', 70, 6),
	(1325, 'TRAGAH', 70, 6),
	(1326, 'BANGOREJO', 71, 6),
	(1327, 'BANYUWANGI', 71, 6),
	(1328, 'CLURING', 71, 6),
	(1329, 'GAMBIRAN', 71, 6),
	(1330, 'GENTENG', 71, 6),
	(1331, 'GIRI', 71, 6),
	(1332, 'GLAGAH', 71, 6),
	(1333, 'GLENMORE', 71, 6),
	(1334, 'KABAT', 71, 6),
	(1335, 'KALIBARU', 71, 6),
	(1336, 'KALIPURO', 71, 6),
	(1337, 'LICIN', 71, 6),
	(1338, 'MUNCAR', 71, 6),
	(1339, 'PESANGGARAN', 71, 6),
	(1340, 'PURWOHARJO', 71, 6),
	(1341, 'ROGOJAMPI', 71, 6),
	(1342, 'SEMPU', 71, 6),
	(1343, 'SILIRAGUNG', 71, 6),
	(1344, 'SINGOJURUH', 71, 6),
	(1345, 'SONGGON', 71, 6),
	(1346, 'SRONO', 71, 6),
	(1347, 'TEGALDLIMO', 71, 6),
	(1348, 'TEGALSARI', 71, 6),
	(1349, 'WONGSOREJO', 71, 6),
	(1350, 'BATU', 72, 6),
	(1351, 'BUMIAJI', 72, 6),
	(1352, 'JUNREJO', 72, 6),
	(1353, 'BAKUNG', 73, 6),
	(1354, 'BINANGUN', 73, 6),
	(1355, 'DOKO', 73, 6),
	(1356, 'GARUM', 73, 6),
	(1357, 'KANIGORO', 73, 6),
	(1358, 'KEPANJEN KIDUL', 73, 6),
	(1359, 'KESAMBEN', 73, 6),
	(1360, 'NGLEGOK', 73, 6),
	(1361, 'PONGGOK', 73, 6),
	(1362, 'SANAN KULON', 73, 6),
	(1363, 'SANAN WETAN', 73, 6),
	(1364, 'SELOPURO', 73, 6),
	(1365, 'SELOREJO', 73, 6),
	(1366, 'SRENGAT', 73, 6),
	(1367, 'SUTOJAYAN', 73, 6),
	(1368, 'TALUN', 73, 6),
	(1369, 'UDANAWU', 73, 6),
	(1370, 'WATES', 73, 6),
	(1371, 'WLINGI', 73, 6),
	(1372, 'WONODADI', 73, 6),
	(1373, 'WONOTIRTO', 73, 6),
	(1374, 'BALEN', 74, 6),
	(1375, 'BAURENO', 74, 6),
	(1376, 'BOJONEGORO', 74, 6),
	(1377, 'BUBULAN', 74, 6),
	(1378, 'DANDER', 74, 6),
	(1379, 'KALITIDU', 74, 6),
	(1380, 'KANOR', 74, 6),
	(1381, 'KAPAS', 74, 6),
	(1382, 'KASIMAN', 74, 6),
	(1383, 'KEDEWAN', 74, 6),
	(1384, 'KEDUNGADEM', 74, 6),
	(1385, 'KEPOH BARU', 74, 6),
	(1386, 'MALO', 74, 6),
	(1387, 'MARGOMULYO', 74, 6),
	(1388, 'NGAMBON', 74, 6),
	(1389, 'NGRAHO', 74, 6),
	(1390, 'PADANGAN', 74, 6),
	(1391, 'SEKAR', 74, 6),
	(1392, 'SUGIHWARAS', 74, 6),
	(1393, 'SUKOSEWU', 74, 6),
	(1394, 'SUMBERREJO', 74, 6),
	(1395, 'TAMBAKREJO', 74, 6),
	(1396, 'TEMAYANG', 74, 6),
	(1397, 'TRUCUK', 74, 6),
	(1398, 'BINAKAL', 75, 6),
	(1399, 'BONDOWOSO', 75, 6),
	(1400, 'BOTOLINGGO', 75, 6),
	(1401, 'CERMEE', 75, 6),
	(1402, 'CURAHDAMI', 75, 6),
	(1403, 'GRUJUGAN', 75, 6),
	(1404, 'JAMBE SARI DARUS SHOLAH', 75, 6),
	(1405, 'KLABANG', 75, 6),
	(1406, 'MAESAN', 75, 6),
	(1407, 'PAKEM', 75, 6),
	(1408, 'PRAJEKAN', 75, 6),
	(1409, 'PUJER', 75, 6),
	(1410, 'SEMPOL', 75, 6),
	(1411, 'SUKOSARI', 75, 6),
	(1412, 'SUMBER WRINGIN', 75, 6),
	(1413, 'TAMAN KROCOK', 75, 6),
	(1414, 'TAMANAN', 75, 6),
	(1415, 'TAPEN', 75, 6),
	(1416, 'TEGALAMPEL', 75, 6),
	(1417, 'TENGGARANG', 75, 6),
	(1418, 'TLOGOSARI', 75, 6),
	(1419, 'WRINGIN', 75, 6),
	(1420, 'BALONG PANGGANG', 76, 6),
	(1421, 'BENJENG', 76, 6),
	(1422, 'BUNGAH', 76, 6),
	(1423, 'CERME', 76, 6),
	(1424, 'DRIYOREJO', 76, 6),
	(1425, 'DUDUK SAMPEYAN', 76, 6),
	(1426, 'DUKUN', 76, 6),
	(1427, 'GRESIK', 76, 6),
	(1428, 'KEBOMAS', 76, 6),
	(1429, 'KEDAMEAN', 76, 6),
	(1430, 'MANYAR', 76, 6),
	(1431, 'MENGANTI', 76, 6),
	(1432, 'PANCENG', 76, 6),
	(1433, 'SANGKAPURA', 76, 6),
	(1434, 'SIDAYU', 76, 6),
	(1435, 'TAMBAK', 76, 6),
	(1436, 'UJUNG PANGKAH', 76, 6),
	(1437, 'WRINGIN ANOM', 76, 6),
	(1438, 'AJUNG', 77, 6),
	(1439, 'AMBULU', 77, 6),
	(1440, 'BALUNG', 77, 6),
	(1441, 'BANGSALSARI', 77, 6),
	(1442, 'GUMUK MAS', 77, 6),
	(1443, 'JELBUK', 77, 6),
	(1444, 'JENGGAWAH', 77, 6),
	(1445, 'JOMBANG', 77, 6),
	(1446, 'KALISAT', 77, 6),
	(1447, 'KALIWATES', 77, 6),
	(1448, 'KENCONG', 77, 6),
	(1449, 'LEDOKOMBO', 77, 6),
	(1450, 'MAYANG', 77, 6),
	(1451, 'MUMBULSARI', 77, 6),
	(1452, 'PAKUSARI', 77, 6),
	(1453, 'PANTI', 77, 6),
	(1454, 'PATRANG', 77, 6),
	(1455, 'PUGER', 77, 6),
	(1456, 'RAMBIPUJI', 77, 6),
	(1457, 'SEMBORO', 77, 6),
	(1458, 'SILO', 77, 6),
	(1459, 'SUKORAMBI', 77, 6),
	(1460, 'SUKOWONO', 77, 6),
	(1461, 'SUMBER BARU', 77, 6),
	(1462, 'SUMBER JAMBE', 77, 6),
	(1463, 'SUMBER SARI', 77, 6),
	(1464, 'TANGGUL', 77, 6),
	(1465, 'TEMPUREJO', 77, 6),
	(1466, 'UMBULSARI', 77, 6),
	(1467, 'WULUHAN', 77, 6),
	(1468, 'BANDAR KEDUNG MULYO', 78, 6),
	(1469, 'BARENG', 78, 6),
	(1470, 'DIWEK', 78, 6),
	(1471, 'GUDO', 78, 6),
	(1472, 'JOGOROTO', 78, 6),
	(1473, 'KABUH', 78, 6),
	(1474, 'KUDU', 78, 6),
	(1475, 'MEGALUH', 78, 6),
	(1476, 'MOJOAGUNG', 78, 6),
	(1477, 'MOJOWARNO', 78, 6),
	(1478, 'NGORO', 78, 6),
	(1479, 'NGUSIKAN', 78, 6),
	(1480, 'PERAK', 78, 6),
	(1481, 'PETERONGAN', 78, 6),
	(1482, 'PLANDAAN', 78, 6),
	(1483, 'PLOSO', 78, 6),
	(1484, 'SUMOBITO', 78, 6),
	(1485, 'TEMBELANG', 78, 6),
	(1486, 'WONOSALAM', 78, 6),
	(1487, 'BADAS', 79, 6),
	(1488, 'BANYAKAN', 79, 6),
	(1489, 'GAMPENGREJO', 79, 6),
	(1490, 'GROGOL', 79, 6),
	(1491, 'GURAH', 79, 6),
	(1492, 'KANDAT', 79, 6),
	(1493, 'KAYEN KIDUL', 79, 6),
	(1494, 'KEDIRI KOTA', 79, 6),
	(1495, 'KEPUNG', 79, 6),
	(1496, 'KRAS', 79, 6),
	(1497, 'KUNJANG', 79, 6),
	(1498, 'MOJO', 79, 6),
	(1499, 'MOJOROTO', 79, 6),
	(1500, 'NGADILUWIH', 79, 6),
	(1501, 'NGANCAR', 79, 6),
	(1502, 'NGASEM', 79, 6),
	(1503, 'PAGU', 79, 6),
	(1504, 'PAPAR', 79, 6),
	(1505, 'PARE', 79, 6),
	(1506, 'PESANTREN', 79, 6),
	(1507, 'PLEMAHAN', 79, 6),
	(1508, 'PLOSOKLATEN', 79, 6),
	(1509, 'PUNCU', 79, 6),
	(1510, 'PURWOASRI', 79, 6),
	(1511, 'RINGINREJO', 79, 6),
	(1512, 'SEMEN', 79, 6),
	(1513, 'TAROKAN', 79, 6),
	(1514, 'BABAT', 80, 6),
	(1515, 'BLULUK', 80, 6),
	(1516, 'BRONDONG', 80, 6),
	(1517, 'DEKET', 80, 6),
	(1518, 'KALITENGAH', 80, 6),
	(1519, 'KARANG GENENG', 80, 6),
	(1520, 'KARANGBINANGUN', 80, 6),
	(1521, 'KEDUNGPRING', 80, 6),
	(1522, 'KEMBANGBAHU', 80, 6),
	(1523, 'LAMONGAN', 80, 6),
	(1524, 'LAREN', 80, 6),
	(1525, 'MADURAN', 80, 6),
	(1526, 'MANTUP', 80, 6),
	(1527, 'MODO', 80, 6),
	(1528, 'NGIMBANG', 80, 6),
	(1529, 'PACIRAN', 80, 6),
	(1530, 'PUCUK', 80, 6),
	(1531, 'SAMBENG', 80, 6),
	(1532, 'SARIREJO', 80, 6),
	(1533, 'SEKARAN', 80, 6),
	(1534, 'SOLOKURO', 80, 6),
	(1535, 'SUGIO', 80, 6),
	(1536, 'SUKODADI', 80, 6),
	(1537, 'SUKORAME', 80, 6),
	(1538, 'TIKUNG', 80, 6),
	(1539, 'TURI', 80, 6),
	(1540, 'CANDIPURO', 81, 6),
	(1541, 'GUCIALIT', 81, 6),
	(1542, 'JATIROTO', 81, 6),
	(1543, 'KEDUNGJAJANG', 81, 6),
	(1544, 'KLAKAH', 81, 6),
	(1545, 'KUNIR', 81, 6),
	(1546, 'LUMAJANG', 81, 6),
	(1547, 'PADANG', 81, 6),
	(1548, 'PASIRIAN', 81, 6),
	(1549, 'PASRUJAMBE/PASUJAMBE', 81, 6),
	(1550, 'PRONOJIWO', 81, 6),
	(1551, 'RANDUAGUNG', 81, 6),
	(1552, 'RANUYOSO', 81, 6),
	(1553, 'ROWOKANGKUNG', 81, 6),
	(1554, 'SENDURO', 81, 6),
	(1555, 'SUKODONO', 81, 6),
	(1556, 'SUMBERSUKO', 81, 6),
	(1557, 'TEKUNG', 81, 6),
	(1558, 'TEMPEH', 81, 6),
	(1559, 'TEMPURSARI', 81, 6),
	(1560, 'YOSOWILANGUN', 81, 6),
	(1561, 'BALEREJO', 82, 6),
	(1562, 'DAGANGAN', 82, 6),
	(1563, 'DOLOPO', 82, 6),
	(1564, 'GEMARANG', 82, 6),
	(1565, 'JIWAN', 82, 6),
	(1566, 'KARE', 82, 6),
	(1567, 'KARTOHARJO', 82, 6),
	(1568, 'KEBONSARI', 82, 6),
	(1569, 'MADIUN', 82, 6),
	(1570, 'MANGUHARJO', 82, 6),
	(1571, 'MEJAYAN', 82, 6),
	(1572, 'PILANGKENCENG', 82, 6),
	(1573, 'SARADAN', 82, 6),
	(1574, 'TAMAN', 82, 6),
	(1575, 'WONOASRI', 82, 6),
	(1576, 'WUNGU', 82, 6),
	(1577, 'BARAT', 83, 6),
	(1578, 'BENDO', 83, 6),
	(1579, 'KARANGREJO', 83, 6),
	(1580, 'KARTOHARJO (KERTOHARJO)', 83, 6),
	(1581, 'KAWEDANAN', 83, 6),
	(1582, 'LEMBEYAN', 83, 6),
	(1583, 'MAGETAN', 83, 6),
	(1584, 'MAOSPATI', 83, 6),
	(1585, 'NGARIBOYO', 83, 6),
	(1586, 'NGUNTORONADI', 83, 6),
	(1587, 'PANEKAN', 83, 6),
	(1588, 'PARANG', 83, 6),
	(1589, 'PLAOSAN', 83, 6),
	(1590, 'PONCOL', 83, 6),
	(1591, 'SIDOREJO', 83, 6),
	(1592, 'TAKERAN', 83, 6),
	(1593, 'AMPELGADING', 84, 6),
	(1594, 'BANTUR', 84, 6),
	(1595, 'BLIMBING', 84, 6),
	(1596, 'BULULAWANG', 84, 6),
	(1597, 'DAMPIT', 84, 6),
	(1598, 'DAU', 84, 6),
	(1599, 'DONOMULYO', 84, 6),
	(1600, 'GEDANGAN', 84, 6),
	(1601, 'GONDANGLEGI', 84, 6),
	(1602, 'JABUNG', 84, 6),
	(1603, 'KALIPARE', 84, 6),
	(1604, 'KARANGPLOSO', 84, 6),
	(1605, 'KASEMBON', 84, 6),
	(1606, 'KEDUNGKANDANG', 84, 6),
	(1607, 'KEPANJEN', 84, 6),
	(1608, 'KLOJEN', 84, 6),
	(1609, 'KROMENGAN', 84, 6),
	(1610, 'LAWANG', 84, 6),
	(1611, 'LOWOKWARU', 84, 6),
	(1612, 'NGAJUNG (NGAJUM)', 84, 6),
	(1613, 'NGANTANG', 84, 6),
	(1614, 'PAGAK', 84, 6),
	(1615, 'PAGELARAN', 84, 6),
	(1616, 'PAKIS', 84, 6),
	(1617, 'PAKISAJI', 84, 6),
	(1618, 'PONCOKUSUMO', 84, 6),
	(1619, 'PUJON', 84, 6),
	(1620, 'SINGOSARI', 84, 6),
	(1621, 'SUKUN', 84, 6),
	(1622, 'SUMBERMANJING WETAN', 84, 6),
	(1623, 'SUMBERPUCUNG', 84, 6),
	(1624, 'TAJINAN', 84, 6),
	(1625, 'TIRTOYUDO', 84, 6),
	(1626, 'TUMPANG', 84, 6),
	(1627, 'TUREN', 84, 6),
	(1628, 'WAGIR', 84, 6),
	(1629, 'WAJAK', 84, 6),
	(1630, 'BANGSAL', 85, 6),
	(1631, 'DAWAR BLANDONG', 85, 6),
	(1632, 'DLANGGU', 85, 6),
	(1633, 'GEDEG', 85, 6),
	(1634, 'JATIREJO', 85, 6),
	(1635, 'KEMLAGI', 85, 6),
	(1636, 'KUTOREJO', 85, 6),
	(1637, 'MAGERSARI', 85, 6),
	(1638, 'MOJOANYAR', 85, 6),
	(1639, 'MOJOSARI', 85, 6),
	(1640, 'PACET', 85, 6),
	(1641, 'PRAJURIT KULON', 85, 6),
	(1642, 'PUNGGING', 85, 6),
	(1643, 'PURI', 85, 6),
	(1644, 'TRAWAS', 85, 6),
	(1645, 'TROWULAN', 85, 6),
	(1646, 'BAGOR', 86, 6),
	(1647, 'BARON', 86, 6),
	(1648, 'BERBEK', 86, 6),
	(1649, 'JATIKALEN', 86, 6),
	(1650, 'KERTOSONO', 86, 6),
	(1651, 'LENGKONG', 86, 6),
	(1652, 'LOCERET', 86, 6),
	(1653, 'NGANJUK', 86, 6),
	(1654, 'NGETOS', 86, 6),
	(1655, 'NGLUYU', 86, 6),
	(1656, 'NGRONGGOT', 86, 6),
	(1657, 'PACE', 86, 6),
	(1658, 'PATIANROWO', 86, 6),
	(1659, 'PRAMBON', 86, 6),
	(1660, 'SAWAHAN', 86, 6),
	(1661, 'SUKOMORO', 86, 6),
	(1662, 'TANJUNGANOM', 86, 6),
	(1663, 'WILANGAN', 86, 6),
	(1664, 'BRINGIN', 87, 6),
	(1665, 'GENENG', 87, 6),
	(1666, 'GERIH', 87, 6),
	(1667, 'JOGOROGO', 87, 6),
	(1668, 'KARANGANYAR', 87, 6),
	(1669, 'KARANGJATI', 87, 6),
	(1670, 'KASREMAN', 87, 6),
	(1671, 'KEDUNGGALAR', 87, 6),
	(1672, 'KENDAL', 87, 6),
	(1673, 'KWADUNGAN', 87, 6),
	(1674, 'MANTINGAN', 87, 6),
	(1675, 'NGAWI', 87, 6),
	(1676, 'NGRAMBE', 87, 6),
	(1677, 'PADAS', 87, 6),
	(1678, 'PANGKUR', 87, 6),
	(1679, 'PARON', 87, 6),
	(1680, 'PITU', 87, 6),
	(1681, 'SINE', 87, 6),
	(1682, 'WIDODAREN', 87, 6),
	(1683, 'ARJOSARI', 88, 6),
	(1684, 'BANDAR', 88, 6),
	(1685, 'DONOROJO', 88, 6),
	(1686, 'KEBON AGUNG', 88, 6),
	(1687, 'NAWANGAN', 88, 6),
	(1688, 'NGADIROJO', 88, 6),
	(1689, 'PACITAN', 88, 6),
	(1690, 'PRINGKUKU', 88, 6),
	(1691, 'PUNUNG', 88, 6),
	(1692, 'SUDIMORO', 88, 6),
	(1693, 'TEGALOMBO', 88, 6),
	(1694, 'TULAKAN', 88, 6),
	(1695, 'BATUMARMAR', 89, 6),
	(1696, 'GALIS', 89, 6),
	(1697, 'KADUR', 89, 6),
	(1698, 'LARANGAN', 89, 6),
	(1699, 'PADEMAWU', 89, 6),
	(1700, 'PAKONG', 89, 6),
	(1701, 'PALENGA\\AN', 89, 6),
	(1702, 'PAMEKASAN', 89, 6),
	(1703, 'PASEAN', 89, 6),
	(1704, 'PEGANTENAN', 89, 6),
	(1705, 'PROPPO', 89, 6),
	(1706, 'TLANAKAN', 89, 6),
	(1707, 'BANGIL', 90, 6),
	(1708, 'BEJI', 90, 6),
	(1709, 'BUGUL KIDUL', 90, 6),
	(1710, 'GADINGREJO', 90, 6),
	(1711, 'GEMPOL', 90, 6),
	(1712, 'GONDANG WETAN', 90, 6),
	(1713, 'GRATI', 90, 6),
	(1714, 'KEJAYAN', 90, 6),
	(1715, 'KRATON', 90, 6),
	(1716, 'LEKOK', 90, 6),
	(1717, 'NGULING', 90, 6),
	(1718, 'PANDAAN', 90, 6),
	(1719, 'PANGGUNGREJO', 90, 6),
	(1720, 'PASREPAN', 90, 6),
	(1721, 'POHJENTREK', 90, 6),
	(1722, 'PRIGEN', 90, 6),
	(1723, 'PURWODADI', 90, 6),
	(1724, 'PURWOREJO', 90, 6),
	(1725, 'PURWOSARI', 90, 6),
	(1726, 'PUSPO', 90, 6),
	(1727, 'REJOSO', 90, 6),
	(1728, 'REMBANG', 90, 6),
	(1729, 'SUKOREJO', 90, 6),
	(1730, 'TOSARI', 90, 6),
	(1731, 'TUTUR', 90, 6),
	(1732, 'WINONGAN', 90, 6),
	(1733, 'WONOREJO', 90, 6),
	(1734, 'BABADAN', 91, 6),
	(1735, 'BADEGAN', 91, 6),
	(1736, 'BALONG', 91, 6),
	(1737, 'BUNGKAL', 91, 6),
	(1738, 'JAMBON', 91, 6),
	(1739, 'JENANGAN', 91, 6),
	(1740, 'JETIS', 91, 6),
	(1741, 'MLARAK', 91, 6),
	(1742, 'NGEBEL', 91, 6),
	(1743, 'NGRAYUN', 91, 6),
	(1744, 'PONOROGO', 91, 6),
	(1745, 'PUDAK', 91, 6),
	(1746, 'PULUNG', 91, 6),
	(1747, 'SAMBIT', 91, 6),
	(1748, 'SAMPUNG', 91, 6),
	(1749, 'SAWOO', 91, 6),
	(1750, 'SIMAN', 91, 6),
	(1751, 'SLAHUNG', 91, 6),
	(1752, 'SOOKO', 91, 6),
	(1753, 'BANTARAN', 92, 6),
	(1754, 'BANYU ANYAR', 92, 6),
	(1755, 'BESUK', 92, 6),
	(1756, 'DRINGU', 92, 6),
	(1757, 'GADING', 92, 6),
	(1758, 'GENDING', 92, 6),
	(1759, 'KADEMANGAN', 92, 6),
	(1760, 'KANIGARAN', 92, 6),
	(1761, 'KEDOPOK (KEDOPAK)', 92, 6),
	(1762, 'KOTA ANYAR', 92, 6),
	(1763, 'KRAKSAAN', 92, 6),
	(1764, 'KREJENGAN', 92, 6),
	(1765, 'KRUCIL', 92, 6),
	(1766, 'LECES', 92, 6),
	(1767, 'LUMBANG', 92, 6),
	(1768, 'MARON', 92, 6),
	(1769, 'MAYANGAN', 92, 6),
	(1770, 'PAITON', 92, 6),
	(1771, 'PAJARAKAN', 92, 6),
	(1772, 'PAKUNIRAN', 92, 6),
	(1773, 'SUKAPURA', 92, 6),
	(1774, 'SUMBER', 92, 6),
	(1775, 'SUMBERASIH', 92, 6),
	(1776, 'TEGAL SIWALAN', 92, 6),
	(1777, 'TIRIS', 92, 6),
	(1778, 'TONGAS', 92, 6),
	(1779, 'WONOASIH', 92, 6),
	(1780, 'WONOMERTO', 92, 6),
	(1781, 'BANYUATES', 93, 6),
	(1782, 'CAMPLONG', 93, 6),
	(1783, 'JRENGIK', 93, 6),
	(1784, 'KARANG PENANG', 93, 6),
	(1785, 'KEDUNGDUNG', 93, 6),
	(1786, 'KETAPANG', 93, 6),
	(1787, 'OMBEN', 93, 6),
	(1788, 'PANGARENGAN', 93, 6),
	(1789, 'ROBATAL', 93, 6),
	(1790, 'SAMPANG', 93, 6),
	(1791, 'SOKOBANAH', 93, 6),
	(1792, 'SRESEH', 93, 6),
	(1793, 'TAMBELANGAN', 93, 6),
	(1794, 'TORJUN', 93, 6),
	(1795, 'BALONGBENDO', 94, 6),
	(1796, 'BUDURAN', 94, 6),
	(1797, 'CANDI', 94, 6),
	(1798, 'JABON', 94, 6),
	(1799, 'KREMBUNG', 94, 6),
	(1800, 'KRIAN', 94, 6),
	(1801, 'PORONG', 94, 6),
	(1802, 'SEDATI', 94, 6),
	(1803, 'SIDOARJO', 94, 6),
	(1804, 'TANGGULANGIN', 94, 6),
	(1805, 'TARIK', 94, 6),
	(1806, 'TULANGAN', 94, 6),
	(1807, 'WONOAYU', 94, 6),
	(1808, 'ASEMBAGUS', 95, 6),
	(1809, 'BANYUGLUGUR', 95, 6),
	(1810, 'BANYUPUTIH', 95, 6),
	(1811, 'BESUKI', 95, 6),
	(1812, 'BUNGATAN', 95, 6),
	(1813, 'JANGKAR', 95, 6),
	(1814, 'JATIBANTENG', 95, 6),
	(1815, 'KAPONGAN', 95, 6),
	(1816, 'KENDIT', 95, 6),
	(1817, 'MANGARAN', 95, 6),
	(1818, 'MLANDINGAN', 95, 6),
	(1819, 'PANARUKAN', 95, 6),
	(1820, 'PANJI', 95, 6),
	(1821, 'SITUBONDO', 95, 6),
	(1822, 'SUBOH', 95, 6),
	(1823, 'SUMBERMALANG', 95, 6),
	(1824, 'AMBUNTEN', 96, 6),
	(1825, 'ARJASA', 96, 6),
	(1826, 'BATANG BATANG', 96, 6),
	(1827, 'BATUAN', 96, 6),
	(1828, 'BATUPUTIH', 96, 6),
	(1829, 'BLUTO', 96, 6),
	(1830, 'DASUK', 96, 6),
	(1831, 'DUNGKEK', 96, 6),
	(1832, 'GANDING', 96, 6),
	(1833, 'GAPURA', 96, 6),
	(1834, 'GAYAM', 96, 6),
	(1835, 'GILI GINTING (GILIGENTENG)', 96, 6),
	(1836, 'GULUK GULUK', 96, 6),
	(1837, 'KALIANGET', 96, 6),
	(1838, 'KANGAYAN', 96, 6),
	(1839, 'KOTA SUMENEP', 96, 6),
	(1840, 'LENTENG', 96, 6),
	(1841, 'MANDING', 96, 6),
	(1842, 'MASALEMBU', 96, 6),
	(1843, 'NONGGUNONG', 96, 6),
	(1844, 'PASONGSONGAN', 96, 6),
	(1845, 'PRAGAAN', 96, 6),
	(1846, 'RA\\AS (RAAS)', 96, 6),
	(1847, 'RUBARU', 96, 6),
	(1848, 'SAPEKEN', 96, 6),
	(1849, 'SARONGGI', 96, 6),
	(1850, 'TALANGO', 96, 6),
	(1851, 'ASEMROWO', 97, 6),
	(1852, 'BENOWO', 97, 6),
	(1853, 'BUBUTAN', 97, 6),
	(1854, 'BULAK', 97, 6),
	(1855, 'DUKUH PAKIS', 97, 6),
	(1856, 'GAYUNGAN', 97, 6),
	(1857, 'GUBENG', 97, 6),
	(1858, 'GUNUNGANYAR', 97, 6),
	(1859, 'JAMBANGAN', 97, 6),
	(1860, 'KARANGPILANG', 97, 6),
	(1861, 'KENJERAN', 97, 6),
	(1862, 'KREMBANGAN', 97, 6),
	(1863, 'LAKAR SANTRI', 97, 6),
	(1864, 'MULYOREJO', 97, 6),
	(1865, 'PABEAN CANTIKAN', 97, 6),
	(1866, 'PAKAL', 97, 6),
	(1867, 'RUNGKUT', 97, 6),
	(1868, 'SAMBIKEREP', 97, 6),
	(1869, 'SEMAMPIR', 97, 6),
	(1870, 'SIMOKERTO', 97, 6),
	(1871, 'SUKOLILO', 97, 6),
	(1872, 'SUKOMANUNGGAL', 97, 6),
	(1873, 'TAMBAKSARI', 97, 6),
	(1874, 'TANDES', 97, 6),
	(1875, 'TENGGILIS MEJOYO', 97, 6),
	(1876, 'WIYUNG', 97, 6),
	(1877, 'WONOCOLO', 97, 6),
	(1878, 'WONOKROMO', 97, 6),
	(1879, 'BENDUNGAN', 98, 6),
	(1880, 'DONGKO', 98, 6),
	(1881, 'DURENAN', 98, 6),
	(1882, 'GANDUSARI', 98, 6),
	(1883, 'KAMPAK', 98, 6),
	(1884, 'MUNJUNGAN', 98, 6),
	(1885, 'PANGGUL', 98, 6),
	(1886, 'POGALAN', 98, 6),
	(1887, 'PULE', 98, 6),
	(1888, 'SURUH', 98, 6),
	(1889, 'TRENGGALEK', 98, 6),
	(1890, 'TUGU', 98, 6),
	(1891, 'WATULIMO', 98, 6),
	(1892, 'BANCAR', 99, 6),
	(1893, 'BANGILAN', 99, 6),
	(1894, 'GRABAGAN', 99, 6),
	(1895, 'JATIROGO', 99, 6),
	(1896, 'JENU', 99, 6),
	(1897, 'KENDURUAN', 99, 6),
	(1898, 'KEREK', 99, 6),
	(1899, 'MERAKURAK', 99, 6),
	(1900, 'MONTONG', 99, 6),
	(1901, 'PALANG', 99, 6),
	(1902, 'PARENGAN', 99, 6),
	(1903, 'PLUMPANG', 99, 6),
	(1904, 'RENGEL', 99, 6),
	(1905, 'SEMANDING', 99, 6),
	(1906, 'SENORI', 99, 6),
	(1907, 'SINGGAHAN', 99, 6),
	(1908, 'SOKO', 99, 6),
	(1909, 'TAMBAKBOYO', 99, 6),
	(1910, 'TUBAN', 99, 6),
	(1911, 'WIDANG', 99, 6),
	(1912, 'BANDUNG', 100, 6),
	(1913, 'BOYOLANGU', 100, 6),
	(1914, 'CAMPUR DARAT', 100, 6),
	(1915, 'GONDANG', 100, 6),
	(1916, 'KALIDAWIR', 100, 6),
	(1917, 'KARANG REJO', 100, 6),
	(1918, 'KAUMAN', 100, 6),
	(1919, 'KEDUNGWARU', 100, 6),
	(1920, 'NGANTRU', 100, 6),
	(1921, 'NGUNUT', 100, 6),
	(1922, 'PAGERWOJO', 100, 6),
	(1923, 'PAKEL', 100, 6),
	(1924, 'PUCANGLABAN', 100, 6),
	(1925, 'REJOTANGAN', 100, 6),
	(1926, 'SENDANG', 100, 6),
	(1927, 'SUMBERGEMPOL', 100, 6),
	(1928, 'TANGGUNG GUNUNG', 100, 6),
	(1929, 'TULUNGAGUNG', 100, 6),
	(1930, 'ABIANSEMAL', 101, 7),
	(1931, 'KUTA', 101, 7),
	(1932, 'KUTA SELATAN', 101, 7),
	(1933, 'KUTA UTARA', 101, 7),
	(1934, 'MENGWI', 101, 7),
	(1935, 'PETANG', 101, 7),
	(1936, 'BANGLI', 102, 7),
	(1937, 'KINTAMANI', 102, 7),
	(1938, 'SUSUT', 102, 7),
	(1939, 'TEMBUKU', 102, 7),
	(1940, 'BANJAR', 103, 7),
	(1941, 'BULELENG', 103, 7),
	(1942, 'BUSUNGBIU', 103, 7),
	(1943, 'GEROKGAK', 103, 7),
	(1944, 'KUBUTAMBAHAN', 103, 7),
	(1945, 'SAWAN', 103, 7),
	(1946, 'SERIRIT', 103, 7),
	(1947, 'SUKASADA', 103, 7),
	(1948, 'TEJAKULA', 103, 7),
	(1949, 'DENPASAR BARAT', 104, 7),
	(1950, 'DENPASAR SELATAN', 104, 7),
	(1951, 'DENPASAR TIMUR', 104, 7),
	(1952, 'DENPASAR UTARA', 104, 7),
	(1953, 'BELAH BATUH (BLAHBATUH)', 105, 7),
	(1954, 'GIANYAR', 105, 7),
	(1955, 'PAYANGAN', 105, 7),
	(1956, 'SUKAWATI', 105, 7),
	(1957, 'TAMPAK SIRING', 105, 7),
	(1958, 'TEGALLALANG', 105, 7),
	(1959, 'UBUD', 105, 7),
	(1960, 'JEMBRANA', 106, 7),
	(1961, 'MELAYA', 106, 7),
	(1962, 'MENDOYO', 106, 7),
	(1963, 'NEGARA', 106, 7),
	(1964, 'PEKUTATAN', 106, 7),
	(1965, 'ABANG', 107, 7),
	(1966, 'BEBANDEM', 107, 7),
	(1967, 'KARANG ASEM', 107, 7),
	(1968, 'MANGGIS', 107, 7),
	(1969, 'RENDANG', 107, 7),
	(1970, 'SELAT', 107, 7),
	(1971, 'SIDEMEN', 107, 7),
	(1972, 'BANJARANGKAN', 108, 7),
	(1973, 'DAWAN', 108, 7),
	(1974, 'KLUNGKUNG', 108, 7),
	(1975, 'NUSAPENIDA', 108, 7),
	(1976, 'BATURITI', 109, 7),
	(1977, 'KERAMBITAN', 109, 7),
	(1978, 'MARGA', 109, 7),
	(1979, 'PENEBEL', 109, 7),
	(1980, 'PUPUAN', 109, 7),
	(1981, 'SELEMADEG', 109, 7),
	(1982, 'SELEMADEG / SALAMADEG TIMUR', 109, 7),
	(1983, 'SELEMADEG / SALEMADEG BARAT', 109, 7),
	(1984, 'TABANAN', 109, 7),
	(1985, 'ARONGAN LAMBALEK', 110, 8),
	(1986, 'BUBON', 110, 8),
	(1987, 'JOHAN PAHLAWAN', 110, 8),
	(1988, 'KAWAY XVI', 110, 8),
	(1989, 'MEUREUBO', 110, 8),
	(1990, 'PANTE CEUREUMEN (PANTAI CEUREMEN)', 110, 8),
	(1991, 'PANTON REU', 110, 8),
	(1992, 'SAMATIGA', 110, 8),
	(1993, 'SUNGAI MAS', 110, 8),
	(1994, 'WOYLA', 110, 8),
	(1995, 'WOYLA BARAT', 110, 8),
	(1996, 'WOYLA TIMUR', 110, 8),
	(1997, 'BABAH ROT', 111, 8),
	(1998, 'BLANG PIDIE', 111, 8),
	(1999, 'KUALA BATEE', 111, 8),
	(2000, 'LEMBAH SABIL', 111, 8),
	(2001, 'MANGGENG', 111, 8),
	(2002, 'SETIA', 111, 8),
	(2003, 'SUSOH', 111, 8),
	(2004, 'TANGAN-TANGAN', 111, 8),
	(2005, 'BAITUSSALAM', 112, 8),
	(2006, 'BLANK BINTANG', 112, 8),
	(2007, 'DARUL IMARAH', 112, 8),
	(2008, 'DARUL KAMAL', 112, 8),
	(2009, 'DARUSSALAM', 112, 8),
	(2010, 'INDRAPURI', 112, 8),
	(2011, 'INGIN JAYA', 112, 8),
	(2012, 'KOTA COT GLIE (KUTA COT GLIE)', 112, 8),
	(2013, 'KOTA JANTHO', 112, 8),
	(2014, 'KOTA MALAKA (KUTA MALAKA)', 112, 8),
	(2015, 'KRUENG BARONA JAYA', 112, 8),
	(2016, 'KUTA BARO', 112, 8),
	(2017, 'LEMBAH SEULAWAH', 112, 8),
	(2018, 'LEUPUNG', 112, 8),
	(2019, 'LHOKNGA (LHO\\NGA)', 112, 8),
	(2020, 'LHOONG', 112, 8),
	(2021, 'MANTASIEK (MONTASIK)', 112, 8),
	(2022, 'MESJID RAYA', 112, 8),
	(2023, 'PEUKAN BADA', 112, 8),
	(2024, 'PULO ACEH', 112, 8),
	(2025, 'SEULIMEUM', 112, 8),
	(2026, 'SUKA MAKMUR', 112, 8),
	(2027, 'DARUL HIKMAH', 113, 8),
	(2028, 'INDRA JAYA', 113, 8),
	(2029, 'JAYA', 113, 8),
	(2030, 'KEUDE PANGA', 113, 8),
	(2031, 'KRUENG SABEE', 113, 8),
	(2032, 'PASIE RAYA', 113, 8),
	(2033, 'SAMPOINIET', 113, 8),
	(2034, 'SETIA BAKTI', 113, 8),
	(2035, 'TEUNOM', 113, 8),
	(2036, 'BAKONGAN', 114, 8),
	(2037, 'BAKONGAN TIMUR', 114, 8),
	(2038, 'KLUET SELATAN', 114, 8),
	(2039, 'KLUET TENGAH', 114, 8),
	(2040, 'KLUET TIMUR', 114, 8),
	(2041, 'KLUET UTARA', 114, 8),
	(2042, 'KOTA BAHAGIA', 114, 8),
	(2043, 'LABUHAN HAJI BARAT', 114, 8),
	(2044, 'LABUHAN HAJI TIMUR', 114, 8),
	(2045, 'MEUKEK', 114, 8),
	(2046, 'PASIE RAJA', 114, 8),
	(2047, 'SAMA DUA', 114, 8),
	(2048, 'TAPAK TUAN', 114, 8),
	(2049, 'TRUMON', 114, 8),
	(2050, 'TRUMON TENGAH', 114, 8),
	(2051, 'TRUMON TIMUR', 114, 8),
	(2052, 'DANAU PARIS', 115, 8),
	(2053, 'GUNUNG MERIAH (MARIAH)', 115, 8),
	(2054, 'KOTA BAHARU', 115, 8),
	(2055, 'KUALA BARU', 115, 8),
	(2056, 'PULAU BANYAK', 115, 8),
	(2057, 'PULAU BANYAK BARAT', 115, 8),
	(2058, 'SINGKIL UTARA', 115, 8),
	(2059, 'SINGKOHOR', 115, 8),
	(2060, 'SURO MAKMUR', 115, 8),
	(2061, 'BANDA MULIA', 116, 8),
	(2062, 'BANDAR PUSAKA', 116, 8),
	(2063, 'BENDAHARA', 116, 8),
	(2064, 'KARANG BARU', 116, 8),
	(2065, 'KEJURUAN MUDA', 116, 8),
	(2066, 'KOTA KUALA SIMPANG', 116, 8),
	(2067, 'MANYAK PAYED', 116, 8),
	(2068, 'RANTAU', 116, 8),
	(2069, 'SEKERAK', 116, 8),
	(2070, 'SERUWAY', 116, 8),
	(2071, 'TAMIANG HULU', 116, 8),
	(2072, 'TENGGULUN', 116, 8),
	(2073, 'ATU LINTANG', 117, 8),
	(2074, 'BEBESEN', 117, 8),
	(2075, 'BIES', 117, 8),
	(2076, 'BINTANG', 117, 8),
	(2077, 'CELALA', 117, 8),
	(2078, 'JAGONG JEGET', 117, 8),
	(2079, 'KEBAYAKAN', 117, 8),
	(2080, 'KETOL', 117, 8),
	(2081, 'KUTE PANANG', 117, 8),
	(2082, 'LINGE', 117, 8),
	(2083, 'LUT TAWAR', 117, 8),
	(2084, 'PEGASING', 117, 8),
	(2085, 'RUSIP ANTARA', 117, 8),
	(2086, 'SILIH NARA', 117, 8),
	(2087, 'BABUL MAKMUR', 118, 8),
	(2088, 'BABUL RAHMAH', 118, 8),
	(2089, 'BABUSSALAM', 118, 8),
	(2090, 'BADAR', 118, 8),
	(2091, 'BAMBEL', 118, 8),
	(2092, 'BUKIT TUSAM', 118, 8),
	(2093, 'DARUL HASANAH', 118, 8),
	(2094, 'DELENG POKHISEN', 118, 8),
	(2095, 'KETAMBE', 118, 8),
	(2096, 'LAWE ALAS', 118, 8),
	(2097, 'LAWE BULAN', 118, 8),
	(2098, 'LAWE SIGALA-GALA', 118, 8),
	(2099, 'LAWE SUMUR', 118, 8),
	(2100, 'LEUSER', 118, 8),
	(2101, 'SEMADAM', 118, 8),
	(2102, 'TANAH ALAS', 118, 8),
	(2103, 'BANDA ALAM', 119, 8),
	(2104, 'BIREM BAYEUN', 119, 8),
	(2105, 'DARUL AMAN', 119, 8),
	(2106, 'DARUL FALAH', 119, 8),
	(2107, 'DARUL IKSAN (IHSAN)', 119, 8),
	(2108, 'IDI RAYEUK', 119, 8),
	(2109, 'IDI TIMUR', 119, 8),
	(2110, 'IDI TUNONG', 119, 8),
	(2111, 'INDRA MAKMUR', 119, 8),
	(2112, 'JULOK', 119, 8),
	(2113, 'MADAT', 119, 8),
	(2114, 'NURUSSALAM', 119, 8),
	(2115, 'PANTE BIDARI (BEUDARI)', 119, 8),
	(2116, 'PEUDAWA', 119, 8),
	(2117, 'PEUNARON', 119, 8),
	(2118, 'PEUREULAK', 119, 8),
	(2119, 'PEUREULAK BARAT', 119, 8),
	(2120, 'PEUREULAK TIMUR', 119, 8),
	(2121, 'RANTAU SELAMAT', 119, 8),
	(2122, 'RANTO PEUREULAK', 119, 8),
	(2123, 'SERBA JADI', 119, 8),
	(2124, 'SIMPANG JERNIH', 119, 8),
	(2125, 'SIMPANG ULIM', 119, 8),
	(2126, 'BAKTIYA', 120, 8),
	(2127, 'BAKTIYA BARAT', 120, 8),
	(2128, 'BANDA BARO', 120, 8),
	(2129, 'COT GIREK', 120, 8),
	(2130, 'DEWANTARA', 120, 8),
	(2131, 'GEUREDONG PASE', 120, 8),
	(2132, 'KUTA MAKMUR', 120, 8),
	(2133, 'LANGKAHAN', 120, 8),
	(2134, 'LAPANG', 120, 8),
	(2135, 'LHOKSUKON', 120, 8),
	(2136, 'MATANGKULI', 120, 8),
	(2137, 'MEURAH MULIA', 120, 8),
	(2138, 'MUARA BATU', 120, 8),
	(2139, 'NIBONG', 120, 8),
	(2140, 'NISAM', 120, 8),
	(2141, 'NISAM ANTARA', 120, 8),
	(2142, 'PAYA BAKONG', 120, 8),
	(2143, 'PIRAK TIMUR', 120, 8),
	(2144, 'SAMUDERA', 120, 8),
	(2145, 'SAWANG', 120, 8),
	(2146, 'SEUNUDDON (SEUNUDON)', 120, 8),
	(2147, 'SIMPANG KRAMAT (KERAMAT)', 120, 8),
	(2148, 'SYAMTALIRA ARON', 120, 8),
	(2149, 'SYAMTALIRA BAYU', 120, 8),
	(2150, 'TANAH JAMBO AYE', 120, 8),
	(2151, 'TANAH LUAS', 120, 8),
	(2152, 'TANAH PASIR', 120, 8),
	(2153, 'BAITURRAHMAN', 121, 8),
	(2154, 'BANDA RAYA', 121, 8),
	(2155, 'JAYA BARU', 121, 8),
	(2156, 'KUTA ALAM', 121, 8),
	(2157, 'KUTA RAJA', 121, 8),
	(2158, 'LUENG BATA', 121, 8),
	(2159, 'MEURAXA', 121, 8),
	(2160, 'SYIAH KUALA', 121, 8),
	(2161, 'ULEE KARENG', 121, 8),
	(2162, 'BENER KELIPAH', 122, 8),
	(2163, 'BUKIT', 122, 8),
	(2164, 'GAJAH PUTIH', 122, 8),
	(2165, 'MESIDAH', 122, 8),
	(2166, 'PERMATA', 122, 8),
	(2167, 'PINTU RIME GAYO', 122, 8),
	(2168, 'SYIAH UTAMA', 122, 8),
	(2169, 'TIMANG GAJAH', 122, 8),
	(2170, 'WIH PESAM', 122, 8),
	(2171, 'GANDA PURA', 123, 8),
	(2172, 'JANGKA', 123, 8),
	(2173, 'JEUMPA', 123, 8),
	(2174, 'JEUNIEB', 123, 8),
	(2175, 'JULI', 123, 8),
	(2176, 'KOTA JUANG', 123, 8),
	(2177, 'KUALA', 123, 8),
	(2178, 'KUTA BLANG', 123, 8),
	(2179, 'MAKMUR', 123, 8),
	(2180, 'PANDRAH', 123, 8),
	(2181, 'PEUDADA', 123, 8),
	(2182, 'PEULIMBANG (PLIMBANG)', 123, 8),
	(2183, 'PEUSANGAN', 123, 8),
	(2184, 'PEUSANGAN SELATAN', 123, 8),
	(2185, 'PEUSANGAN SIBLAH KRUENG', 123, 8),
	(2186, 'SAMALANGA', 123, 8),
	(2187, 'SIMPANG MAMPLAM', 123, 8),
	(2188, 'BLANG JERANGO', 124, 8),
	(2189, 'BLANG KEJEREN', 124, 8),
	(2190, 'BLANG PEGAYON', 124, 8),
	(2191, 'DABUN GELANG (DEBUN GELANG)', 124, 8),
	(2192, 'KUTA PANJANG', 124, 8),
	(2193, 'PANTAN CUACA', 124, 8),
	(2194, 'PINING (PINDING)', 124, 8),
	(2195, 'PUTRI BETUNG', 124, 8),
	(2196, 'RIKIT GAIB', 124, 8),
	(2197, 'TERANGUN (TERANGON)', 124, 8),
	(2198, 'TERIPE/TRIPE JAYA', 124, 8),
	(2199, 'LANGSA BARAT', 125, 8),
	(2200, 'LANGSA BARO', 125, 8),
	(2201, 'LANGSA KOTA', 125, 8),
	(2202, 'LANGSA LAMA', 125, 8),
	(2203, 'LANGSA TIMUR', 125, 8),
	(2204, 'BANDA SAKTI', 126, 8),
	(2205, 'BLANG MANGAT', 126, 8),
	(2206, 'MUARA DUA', 126, 8),
	(2207, 'MUARA SATU', 126, 8),
	(2208, 'BEUTONG', 127, 8),
	(2209, 'BEUTONG ATEUH BANGGALANG', 127, 8),
	(2210, 'DARUL MAKMUR', 127, 8),
	(2211, 'KUALA PESISIR', 127, 8),
	(2212, 'SEUNAGAN', 127, 8),
	(2213, 'SEUNAGAN TIMUR', 127, 8),
	(2214, 'SUKA MAKMUE', 127, 8),
	(2215, 'TADU RAYA', 127, 8),
	(2216, 'TRIPA MAKMUR', 127, 8),
	(2217, 'BATEE', 128, 8),
	(2218, 'DELIMA', 128, 8),
	(2219, 'GEUMPANG', 128, 8),
	(2220, 'GLUMPANG BARO', 128, 8),
	(2221, 'GLUMPANG TIGA (GEULUMPANG TIGA)', 128, 8),
	(2222, 'GRONG GRONG', 128, 8),
	(2223, 'INDRAJAYA', 128, 8),
	(2224, 'KEMBANG TANJONG (TANJUNG)', 128, 8),
	(2225, 'KEUMALA', 128, 8),
	(2226, 'KOTA SIGLI', 128, 8),
	(2227, 'MANE', 128, 8),
	(2228, 'MILA', 128, 8),
	(2229, 'MUARA TIGA', 128, 8),
	(2230, 'MUTIARA', 128, 8),
	(2231, 'MUTIARA TIMUR', 128, 8),
	(2232, 'PADANG TIJI', 128, 8),
	(2233, 'PEUKAN BARO', 128, 8),
	(2234, 'PIDIE', 128, 8),
	(2235, 'SAKTI', 128, 8),
	(2236, 'SIMPANG TIGA', 128, 8),
	(2237, 'TANGSE', 128, 8),
	(2238, 'TIRO/TRUSEB', 128, 8),
	(2239, 'TITEUE', 128, 8),
	(2240, 'BANDAR BARU', 129, 8),
	(2241, 'BANDAR DUA', 129, 8),
	(2242, 'JANGKA BUYA', 129, 8),
	(2243, 'MEURAH DUA', 129, 8),
	(2244, 'MEUREUDU', 129, 8),
	(2245, 'PANTERAJA', 129, 8),
	(2246, 'TRIENGGADENG', 129, 8),
	(2247, 'ULIM', 129, 8),
	(2248, 'SUKAJAYA', 130, 8),
	(2249, 'ALAPAN (ALAFAN)', 131, 8),
	(2250, 'SALANG', 131, 8),
	(2251, 'SIMEULEU BARAT', 131, 8),
	(2252, 'SIMEULEU TENGAH', 131, 8),
	(2253, 'SIMEULEU TIMUR', 131, 8),
	(2254, 'SIMEULUE CUT', 131, 8),
	(2255, 'TELUK DALAM', 131, 8),
	(2256, 'TEUPAH BARAT', 131, 8),
	(2257, 'TEUPAH SELATAN', 131, 8),
	(2258, 'TEUPAH TENGAH', 131, 8),
	(2259, 'LONGKIB', 132, 8),
	(2260, 'PENANGGALAN', 132, 8),
	(2261, 'RUNDENG', 132, 8),
	(2262, 'SIMPANG KIRI', 132, 8),
	(2263, 'SULTAN DAULAT', 132, 8),
	(2264, 'AEK KUASAN', 133, 9),
	(2265, 'AEK LEDONG', 133, 9),
	(2266, 'AEK SONGSONGAN', 133, 9),
	(2267, 'AIR BATU', 133, 9),
	(2268, 'AIR JOMAN', 133, 9),
	(2269, 'BANDAR PASIR MANDOGE', 133, 9),
	(2270, 'BANDAR PULAU', 133, 9),
	(2271, 'BUNTU PANE', 133, 9),
	(2272, 'KISARAN BARAT KOTA', 133, 9),
	(2273, 'KISARAN TIMUR KOTA', 133, 9),
	(2274, 'PULAU RAKYAT', 133, 9),
	(2275, 'PULO BANDRING', 133, 9),
	(2276, 'RAHUNING', 133, 9),
	(2277, 'RAWANG PANCA ARGA', 133, 9),
	(2278, 'SEI DADAP', 133, 9),
	(2279, 'SEI KEPAYANG', 133, 9),
	(2280, 'SEI KEPAYANG BARAT', 133, 9),
	(2281, 'SEI KEPAYANG TIMUR', 133, 9),
	(2282, 'SETIA JANJI', 133, 9),
	(2283, 'SILAU LAUT', 133, 9),
	(2284, 'TANJUNG BALAI', 133, 9),
	(2285, 'TINGGI RAJA', 133, 9),
	(2286, 'AIR PUTIH', 134, 9),
	(2287, 'LIMAPULUH', 134, 9),
	(2288, 'MEDANG DERAS', 134, 9),
	(2289, 'SEI BALAI', 134, 9),
	(2290, 'SEI SUKA', 134, 9),
	(2291, 'TANJUNG TIRAM', 134, 9),
	(2292, 'BINJAI BARAT', 135, 9),
	(2293, 'BINJAI KOTA', 135, 9),
	(2294, 'BINJAI SELATAN', 135, 9),
	(2295, 'BINJAI TIMUR', 135, 9),
	(2296, 'BINJAI UTARA', 135, 9),
	(2297, 'BERAMPU (BRAMPU)', 136, 9),
	(2298, 'GUNUNG SITEMBER', 136, 9),
	(2299, 'LAE PARIRA', 136, 9),
	(2300, 'PARBULUAN', 136, 9),
	(2301, 'PEGAGAN HILIR', 136, 9),
	(2302, 'SIDIKALANG', 136, 9),
	(2303, 'SIEMPAT NEMPU', 136, 9),
	(2304, 'SIEMPAT NEMPU HILIR', 136, 9),
	(2305, 'SIEMPAT NEMPU HULU', 136, 9),
	(2306, 'SILAHI SABUNGAN', 136, 9),
	(2307, 'SILIMA PUNGGA-PUNGGA', 136, 9),
	(2308, 'SITINJO', 136, 9),
	(2309, 'SUMBUL', 136, 9),
	(2310, 'TANAH PINEM', 136, 9),
	(2311, 'TIGA LINGGA', 136, 9),
	(2312, 'BATANG KUIS', 137, 9),
	(2313, 'BERINGIN', 137, 9),
	(2314, 'BIRU-BIRU', 137, 9),
	(2315, 'DELI TUA', 137, 9),
	(2316, 'GUNUNG MERIAH', 137, 9),
	(2317, 'HAMPARAN PERAK', 137, 9),
	(2318, 'KUTALIMBARU', 137, 9),
	(2319, 'LABUHAN DELI', 137, 9),
	(2320, 'LUBUK PAKAM', 137, 9),
	(2321, 'NAMO RAMBE', 137, 9),
	(2322, 'PAGAR MERBAU', 137, 9),
	(2323, 'PANCUR BATU', 137, 9),
	(2324, 'PANTAI LABU', 137, 9),
	(2325, 'PATUMBAK', 137, 9),
	(2326, 'PERCUT SEI TUAN', 137, 9),
	(2327, 'SIBOLANGIT', 137, 9),
	(2328, 'SINEMBAH TANJUNG MUDA HILIR', 137, 9),
	(2329, 'SINEMBAH TANJUNG MUDA HULU', 137, 9),
	(2330, 'SUNGGAL', 137, 9),
	(2331, 'TANJUNG MORAWA', 137, 9),
	(2332, 'GUNUNGSITOLI', 138, 9),
	(2333, 'GUNUNGSITOLI ALO\\OA', 138, 9),
	(2334, 'GUNUNGSITOLI BARAT', 138, 9),
	(2335, 'GUNUNGSITOLI IDANOI', 138, 9),
	(2336, 'GUNUNGSITOLI SELATAN', 138, 9),
	(2337, 'GUNUNGSITOLI UTARA', 138, 9),
	(2338, 'BAKTI RAJA', 139, 9),
	(2339, 'DOLOK SANGGUL', 139, 9),
	(2340, 'LINTONG NIHUTA', 139, 9),
	(2341, 'ONAN GANJANG', 139, 9),
	(2342, 'PAKKAT', 139, 9),
	(2343, 'PARANGINAN', 139, 9),
	(2344, 'PARLILITAN', 139, 9),
	(2345, 'POLLUNG', 139, 9),
	(2346, 'SIJAMA POLANG', 139, 9),
	(2347, 'TARA BINTANG', 139, 9),
	(2348, 'BARUS JAHE', 140, 9),
	(2349, 'BRASTAGI (BERASTAGI)', 140, 9),
	(2350, 'DOLAT RAYAT', 140, 9),
	(2351, 'JUHAR', 140, 9),
	(2352, 'KABANJAHE', 140, 9),
	(2353, 'KUTA BULUH', 140, 9),
	(2354, 'LAUBALENG', 140, 9),
	(2355, 'MARDINDING', 140, 9),
	(2356, 'MERDEKA', 140, 9),
	(2357, 'MEREK', 140, 9),
	(2358, 'MUNTE', 140, 9),
	(2359, 'NAMA TERAN', 140, 9),
	(2360, 'TIGA BINANGA', 140, 9),
	(2361, 'TIGA PANAH', 140, 9),
	(2362, 'TIGANDERKET', 140, 9),
	(2363, 'BILAH BARAT', 141, 9),
	(2364, 'BILAH HILIR', 141, 9),
	(2365, 'BILAH HULU', 141, 9),
	(2366, 'PANAI HILIR', 141, 9),
	(2367, 'PANAI HULU', 141, 9),
	(2368, 'PANAI TENGAH', 141, 9),
	(2369, 'PANGKATAN', 141, 9),
	(2370, 'RANTAU SELATAN', 141, 9),
	(2371, 'RANTAU UTARA', 141, 9),
	(2372, 'KAMPUNG RAKYAT', 142, 9),
	(2373, 'KOTA PINANG', 142, 9),
	(2374, 'SEI/SUNGAI KANAN', 142, 9),
	(2375, 'SILANGKITANG', 142, 9),
	(2376, 'TORGAMBA', 142, 9),
	(2377, 'AEK KUO', 143, 9),
	(2378, 'AEK NATAS', 143, 9),
	(2379, 'KUALA LEDONG (KUALUH LEIDONG)', 143, 9),
	(2380, 'KUALUH HILIR', 143, 9),
	(2381, 'KUALUH HULU', 143, 9),
	(2382, 'KUALUH SELATAN', 143, 9),
	(2383, 'MARBAU', 143, 9),
	(2384, 'NA IX-X', 143, 9),
	(2385, 'BABALAN', 144, 9),
	(2386, 'BAHOROK', 144, 9),
	(2387, 'BATANG SERANGAN', 144, 9),
	(2388, 'BESITANG', 144, 9),
	(2389, 'BINJAI', 144, 9),
	(2390, 'BRANDAN BARAT', 144, 9),
	(2391, 'HINAI', 144, 9),
	(2392, 'KUTAMBARU', 144, 9),
	(2393, 'PADANG TUALANG', 144, 9),
	(2394, 'PANGKALAN SUSU', 144, 9),
	(2395, 'PEMATANG JAYA', 144, 9),
	(2396, 'SALAPIAN', 144, 9),
	(2397, 'SAWIT SEBERANG', 144, 9),
	(2398, 'SECANGGANG', 144, 9),
	(2399, 'SEI BINGE (BINGAI)', 144, 9),
	(2400, 'SEI LEPAN', 144, 9),
	(2401, 'SELESAI', 144, 9),
	(2402, 'SIRAPIT (SERAPIT)', 144, 9),
	(2403, 'STABAT', 144, 9),
	(2404, 'TANJUNGPURA', 144, 9),
	(2405, 'WAMPU', 144, 9),
	(2406, 'BATAHAN', 145, 9),
	(2407, 'BATANG NATAL', 145, 9),
	(2408, 'BUKIT MALINTANG', 145, 9),
	(2409, 'HUTA BARGOT', 145, 9),
	(2410, 'KOTANOPAN', 145, 9),
	(2411, 'LANGGA BAYU (LINGGA BAYU)', 145, 9),
	(2412, 'LEMBAH SORIK MERAPI', 145, 9),
	(2413, 'MUARA BATANG GADIS', 145, 9),
	(2414, 'MUARA SIPONGI', 145, 9),
	(2415, 'NAGA JUANG', 145, 9),
	(2416, 'NATAL', 145, 9),
	(2417, 'PAKANTAN', 145, 9),
	(2418, 'PANYABUNGAN BARAT', 145, 9),
	(2419, 'PANYABUNGAN KOTA', 145, 9),
	(2420, 'PANYABUNGAN SELATAN', 145, 9),
	(2421, 'PANYABUNGAN TIMUR', 145, 9),
	(2422, 'PANYABUNGAN UTARA', 145, 9),
	(2423, 'PUNCAK SORIK MARAPI/MERAPI', 145, 9),
	(2424, 'RANTO BAEK/BAIK', 145, 9),
	(2425, 'SIABU', 145, 9),
	(2426, 'SINUNUKAN', 145, 9),
	(2427, 'TAMBANGAN', 145, 9),
	(2428, 'ULU PUNGKUT', 145, 9),
	(2429, 'MEDAN AMPLAS', 146, 9),
	(2430, 'MEDAN AREA', 146, 9),
	(2431, 'MEDAN BARAT', 146, 9),
	(2432, 'MEDAN BARU', 146, 9),
	(2433, 'MEDAN BELAWAN KOTA', 146, 9),
	(2434, 'MEDAN DELI', 146, 9),
	(2435, 'MEDAN DENAI', 146, 9),
	(2436, 'MEDAN HELVETIA', 146, 9),
	(2437, 'MEDAN JOHOR', 146, 9),
	(2438, 'MEDAN KOTA', 146, 9),
	(2439, 'MEDAN LABUHAN', 146, 9),
	(2440, 'MEDAN MAIMUN', 146, 9),
	(2441, 'MEDAN MARELAN', 146, 9),
	(2442, 'MEDAN PERJUANGAN', 146, 9),
	(2443, 'MEDAN PETISAH', 146, 9),
	(2444, 'MEDAN POLONIA', 146, 9),
	(2445, 'MEDAN SELAYANG', 146, 9),
	(2446, 'MEDAN SUNGGAL', 146, 9),
	(2447, 'MEDAN TEMBUNG', 146, 9),
	(2448, 'MEDAN TIMUR', 146, 9),
	(2449, 'MEDAN TUNTUNGAN', 146, 9),
	(2450, 'BAWOLATO', 147, 9),
	(2451, 'BOTOMUZOI', 147, 9),
	(2452, 'GIDO', 147, 9),
	(2453, 'HILI SERANGKAI (HILISARANGGU)', 147, 9),
	(2454, 'HILIDUHO', 147, 9),
	(2455, 'IDANO GAWO', 147, 9),
	(2456, 'MA\\U', 147, 9),
	(2457, 'SOGAE ADU (SOGAEADU)', 147, 9),
	(2458, 'SOMOLO-MOLO (SAMOLO)', 147, 9),
	(2459, 'ULUGAWO', 147, 9),
	(2460, 'LAHOMI (GAHORI)', 148, 9),
	(2461, 'LOLOFITU MOI', 148, 9),
	(2462, 'MANDREHE', 148, 9),
	(2463, 'MANDREHE BARAT', 148, 9),
	(2464, 'MANDREHE UTARA', 148, 9),
	(2465, 'MORO\\O', 148, 9),
	(2466, 'SIROMBU', 148, 9),
	(2467, 'ULU MORO\\O (ULU NARWO)', 148, 9),
	(2468, 'AMANDRAYA', 149, 9),
	(2469, 'ARAMO', 149, 9),
	(2470, 'BORONADU', 149, 9),
	(2471, 'FANAYAMA', 149, 9),
	(2472, 'GOMO', 149, 9),
	(2473, 'HIBALA', 149, 9),
	(2474, 'HILIMEGAI', 149, 9),
	(2475, 'HILISALAWA\\AHE (HILISALAWAAHE)', 149, 9),
	(2476, 'HURUNA', 149, 9),
	(2477, 'LAHUSA', 149, 9),
	(2478, 'LOLOMATUA', 149, 9),
	(2479, 'LOLOWAU', 149, 9),
	(2480, 'MANIAMOLO', 149, 9),
	(2481, 'MAZINO', 149, 9),
	(2482, 'MAZO', 149, 9),
	(2483, 'O\\O\\U (OOU)', 149, 9),
	(2484, 'ONOHAZUMBA', 149, 9),
	(2485, 'PULAU-PULAU BATU', 149, 9),
	(2486, 'PULAU-PULAU BATU BARAT', 149, 9),
	(2487, 'PULAU-PULAU BATU TIMUR', 149, 9),
	(2488, 'PULAU-PULAU BATU UTARA', 149, 9),
	(2489, 'SIDUA\\ORI', 149, 9),
	(2490, 'SIMUK', 149, 9),
	(2491, 'SOMAMBAWA', 149, 9),
	(2492, 'SUSUA', 149, 9),
	(2493, 'TANAH MASA', 149, 9),
	(2494, 'TOMA', 149, 9),
	(2495, 'ULUNOYO', 149, 9),
	(2496, 'ULUSUSUA', 149, 9),
	(2497, 'UMBUNASI', 149, 9),
	(2498, 'AFULU', 150, 9),
	(2499, 'ALASA', 150, 9),
	(2500, 'ALASA TALUMUZOI', 150, 9),
	(2501, 'LAHEWA', 150, 9),
	(2502, 'LAHEWA TIMUR', 150, 9),
	(2503, 'LOTU', 150, 9),
	(2504, 'NAMOHALU ESIWA', 150, 9),
	(2505, 'SAWO', 150, 9),
	(2506, 'SITOLU ORI', 150, 9),
	(2507, 'TUGALA OYO', 150, 9),
	(2508, 'TUHEMBERUA', 150, 9),
	(2509, 'AEK NABARA BARUMUN', 151, 9),
	(2510, 'BARUMUN', 151, 9),
	(2511, 'BARUMUN SELATAN', 151, 9),
	(2512, 'BARUMUN TENGAH', 151, 9),
	(2513, 'BATANG LUBU SUTAM', 151, 9),
	(2514, 'HURISTAK', 151, 9),
	(2515, 'HUTA RAJA TINGGI', 151, 9),
	(2516, 'LUBUK BARUMUN', 151, 9),
	(2517, 'SIHAPAS BARUMUN', 151, 9),
	(2518, 'SOSA', 151, 9),
	(2519, 'SOSOPAN', 151, 9),
	(2520, 'ULU BARUMUN', 151, 9),
	(2521, 'BATANG ONANG', 152, 9),
	(2522, 'DOLOK', 152, 9),
	(2523, 'DOLOK SIGOMPULON', 152, 9),
	(2524, 'HALONGONAN', 152, 9),
	(2525, 'HULU SIHAPAS', 152, 9),
	(2526, 'PADANG BOLAK', 152, 9),
	(2527, 'PADANG BOLAK JULU', 152, 9),
	(2528, 'PORTIBI', 152, 9),
	(2529, 'SIMANGAMBAT', 152, 9),
	(2530, 'PADANG SIDEMPUAN ANGKOLA JULU', 153, 9),
	(2531, 'PADANG SIDEMPUAN BATUNADUA', 153, 9),
	(2532, 'PADANG SIDEMPUAN HUTAIMBARU', 153, 9),
	(2533, 'PADANG SIDEMPUAN SELATAN', 153, 9),
	(2534, 'PADANG SIDEMPUAN TENGGARA', 153, 9),
	(2535, 'PADANG SIDEMPUAN UTARA (PADANGSIDIMPUAN)', 153, 9),
	(2536, 'KERAJAAN', 154, 9),
	(2537, 'PAGINDAR', 154, 9),
	(2538, 'PERGETTENG GETTENG SENGKUT', 154, 9),
	(2539, 'SALAK', 154, 9),
	(2540, 'SIEMPAT RUBE', 154, 9),
	(2541, 'SITELLU TALI URANG JEHE', 154, 9),
	(2542, 'SITELLU TALI URANG JULU', 154, 9),
	(2543, 'TINADA', 154, 9),
	(2544, 'SIANTAR BARAT', 155, 9),
	(2545, 'SIANTAR MARIHAT', 155, 9),
	(2546, 'SIANTAR MARIMBUN', 155, 9),
	(2547, 'SIANTAR MARTOBA', 155, 9),
	(2548, 'SIANTAR SELATAN', 155, 9),
	(2549, 'SIANTAR SITALASARI', 155, 9),
	(2550, 'SIANTAR TIMUR', 155, 9),
	(2551, 'SIANTAR UTARA', 155, 9),
	(2552, 'HARIAN', 156, 9),
	(2553, 'NAINGGOLAN', 156, 9),
	(2554, 'ONAN RUNGGU', 156, 9),
	(2555, 'PALIPI', 156, 9),
	(2556, 'PANGURURAN', 156, 9),
	(2557, 'RONGGUR NIHUTA', 156, 9),
	(2558, 'SIANJUR MULA-MULA', 156, 9),
	(2559, 'SIMANINDO', 156, 9),
	(2560, 'SITIO-TIO', 156, 9),
	(2561, 'BANDAR KHALIFAH', 157, 9),
	(2562, 'BINTANG BAYU', 157, 9),
	(2563, 'DOLOK MASIHUL', 157, 9),
	(2564, 'DOLOK MERAWAN', 157, 9),
	(2565, 'KOTARIH', 157, 9),
	(2566, 'PEGAJAHAN', 157, 9),
	(2567, 'PERBAUNGAN', 157, 9),
	(2568, 'SEI BAMBAN', 157, 9),
	(2569, 'SEI RAMPAH', 157, 9),
	(2570, 'SILINDA', 157, 9),
	(2571, 'SIPISPIS', 157, 9),
	(2572, 'TANJUNG BERINGIN', 157, 9),
	(2573, 'TEBING SYAHBANDAR', 157, 9),
	(2574, 'TELUK MENGKUDU', 157, 9),
	(2575, 'SIBOLGA KOTA', 158, 9),
	(2576, 'SIBOLGA SAMBAS', 158, 9),
	(2577, 'SIBOLGA SELATAN', 158, 9),
	(2578, 'SIBOLGA UTARA', 158, 9),
	(2579, 'BANDAR HULUAN', 159, 9),
	(2580, 'BANDAR MASILAM', 159, 9),
	(2581, 'BOSAR MALIGAS', 159, 9),
	(2582, 'DOLOK BATU NANGGAR', 159, 9),
	(2583, 'DOLOK PANRIBUAN', 159, 9),
	(2584, 'DOLOK PARDAMEAN', 159, 9),
	(2585, 'DOLOK SILAU', 159, 9),
	(2586, 'GIRSANG SIPANGAN BOLON', 159, 9),
	(2587, 'GUNUNG MALELA', 159, 9),
	(2588, 'GUNUNG MALIGAS', 159, 9),
	(2589, 'HARANGGAOL HORISON', 159, 9),
	(2590, 'HATONDUHAN', 159, 9),
	(2591, 'HUTA BAYU RAJA', 159, 9),
	(2592, 'JAWA MARAJA BAH JAMBI', 159, 9),
	(2593, 'JORLANG HATARAN', 159, 9),
	(2594, 'PANEI', 159, 9),
	(2595, 'PANOMBEIAN PANEI', 159, 9),
	(2596, 'PEMATANG BANDAR', 159, 9),
	(2597, 'PEMATANG SIDAMANIK', 159, 9),
	(2598, 'PEMATANG SILIMA HUTA', 159, 9),
	(2599, 'PURBA', 159, 9),
	(2600, 'RAYA', 159, 9),
	(2601, 'RAYA KAHEAN', 159, 9),
	(2602, 'SIANTAR', 159, 9),
	(2603, 'SIDAMANIK', 159, 9),
	(2604, 'SILIMAKUTA', 159, 9),
	(2605, 'SILOU KAHEAN', 159, 9),
	(2606, 'TANAH JAWA', 159, 9),
	(2607, 'TAPIAN DOLOK', 159, 9),
	(2608, 'UJUNG PADANG', 159, 9),
	(2609, 'DATUK BANDAR', 160, 9),
	(2610, 'DATUK BANDAR TIMUR', 160, 9),
	(2611, 'SEI TUALANG RASO', 160, 9),
	(2612, 'TANJUNG BALAI SELATAN', 160, 9),
	(2613, 'TANJUNG BALAI UTARA', 160, 9),
	(2614, 'TELUK NIBUNG', 160, 9),
	(2615, 'AEK BILAH', 161, 9),
	(2616, 'ANGKOLA BARAT (PADANG SIDEMPUAN)', 161, 9),
	(2617, 'ANGKOLA SANGKUNUR', 161, 9),
	(2618, 'ANGKOLA SELATAN (SIAIS)', 161, 9),
	(2619, 'ANGKOLA TIMUR (PADANG SIDEMPUAN)', 161, 9),
	(2620, 'ARSE', 161, 9),
	(2621, 'BATANG ANGKOLA', 161, 9),
	(2622, 'BATANG TORU', 161, 9),
	(2623, 'MARANCAR', 161, 9),
	(2624, 'MUARA BATANG TORU', 161, 9),
	(2625, 'SAIPAR DOLOK HOLE', 161, 9),
	(2626, 'SAYUR MATINGGI', 161, 9),
	(2627, 'SIPIROK', 161, 9),
	(2628, 'TANO TOMBANGAN ANGKOLA', 161, 9),
	(2629, 'ANDAM DEWI', 162, 9),
	(2630, 'BADIRI', 162, 9),
	(2631, 'BARUS', 162, 9),
	(2632, 'BARUS UTARA', 162, 9),
	(2633, 'KOLANG', 162, 9),
	(2634, 'LUMUT', 162, 9),
	(2635, 'MANDUAMAS', 162, 9),
	(2636, 'PANDAN', 162, 9),
	(2637, 'PASARIBU TOBING', 162, 9),
	(2638, 'PINANGSORI', 162, 9),
	(2639, 'SARUDIK', 162, 9),
	(2640, 'SIBABANGUN', 162, 9),
	(2641, 'SIRANDORUNG', 162, 9),
	(2642, 'SITAHUIS', 162, 9),
	(2643, 'SORKAM', 162, 9),
	(2644, 'SORKAM BARAT', 162, 9),
	(2645, 'SOSOR GADONG', 162, 9),
	(2646, 'SUKA BANGUN', 162, 9),
	(2647, 'TAPIAN NAULI', 162, 9),
	(2648, 'TUKKA', 162, 9),
	(2649, 'ADIAN KOTING', 163, 9),
	(2650, 'GAROGA', 163, 9),
	(2651, 'MUARA', 163, 9),
	(2652, 'PAGARAN', 163, 9),
	(2653, 'PAHAE JAE', 163, 9),
	(2654, 'PAHAE JULU', 163, 9),
	(2655, 'PANGARIBUAN', 163, 9),
	(2656, 'PARMONANGAN', 163, 9),
	(2657, 'PURBATUA', 163, 9),
	(2658, 'SIATAS BARITA', 163, 9),
	(2659, 'SIBORONG-BORONG', 163, 9),
	(2660, 'SIMANGUMBAN', 163, 9),
	(2661, 'SIPAHUTAR', 163, 9),
	(2662, 'SIPOHOLON', 163, 9),
	(2663, 'TARUTUNG', 163, 9),
	(2664, 'BAJENIS', 164, 9),
	(2665, 'PADANG HILIR', 164, 9),
	(2666, 'PADANG HULU', 164, 9),
	(2667, 'TEBING TINGGI KOTA', 164, 9),
	(2668, 'AJIBATA', 165, 9),
	(2669, 'BALIGE', 165, 9),
	(2670, 'BONATUA LUNASI', 165, 9),
	(2671, 'BOR-BOR', 165, 9),
	(2672, 'HABINSARAN', 165, 9),
	(2673, 'LAGUBOTI', 165, 9),
	(2674, 'LUMBAN JULU', 165, 9),
	(2675, 'NASSAU', 165, 9),
	(2676, 'PARMAKSIAN', 165, 9),
	(2677, 'PINTU POHAN MERANTI', 165, 9),
	(2678, 'PORSEA', 165, 9),
	(2679, 'SIANTAR NARUMONDA', 165, 9),
	(2680, 'SIGUMPAR', 165, 9),
	(2681, 'SILAEN', 165, 9),
	(2682, 'TAMPAHAN', 165, 9),
	(2683, 'ULUAN', 165, 9),
	(2684, 'AMPEK NAGARI (IV NAGARI )', 166, 10),
	(2685, 'BANUHAMPU', 166, 10),
	(2686, 'BASO', 166, 10),
	(2687, 'CANDUNG', 166, 10),
	(2688, 'IV ANGKAT CANDUNG (AMPEK ANGKEK)', 166, 10),
	(2689, 'IV KOTO (AMPEK KOTO)', 166, 10),
	(2690, 'KAMANG MAGEK', 166, 10),
	(2691, 'LUBUK BASUNG', 166, 10),
	(2692, 'MALAKAK', 166, 10),
	(2693, 'MATUR', 166, 10),
	(2694, 'PALEMBAYAN', 166, 10),
	(2695, 'PALUPUH', 166, 10),
	(2696, 'SUNGAI PUA (PUAR)', 166, 10),
	(2697, 'TANJUNG MUTIARA', 166, 10),
	(2698, 'TILATANG KAMANG', 166, 10),
	(2699, 'AUR BIRUGO TIGO BALEH', 167, 10),
	(2700, 'GUGUK PANJANG (GUGUAK PANJANG)', 167, 10),
	(2701, 'MANDIANGIN KOTO SELAYAN', 167, 10),
	(2702, 'ASAM JUJUHAN', 168, 10),
	(2703, 'KOTO BESAR', 168, 10),
	(2704, 'KOTO SALAK', 168, 10),
	(2705, 'PADANG LAWEH', 168, 10),
	(2706, 'PULAU PUNJUNG', 168, 10),
	(2707, 'SEMBILAN KOTO (IX KOTO)', 168, 10),
	(2708, 'SITIUNG', 168, 10),
	(2709, 'TIMPEH', 168, 10),
	(2710, 'TIUMANG', 168, 10),
	(2711, 'PAGAI SELATAN', 169, 10),
	(2712, 'PAGAI UTARA', 169, 10),
	(2713, 'SIBERUT BARAT', 169, 10),
	(2714, 'SIBERUT BARAT DAYA', 169, 10),
	(2715, 'SIBERUT SELATAN', 169, 10),
	(2716, 'SIBERUT TENGAH', 169, 10),
	(2717, 'SIBERUT UTARA', 169, 10),
	(2718, 'SIKAKAP', 169, 10),
	(2719, 'SIPORA SELATAN', 169, 10),
	(2720, 'SIPORA UTARA', 169, 10),
	(2721, 'AKABILURU', 170, 10),
	(2722, 'BUKIK BARISAN', 170, 10),
	(2723, 'GUGUAK (GUGU)', 170, 10),
	(2724, 'GUNUANG OMEH (GUNUNG MAS)', 170, 10),
	(2725, 'HARAU', 170, 10),
	(2726, 'KAPUR IX/SEMBILAN', 170, 10),
	(2727, 'LAREH SAGO HALABAN', 170, 10),
	(2728, 'LUAK (LUHAK)', 170, 10),
	(2729, 'MUNGKA', 170, 10),
	(2730, 'PANGKALAN KOTO BARU', 170, 10),
	(2731, 'PAYAKUMBUH', 170, 10),
	(2732, 'SITUJUAH LIMO/LIMA NAGARI', 170, 10),
	(2733, 'SULIKI', 170, 10),
	(2734, 'BUNGUS TELUK KABUNG', 171, 10),
	(2735, 'KOTO TANGAH', 171, 10),
	(2736, 'LUBUK BEGALUNG', 171, 10),
	(2737, 'LUBUK KILANGAN', 171, 10),
	(2738, 'NANGGALO', 171, 10),
	(2739, 'PADANG BARAT', 171, 10),
	(2740, 'PADANG SELATAN', 171, 10),
	(2741, 'PADANG TIMUR', 171, 10),
	(2742, 'PADANG UTARA', 171, 10),
	(2743, 'PADANG PANJANG BARAT', 172, 10),
	(2744, 'PADANG PANJANG TIMUR', 172, 10),
	(2745, '2 X 11 ENAM LINGKUNG', 173, 10),
	(2746, '2 X 11 KAYU TANAM', 173, 10),
	(2747, 'BATANG ANAI', 173, 10),
	(2748, 'BATANG GASAN', 173, 10),
	(2749, 'ENAM LINGKUNG', 173, 10),
	(2750, 'IV KOTO AUR MALINTANG', 173, 10),
	(2751, 'LUBUK ALUNG', 173, 10),
	(2752, 'NAN SABARIS', 173, 10),
	(2753, 'PADANG SAGO', 173, 10),
	(2754, 'PATAMUAN', 173, 10),
	(2755, 'SINTUK/SINTUAK TOBOH GADANG', 173, 10),
	(2756, 'SUNGAI GERINGGING/GARINGGING', 173, 10),
	(2757, 'SUNGAI LIMAU', 173, 10),
	(2758, 'ULAKAN TAPAKIH/TAPAKIS', 173, 10),
	(2759, 'V KOTO KAMPUNG DALAM', 173, 10),
	(2760, 'V KOTO TIMUR', 173, 10),
	(2761, 'VII KOTO SUNGAI SARIK', 173, 10),
	(2762, 'PARIAMAN SELATAN', 174, 10),
	(2763, 'PARIAMAN TENGAH', 174, 10),
	(2764, 'PARIAMAN TIMUR', 174, 10),
	(2765, 'PARIAMAN UTARA', 174, 10),
	(2766, 'BONJOL', 175, 10),
	(2767, 'DUO KOTO (II KOTO)', 175, 10),
	(2768, 'LUBUK SIKAPING', 175, 10),
	(2769, 'MAPAT TUNGGUL', 175, 10),
	(2770, 'MAPAT TUNGGUL SELATAN', 175, 10),
	(2771, 'PADANG GELUGUR', 175, 10),
	(2772, 'RAO', 175, 10),
	(2773, 'RAO SELATAN', 175, 10),
	(2774, 'RAO UTARA', 175, 10),
	(2775, 'SIMPANG ALAHAN MATI', 175, 10),
	(2776, 'TIGO NAGARI (III NAGARI)', 175, 10),
	(2777, 'GUNUNG TULEH', 176, 10),
	(2778, 'KINALI', 176, 10),
	(2779, 'KOTO BALINGKA', 176, 10),
	(2780, 'LEMBAH MELINTANG', 176, 10),
	(2781, 'LUHAK NAN DUO', 176, 10),
	(2782, 'PASAMAN', 176, 10),
	(2783, 'RANAH BATAHAN', 176, 10),
	(2784, 'SASAK RANAH PASISIR/PESISIE', 176, 10),
	(2785, 'SEI BEREMAS', 176, 10),
	(2786, 'SUNGAI AUR', 176, 10),
	(2787, 'TALAMAU', 176, 10),
	(2788, 'LAMPOSI TIGO NAGARI', 177, 10),
	(2789, 'PAYAKUMBUH BARAT', 177, 10),
	(2790, 'PAYAKUMBUH SELATAN', 177, 10),
	(2791, 'PAYAKUMBUH TIMUR', 177, 10),
	(2792, 'PAYAKUMBUH UTARA', 177, 10),
	(2793, 'AIRPURA', 178, 10),
	(2794, 'BASA AMPEK BALAI TAPAN', 178, 10),
	(2795, 'BATANG KAPAS', 178, 10),
	(2796, 'BAYANG', 178, 10),
	(2797, 'IV JURAI', 178, 10),
	(2798, 'IV NAGARI BAYANG UTARA', 178, 10),
	(2799, 'KOTO XI TARUSAN', 178, 10),
	(2800, 'LENGAYANG', 178, 10),
	(2801, 'LINGGO SARI BAGANTI', 178, 10),
	(2802, 'LUNANG', 178, 10),
	(2803, 'PANCUNG SOAL', 178, 10),
	(2804, 'RANAH AMPEK HULU TAPAN', 178, 10),
	(2805, 'RANAH PESISIR', 178, 10),
	(2806, 'SILAUT', 178, 10),
	(2807, 'SUTERA', 178, 10),
	(2808, 'BARANGIN', 179, 10),
	(2809, 'LEMBAH SEGAR', 179, 10),
	(2810, 'SILUNGKANG', 179, 10),
	(2811, 'TALAWI', 179, 10),
	(2812, 'IV NAGARI', 180, 10),
	(2813, 'KAMANG BARU', 180, 10),
	(2814, 'KOTO VII', 180, 10),
	(2815, 'KUPITAN', 180, 10),
	(2816, 'LUBUAK TAROK', 180, 10),
	(2817, 'SIJUNJUNG', 180, 10),
	(2818, 'SUMPUR KUDUS', 180, 10),
	(2819, 'TANJUNG GADANG', 180, 10),
	(2820, 'BUKIT SUNDI', 181, 10),
	(2821, 'DANAU KEMBAR', 181, 10),
	(2822, 'GUNUNG TALANG', 181, 10),
	(2823, 'HILIRAN GUMANTI', 181, 10),
	(2824, 'IX KOTO SEI LASI', 181, 10),
	(2825, 'JUNJUNG SIRIH', 181, 10),
	(2826, 'KUBUNG', 181, 10),
	(2827, 'LEMBAH GUMANTI', 181, 10),
	(2828, 'LEMBANG JAYA', 181, 10),
	(2829, 'LUBUK SIKARAH', 181, 10),
	(2830, 'PANTAI CERMIN', 181, 10),
	(2831, 'TIGO LURAH', 181, 10),
	(2832, 'X KOTO DIATAS', 181, 10),
	(2833, 'X KOTO SINGKARAK', 181, 10),
	(2834, 'KOTO PARIK GADANG DIATEH', 182, 10),
	(2835, 'PAUH DUO', 182, 10),
	(2836, 'SANGIR', 182, 10),
	(2837, 'SANGIR BALAI JANGGO', 182, 10),
	(2838, 'SANGIR BATANG HARI', 182, 10),
	(2839, 'SANGIR JUJUAN', 182, 10),
	(2840, 'SUNGAI PAGU', 182, 10),
	(2841, 'BATIPUH', 183, 10),
	(2842, 'BATIPUH SELATAN', 183, 10),
	(2843, 'LIMA KAUM', 183, 10),
	(2844, 'LINTAU BUO', 183, 10),
	(2845, 'LINTAU BUO UTARA', 183, 10),
	(2846, 'PADANG GANTING', 183, 10),
	(2847, 'PARIANGAN', 183, 10),
	(2848, 'RAMBATAN', 183, 10),
	(2849, 'SALIMPAUNG', 183, 10),
	(2850, 'SEPULUH KOTO (X KOTO)', 183, 10),
	(2851, 'SUNGAI TARAB', 183, 10),
	(2852, 'SUNGAYANG', 183, 10),
	(2853, 'TANJUNG BARU', 183, 10),
	(2854, 'TANJUNG EMAS', 183, 10),
	(2855, 'BANTAN', 184, 11),
	(2856, 'BENGKALIS', 184, 11),
	(2857, 'MANDAU', 184, 11),
	(2858, 'PINGGIR', 184, 11),
	(2859, 'RUPAT', 184, 11),
	(2860, 'RUPAT UTARA', 184, 11),
	(2861, 'SIAK KECIL', 184, 11),
	(2862, 'BUKIT KAPUR', 185, 11),
	(2863, 'DUMAI BARAT', 185, 11),
	(2864, 'DUMAI KOTA', 185, 11),
	(2865, 'DUMAI SELATAN', 185, 11),
	(2866, 'DUMAI TIMUR', 185, 11),
	(2867, 'MEDANG KAMPAI', 185, 11),
	(2868, 'SUNGAI SEMBILAN', 185, 11),
	(2869, 'BATANG TUAKA', 186, 11),
	(2870, 'CONCONG', 186, 11),
	(2871, 'ENOK', 186, 11),
	(2872, 'GAUNG', 186, 11),
	(2873, 'GAUNG ANAK SERKA', 186, 11),
	(2874, 'KATEMAN', 186, 11),
	(2875, 'KEMPAS', 186, 11),
	(2876, 'KERITANG', 186, 11),
	(2877, 'KUALA INDRAGIRI', 186, 11),
	(2878, 'MANDAH', 186, 11),
	(2879, 'PELANGIRAN', 186, 11),
	(2880, 'PULAU BURUNG', 186, 11),
	(2881, 'RETEH', 186, 11),
	(2882, 'SUNGAI BATANG', 186, 11),
	(2883, 'TELUK BELENGKONG', 186, 11),
	(2884, 'TEMBILAHAN', 186, 11),
	(2885, 'TEMBILAHAN HULU', 186, 11),
	(2886, 'TEMPULING', 186, 11),
	(2887, 'BATANG CENAKU', 187, 11),
	(2888, 'BATANG GANSAL', 187, 11),
	(2889, 'BATANG PERANAP', 187, 11),
	(2890, 'KELAYANG', 187, 11),
	(2891, 'KUALA CENAKU', 187, 11),
	(2892, 'LIRIK', 187, 11),
	(2893, 'LUBUK BATU JAYA', 187, 11),
	(2894, 'PASIR PENYU', 187, 11),
	(2895, 'PERANAP', 187, 11),
	(2896, 'RAKIT KULIM', 187, 11),
	(2897, 'RENGAT', 187, 11),
	(2898, 'RENGAT BARAT', 187, 11),
	(2899, 'SEBERIDA', 187, 11),
	(2900, 'SUNGAI LALA', 187, 11),
	(2901, 'BANGKINANG', 188, 11),
	(2902, 'BANGKINANG SEBERANG', 188, 11),
	(2903, 'GUNUNG SAHILAN', 188, 11),
	(2904, 'KAMPAR', 188, 11),
	(2905, 'KAMPAR KIRI', 188, 11),
	(2906, 'KAMPAR KIRI HILIR', 188, 11),
	(2907, 'KAMPAR KIRI HULU', 188, 11),
	(2908, 'KAMPAR KIRI TENGAH', 188, 11),
	(2909, 'KAMPAR TIMUR', 188, 11),
	(2910, 'KAMPAR UTARA', 188, 11),
	(2911, 'KOTO KAMPAR HULU', 188, 11),
	(2912, 'KUOK (BANGKINANG BARAT)', 188, 11),
	(2913, 'PERHENTIAN RAJA', 188, 11),
	(2914, 'RUMBIO JAYA', 188, 11),
	(2915, 'SALO', 188, 11),
	(2916, 'SIAK HULU', 188, 11),
	(2917, 'TAMBANG', 188, 11),
	(2918, 'TAPUNG', 188, 11),
	(2919, 'TAPUNG HILIR', 188, 11),
	(2920, 'TAPUNG HULU', 188, 11),
	(2921, 'XIII KOTO KAMPAR', 188, 11),
	(2922, 'MERBAU', 189, 11),
	(2923, 'PULAUMERBAU', 189, 11),
	(2924, 'RANGSANG', 189, 11),
	(2925, 'RANGSANG BARAT', 189, 11),
	(2926, 'RANGSANG PESISIR', 189, 11),
	(2927, 'TASIK PUTRI PUYU', 189, 11),
	(2928, 'TEBING TINGGI BARAT', 189, 11),
	(2929, 'TEBING TINGGI TIMUR', 189, 11),
	(2930, 'BENAI', 190, 11),
	(2931, 'CERENTI', 190, 11),
	(2932, 'GUNUNG TOAR', 190, 11),
	(2933, 'HULU KUANTAN', 190, 11),
	(2934, 'INUMAN', 190, 11),
	(2935, 'KUANTAN HILIR', 190, 11),
	(2936, 'KUANTAN HILIR SEBERANG', 190, 11),
	(2937, 'KUANTAN MUDIK', 190, 11),
	(2938, 'KUANTAN TENGAH', 190, 11),
	(2939, 'LOGAS TANAH DARAT', 190, 11),
	(2940, 'PANGEAN', 190, 11),
	(2941, 'PUCUK RANTAU', 190, 11),
	(2942, 'SENTAJO RAYA', 190, 11),
	(2943, 'SINGINGI', 190, 11),
	(2944, 'SINGINGI HILIR', 190, 11),
	(2945, 'LIMA PULUH', 191, 11),
	(2946, 'MARPOYAN DAMAI', 191, 11),
	(2947, 'PAYUNG SEKAKI', 191, 11),
	(2948, 'PEKANBARU KOTA', 191, 11),
	(2949, 'RUMBAI', 191, 11),
	(2950, 'RUMBAI PESISIR', 191, 11),
	(2951, 'SAIL', 191, 11),
	(2952, 'SENAPELAN', 191, 11),
	(2953, 'TAMPAN', 191, 11),
	(2954, 'TENAYAN RAYA', 191, 11),
	(2955, 'BANDAR PETALANGAN', 192, 11),
	(2956, 'BANDAR SEI KIJANG', 192, 11),
	(2957, 'BUNUT', 192, 11),
	(2958, 'KERUMUTAN', 192, 11),
	(2959, 'KUALA KAMPAR', 192, 11),
	(2960, 'LANGGAM', 192, 11),
	(2961, 'PANGKALAN KERINCI', 192, 11),
	(2962, 'PANGKALAN KURAS', 192, 11),
	(2963, 'PANGKALAN LESUNG', 192, 11),
	(2964, 'PELALAWAN', 192, 11),
	(2965, 'TELUK MERANTI', 192, 11),
	(2966, 'UKUI', 192, 11),
	(2967, 'BAGAN SINEMBAH', 193, 11),
	(2968, 'BANGKO PUSAKA (PUSAKO)', 193, 11),
	(2969, 'BATU HAMPAR', 193, 11),
	(2970, 'KUBU BABUSSALAM', 193, 11),
	(2971, 'PASIR LIMAU KAPAS', 193, 11),
	(2972, 'PEKAITAN', 193, 11),
	(2973, 'PUJUD', 193, 11),
	(2974, 'RANTAU KOPAR', 193, 11),
	(2975, 'RIMBA MELINTANG', 193, 11),
	(2976, 'SIMPANG KANAN', 193, 11),
	(2977, 'SINABOI (SENABOI)', 193, 11),
	(2978, 'TANAH PUTIH', 193, 11),
	(2979, 'TANAH PUTIH TANJUNG MELAWAN', 193, 11),
	(2980, 'BANGUN PURBA', 194, 11),
	(2981, 'BONAI DARUSSALAM', 194, 11),
	(2982, 'KABUN', 194, 11),
	(2983, 'KEPENUHAN', 194, 11),
	(2984, 'KEPENUHAN HULU', 194, 11),
	(2985, 'KUNTO DARUSSALAM', 194, 11),
	(2986, 'PAGARAN TAPAH DARUSSALAM', 194, 11),
	(2987, 'PENDALIAN IV KOTO', 194, 11),
	(2988, 'RAMBAH', 194, 11),
	(2989, 'RAMBAH HILIR', 194, 11),
	(2990, 'RAMBAH SAMO', 194, 11),
	(2991, 'ROKAN IV KOTO', 194, 11),
	(2992, 'TAMBUSAI', 194, 11),
	(2993, 'TAMBUSAI UTARA', 194, 11),
	(2994, 'TANDUN', 194, 11),
	(2995, 'UJUNG BATU', 194, 11),
	(2996, 'BUNGA RAYA', 195, 11),
	(2997, 'DAYUN', 195, 11),
	(2998, 'KERINCI KANAN', 195, 11),
	(2999, 'KOTO GASIB', 195, 11),
	(3000, 'LUBUK DALAM', 195, 11),
	(3001, 'MEMPURA', 195, 11),
	(3002, 'MINAS', 195, 11),
	(3003, 'PUSAKO', 195, 11),
	(3004, 'SABAK AUH', 195, 11),
	(3005, 'SIAK', 195, 11),
	(3006, 'SUNGAI APIT', 195, 11),
	(3007, 'SUNGAI MANDAU', 195, 11),
	(3008, 'TUALANG', 195, 11),
	(3009, 'BATAM KOTA', 196, 12),
	(3010, 'BATU AJI', 196, 12),
	(3011, 'BELAKANG PADANG', 196, 12),
	(3012, 'BENGKONG', 196, 12),
	(3013, 'BULANG', 196, 12),
	(3014, 'LUBUK BAJA', 196, 12),
	(3015, 'NONGSA', 196, 12),
	(3016, 'SAGULUNG', 196, 12),
	(3017, 'SEI/SUNGAI BEDUK', 196, 12),
	(3018, 'SEKUPANG', 196, 12),
	(3019, 'BINTAN PESISIR', 197, 12),
	(3020, 'BINTAN TIMUR', 197, 12),
	(3021, 'BINTAN UTARA', 197, 12),
	(3022, 'GUNUNG KIJANG', 197, 12),
	(3023, 'MANTANG', 197, 12),
	(3024, 'SERI/SRI KUALA LOBAM', 197, 12),
	(3025, 'TAMBELAN', 197, 12),
	(3026, 'TELUK BINTAN', 197, 12),
	(3027, 'TELUK SEBONG', 197, 12),
	(3028, 'TOAPAYA', 197, 12),
	(3029, 'BELAT', 198, 12),
	(3030, 'BURU', 198, 12),
	(3031, 'DURAI', 198, 12),
	(3032, 'KARIMUN', 198, 12),
	(3033, 'KUNDUR', 198, 12),
	(3034, 'KUNDUR BARAT', 198, 12),
	(3035, 'KUNDUR UTARA', 198, 12),
	(3036, 'MERAL', 198, 12),
	(3037, 'MERAL BARAT', 198, 12),
	(3038, 'MORO', 198, 12),
	(3039, 'TEBING', 198, 12),
	(3040, 'UNGAR', 198, 12),
	(3041, 'JEMAJA', 199, 12),
	(3042, 'JEMAJA TIMUR', 199, 12),
	(3043, 'PALMATAK', 199, 12),
	(3044, 'SIANTAN SELATAN', 199, 12),
	(3045, 'SIANTAN TENGAH', 199, 12),
	(3046, 'SIANTAN TIMUR', 199, 12),
	(3047, 'LINGGA', 200, 12),
	(3048, 'LINGGA TIMUR', 200, 12),
	(3049, 'LINGGA UTARA', 200, 12),
	(3050, 'SELAYAR', 200, 12),
	(3051, 'SENAYANG', 200, 12),
	(3052, 'SINGKEP', 200, 12),
	(3053, 'SINGKEP BARAT', 200, 12),
	(3054, 'SINGKEP PESISIR', 200, 12),
	(3055, 'BUNGURAN BARAT', 201, 12),
	(3056, 'BUNGURAN SELATAN', 201, 12),
	(3057, 'BUNGURAN TENGAH', 201, 12),
	(3058, 'BUNGURAN TIMUR', 201, 12),
	(3059, 'BUNGURAN TIMUR LAUT', 201, 12),
	(3060, 'BUNGURAN UTARA', 201, 12),
	(3061, 'MIDAI', 201, 12),
	(3062, 'PULAU LAUT', 201, 12),
	(3063, 'SERASAN', 201, 12),
	(3064, 'SERASAN TIMUR', 201, 12),
	(3065, 'SUBI', 201, 12),
	(3066, 'BUKIT BESTARI', 202, 12),
	(3067, 'TANJUNG PINANG BARAT', 202, 12),
	(3068, 'TANJUNG PINANG KOTA', 202, 12),
	(3069, 'TANJUNG PINANG TIMUR', 202, 12),
	(3070, 'BAJUBANG', 203, 13),
	(3071, 'BATIN XXIV', 203, 13),
	(3072, 'MARO SEBO ILIR', 203, 13),
	(3073, 'MARO SEBO ULU', 203, 13),
	(3074, 'MERSAM', 203, 13),
	(3075, 'MUARA BULIAN', 203, 13),
	(3076, 'MUARA TEMBESI', 203, 13),
	(3077, 'PEMAYUNG', 203, 13),
	(3078, 'BATHIN II BABEKO', 204, 13),
	(3079, 'BATHIN II PELAYANG', 204, 13),
	(3080, 'BATHIN III', 204, 13),
	(3081, 'BATHIN III ULU', 204, 13),
	(3082, 'BUNGO DANI', 204, 13),
	(3083, 'JUJUHAN', 204, 13),
	(3084, 'JUJUHAN ILIR', 204, 13),
	(3085, 'LIMBUR LUBUK MENGKUANG', 204, 13),
	(3086, 'MUKO-MUKO BATIN VII', 204, 13),
	(3087, 'PASAR MUARA BUNGO', 204, 13),
	(3088, 'PELEPAT', 204, 13),
	(3089, 'PELEPAT ILIR', 204, 13),
	(3090, 'RANTAU PANDAN', 204, 13),
	(3091, 'RIMBO TENGAH', 204, 13),
	(3092, 'TANAH SEPENGGAL', 204, 13),
	(3093, 'TANAH SEPENGGAL LINTAS', 204, 13),
	(3094, 'TANAH TUMBUH', 204, 13),
	(3095, 'DANAU TELUK', 205, 13),
	(3096, 'JAMBI SELATAN', 205, 13),
	(3097, 'JAMBI TIMUR', 205, 13),
	(3098, 'JELUTUNG', 205, 13),
	(3099, 'KOTA BARU', 205, 13),
	(3100, 'PASAR JAMBI', 205, 13),
	(3101, 'PELAYANGAN', 205, 13),
	(3102, 'TELANAIPURA', 205, 13),
	(3103, 'AIR HANGAT', 206, 13),
	(3104, 'AIR HANGAT BARAT', 206, 13),
	(3105, 'AIR HANGAT TIMUR', 206, 13),
	(3106, 'BATANG MERANGIN', 206, 13),
	(3107, 'BUKITKERMAN', 206, 13),
	(3108, 'DANAU KERINCI', 206, 13),
	(3109, 'DEPATI TUJUH', 206, 13),
	(3110, 'GUNUNG KERINCI', 206, 13),
	(3111, 'GUNUNG RAYA', 206, 13),
	(3112, 'GUNUNG TUJUH', 206, 13),
	(3113, 'KAYU ARO', 206, 13),
	(3114, 'KAYU ARO BARAT', 206, 13),
	(3115, 'KELILING DANAU', 206, 13),
	(3116, 'SITINJAU LAUT', 206, 13),
	(3117, 'SIULAK', 206, 13),
	(3118, 'SIULAK MUKAI', 206, 13),
	(3119, 'BANGKO', 207, 13),
	(3120, 'BANGKO BARAT', 207, 13),
	(3121, 'BATANG MASUMAI', 207, 13),
	(3122, 'JANGKAT', 207, 13),
	(3123, 'LEMBAH MASURAI', 207, 13),
	(3124, 'MARGO TABIR', 207, 13),
	(3125, 'MUARA SIAU', 207, 13),
	(3126, 'NALO TANTAN', 207, 13),
	(3127, 'PAMENANG', 207, 13),
	(3128, 'PAMENANG BARAT', 207, 13),
	(3129, 'PAMENANG SELATAN', 207, 13),
	(3130, 'PANGKALAN JAMBU', 207, 13),
	(3131, 'RENAH PEMBARAP', 207, 13),
	(3132, 'RENAH PEMENANG', 207, 13),
	(3133, 'SUNGAI MANAU', 207, 13),
	(3134, 'SUNGAI TENANG', 207, 13),
	(3135, 'TABIR', 207, 13),
	(3136, 'TABIR BARAT', 207, 13),
	(3137, 'TABIR ILIR', 207, 13),
	(3138, 'TABIR LINTAS', 207, 13),
	(3139, 'TABIR SELATAN', 207, 13),
	(3140, 'TABIR TIMUR', 207, 13),
	(3141, 'TABIR ULU', 207, 13),
	(3142, 'TIANG PUMPUNG', 207, 13),
	(3143, 'BAHAR SELATAN', 208, 13),
	(3144, 'BAHAR UTARA', 208, 13),
	(3145, 'JAMBI LUAR KOTA', 208, 13),
	(3146, 'KUMPEH', 208, 13),
	(3147, 'KUMPEH ULU', 208, 13),
	(3148, 'MARO SEBO', 208, 13),
	(3149, 'MESTONG', 208, 13),
	(3150, 'SEKERNAN', 208, 13),
	(3151, 'SUNGAI BAHAR', 208, 13),
	(3152, 'SUNGAI GELAM', 208, 13),
	(3153, 'TAMAN RAJO / REJO', 208, 13),
	(3154, 'AIR HITAM', 209, 13),
	(3155, 'BATANG ASAI', 209, 13),
	(3156, 'BATHIN VIII (BATIN VIII)', 209, 13),
	(3157, 'CERMIN NAN GADANG', 209, 13),
	(3158, 'LIMUN', 209, 13),
	(3159, 'MANDIANGIN', 209, 13),
	(3160, 'PAUH', 209, 13),
	(3161, 'PELAWAN', 209, 13),
	(3162, 'SAROLANGUN', 209, 13),
	(3163, 'SINGKUT', 209, 13),
	(3164, 'HAMPARAN RAWANG', 210, 13),
	(3165, 'KOTO BARU', 210, 13),
	(3166, 'KUMUN DEBAI', 210, 13),
	(3167, 'PESISIR BUKIT', 210, 13),
	(3168, 'PONDOK TINGGI', 210, 13),
	(3169, 'SUNGAI BUNGKAL', 210, 13),
	(3170, 'SUNGAI PENUH', 210, 13),
	(3171, 'TANAH KAMPUNG', 210, 13),
	(3172, 'BATANG ASAM', 211, 13),
	(3173, 'BETARA', 211, 13),
	(3174, 'BRAM ITAM', 211, 13),
	(3175, 'KUALA BETARA', 211, 13),
	(3176, 'MERLUNG', 211, 13),
	(3177, 'MUARA PAPALIK', 211, 13),
	(3178, 'PENGABUAN', 211, 13),
	(3179, 'RENAH MENDALUH', 211, 13),
	(3180, 'SEBERANG KOTA', 211, 13),
	(3181, 'SENYERANG', 211, 13),
	(3182, 'TUNGKAL ILIR', 211, 13),
	(3183, 'TUNGKAL ULU', 211, 13),
	(3184, 'BERBAK', 212, 13),
	(3185, 'DENDANG', 212, 13),
	(3186, 'GERAGAI', 212, 13),
	(3187, 'KUALA JAMBI', 212, 13),
	(3188, 'MENDAHARA', 212, 13),
	(3189, 'MENDAHARA ULU', 212, 13),
	(3190, 'MUARA SABAK BARAT', 212, 13),
	(3191, 'MUARA SABAK TIMUR', 212, 13),
	(3192, 'NIPAH PANJANG', 212, 13),
	(3193, 'RANTAU RASAU', 212, 13),
	(3194, 'SADU', 212, 13),
	(3195, 'MUARA TABIR', 213, 13),
	(3196, 'RIMBO BUJANG', 213, 13),
	(3197, 'RIMBO ILIR', 213, 13),
	(3198, 'RIMBO ULU', 213, 13),
	(3199, 'SERAI SERUMPUN', 213, 13),
	(3200, 'SUMAY', 213, 13),
	(3201, 'TEBO ILIR', 213, 13),
	(3202, 'TEBO TENGAH', 213, 13),
	(3203, 'TEBO ULU', 213, 13),
	(3204, 'TENGAH ILIR', 213, 13),
	(3205, 'VII KOTO', 213, 13),
	(3206, 'VII KOTO ILIR', 213, 13),
	(3207, 'GADING CEMPAKA', 214, 14),
	(3208, 'KAMPUNG MELAYU', 214, 14),
	(3209, 'MUARA BANGKA HULU', 214, 14),
	(3210, 'RATU AGUNG', 214, 14),
	(3211, 'RATU SAMBAN', 214, 14),
	(3212, 'SELEBAR', 214, 14),
	(3213, 'SINGARAN PATI', 214, 14),
	(3214, 'SUNGAI SERUT', 214, 14),
	(3215, 'TELUK SEGARA', 214, 14),
	(3216, 'AIR NIPIS', 215, 14),
	(3217, 'BUNGA MAS', 215, 14),
	(3218, 'KEDURANG', 215, 14),
	(3219, 'KEDURANG ILIR', 215, 14),
	(3220, 'KOTA MANNA', 215, 14),
	(3221, 'MANNA', 215, 14),
	(3222, 'PASAR MANNA', 215, 14),
	(3223, 'PINO', 215, 14),
	(3224, 'PINORAYA', 215, 14),
	(3225, 'SEGINIM', 215, 14),
	(3226, 'ULU MANNA', 215, 14),
	(3227, 'BANG HAJI', 216, 14),
	(3228, 'KARANG TINGGI', 216, 14),
	(3229, 'MERIGI KELINDANG', 216, 14),
	(3230, 'MERIGI SAKTI', 216, 14),
	(3231, 'PAGAR JATI', 216, 14),
	(3232, 'PEMATANG TIGA', 216, 14),
	(3233, 'PONDOK KELAPA', 216, 14),
	(3234, 'PONDOK KUBANG', 216, 14),
	(3235, 'TABA PENANJUNG', 216, 14),
	(3236, 'TALANG EMPAT', 216, 14),
	(3237, 'AIR BESI', 217, 14),
	(3238, 'AIR NAPAL', 217, 14),
	(3239, 'AIR PADANG', 217, 14),
	(3240, 'ARGA MAKMUR', 217, 14),
	(3241, 'ARMA JAYA', 217, 14),
	(3242, 'BATIK NAU', 217, 14),
	(3243, 'ENGGANO', 217, 14),
	(3244, 'GIRI MULIA', 217, 14),
	(3245, 'HULU PALIK', 217, 14),
	(3246, 'KERKAP', 217, 14),
	(3247, 'KETAHUN', 217, 14),
	(3248, 'LAIS', 217, 14),
	(3249, 'NAPAL PUTIH', 217, 14),
	(3250, 'PADANG JAYA', 217, 14),
	(3251, 'PUTRI HIJAU', 217, 14),
	(3252, 'TANJUNG AGUNG PALIK', 217, 14),
	(3253, 'ULOK KUPAI', 217, 14),
	(3254, 'KAUR SELATAN', 218, 14),
	(3255, 'KAUR TENGAH', 218, 14),
	(3256, 'KAUR UTARA', 218, 14),
	(3257, 'KELAM TENGAH', 218, 14),
	(3258, 'KINAL', 218, 14),
	(3259, 'LUAS', 218, 14),
	(3260, 'LUNGKANG KULE', 218, 14),
	(3261, 'MAJE', 218, 14),
	(3262, 'MUARA SAHUNG', 218, 14),
	(3263, 'NASAL', 218, 14),
	(3264, 'PADANG GUCI HILIR', 218, 14),
	(3265, 'PADANG GUCI HULU', 218, 14),
	(3266, 'SEMIDANG GUMAI (GUMAY)', 218, 14),
	(3267, 'TANJUNG KEMUNING', 218, 14),
	(3268, 'TETAP (MUARA TETAP)', 218, 14),
	(3269, 'BERMANI ILIR', 219, 14),
	(3270, 'KEBAWETAN (KABAWETAN)', 219, 14),
	(3271, 'KEPAHIANG', 219, 14),
	(3272, 'MERIGI', 219, 14),
	(3273, 'MUARA KEMUMU', 219, 14),
	(3274, 'SEBERANG MUSI', 219, 14),
	(3275, 'TEBAT KARAI', 219, 14),
	(3276, 'UJAN MAS', 219, 14),
	(3277, 'AMEN', 220, 14),
	(3278, 'BINGIN KUNING', 220, 14),
	(3279, 'LEBONG ATAS', 220, 14),
	(3280, 'LEBONG SAKTI', 220, 14),
	(3281, 'LEBONG SELATAN', 220, 14),
	(3282, 'LEBONG TENGAH', 220, 14),
	(3283, 'LEBONG UTARA', 220, 14),
	(3284, 'PELABAI', 220, 14),
	(3285, 'PINANG BELAPIS', 220, 14),
	(3286, 'RIMBO PENGADANG', 220, 14),
	(3287, 'TOPOS', 220, 14),
	(3288, 'URAM JAYA', 220, 14),
	(3289, 'AIR DIKIT', 221, 14),
	(3290, 'AIR MAJUNTO', 221, 14),
	(3291, 'AIR RAMI', 221, 14),
	(3292, 'IPUH (MUKO-MUKO SELATAN)', 221, 14),
	(3293, 'KOTA MUKOMUKO (MUKOMUKO UTARA)', 221, 14),
	(3294, 'LUBUK PINANG', 221, 14),
	(3295, 'MALIN DEMAN', 221, 14),
	(3296, 'PENARIK', 221, 14),
	(3297, 'PONDOK SUGUH', 221, 14),
	(3298, 'SELAGAN RAYA', 221, 14),
	(3299, 'SUNGAI RUMBAI', 221, 14),
	(3300, 'TERAMANG JAYA', 221, 14),
	(3301, 'TERAS TERUNJAM', 221, 14),
	(3302, 'V KOTO', 221, 14),
	(3303, 'XIV KOTO', 221, 14),
	(3304, 'BERMANI ULU', 222, 14),
	(3305, 'BERMANI ULU RAYA', 222, 14),
	(3306, 'BINDURIANG', 222, 14),
	(3307, 'CURUP', 222, 14),
	(3308, 'CURUP SELATAN', 222, 14),
	(3309, 'CURUP TENGAH', 222, 14),
	(3310, 'CURUP TIMUR', 222, 14),
	(3311, 'CURUP UTARA', 222, 14),
	(3312, 'KOTA PADANG', 222, 14),
	(3313, 'PADANG ULAK TANDING', 222, 14),
	(3314, 'SELUPU REJANG', 222, 14),
	(3315, 'SINDANG BELITI ILIR', 222, 14),
	(3316, 'SINDANG BELITI ULU', 222, 14),
	(3317, 'SINDANG DARATAN', 222, 14),
	(3318, 'SINDANG KELINGI', 222, 14),
	(3319, 'AIR PERIUKAN', 223, 14),
	(3320, 'ILIR TALO', 223, 14),
	(3321, 'LUBUK SANDI', 223, 14),
	(3322, 'SELUMA', 223, 14),
	(3323, 'SELUMA BARAT', 223, 14),
	(3324, 'SELUMA SELATAN', 223, 14),
	(3325, 'SELUMA TIMUR', 223, 14),
	(3326, 'SELUMA UTARA', 223, 14),
	(3327, 'SEMIDANG ALAS', 223, 14),
	(3328, 'SEMIDANG ALAS MARAS', 223, 14),
	(3329, 'TALO', 223, 14),
	(3330, 'TALO KECIL', 223, 14),
	(3331, 'ULU TALO', 223, 14),
	(3332, 'AIR KUMBANG', 224, 15),
	(3333, 'AIR SALEK', 224, 15),
	(3334, 'BANYUASIN I', 224, 15),
	(3335, 'BANYUASIN II', 224, 15),
	(3336, 'BANYUASIN III', 224, 15),
	(3337, 'BETUNG', 224, 15),
	(3338, 'MAKARTI JAYA', 224, 15),
	(3339, 'MUARA PADANG', 224, 15),
	(3340, 'MUARA SUGIHAN', 224, 15),
	(3341, 'MUARA TELANG', 224, 15),
	(3342, 'PULAU RIMAU', 224, 15),
	(3343, 'RAMBUTAN', 224, 15),
	(3344, 'RANTAU BAYUR', 224, 15),
	(3345, 'SEMBAWA', 224, 15),
	(3346, 'SUAK TAPEH', 224, 15),
	(3347, 'SUMBER MARGA TELANG', 224, 15),
	(3348, 'TALANG KELAPA', 224, 15),
	(3349, 'TANJUNG LAGO', 224, 15),
	(3350, 'LINTANG KANAN', 225, 15),
	(3351, 'MUARA PINANG', 225, 15),
	(3352, 'PASEMAH AIR KERUH', 225, 15),
	(3353, 'PENDOPO', 225, 15),
	(3354, 'PENDOPO BARAT', 225, 15),
	(3355, 'SALING', 225, 15),
	(3356, 'SIKAP DALAM', 225, 15),
	(3357, 'ULU MUSI', 225, 15),
	(3358, 'GUMAY TALANG', 226, 15),
	(3359, 'GUMAY ULU', 226, 15),
	(3360, 'JARAI', 226, 15),
	(3361, 'KIKIM BARAT', 226, 15),
	(3362, 'KIKIM SELATAN', 226, 15),
	(3363, 'KIKIM TENGAH', 226, 15),
	(3364, 'KIKIM TIMUR', 226, 15),
	(3365, 'KOTA AGUNG', 226, 15),
	(3366, 'LAHAT', 226, 15),
	(3367, 'MERAPI BARAT', 226, 15),
	(3368, 'MERAPI SELATAN', 226, 15),
	(3369, 'MERAPI TIMUR', 226, 15),
	(3370, 'MUARAPAYANG', 226, 15),
	(3371, 'MULAK ULU', 226, 15),
	(3372, 'PAGAR GUNUNG', 226, 15),
	(3373, 'PAJAR BULAN', 226, 15),
	(3374, 'PSEKSU', 226, 15),
	(3375, 'PULAU PINANG', 226, 15),
	(3376, 'SUKAMERINDU', 226, 15),
	(3377, 'TANJUNG SAKTI PUMI', 226, 15),
	(3378, 'TANJUNG SAKTI PUMU', 226, 15),
	(3379, 'TANJUNG TEBAT', 226, 15),
	(3380, 'LUBUK LINGGAU BARAT DUA (II)', 227, 15),
	(3381, 'LUBUK LINGGAU BARAT SATU (I)', 227, 15),
	(3382, 'LUBUK LINGGAU SELATAN DUA (II)', 227, 15),
	(3383, 'LUBUK LINGGAU SELATAN SATU (I)', 227, 15),
	(3384, 'LUBUK LINGGAU TIMUR DUA (II)', 227, 15),
	(3385, 'LUBUK LINGGAU TIMUR SATU (I)', 227, 15),
	(3386, 'LUBUK LINGGAU UTARA DUA (II)', 227, 15),
	(3387, 'LUBUK LINGGAU UTARA SATU (I)', 227, 15),
	(3388, 'ABAB', 228, 15),
	(3389, 'BENAKAT', 228, 15),
	(3390, 'GELUMBANG', 228, 15),
	(3391, 'GUNUNG MEGANG', 228, 15),
	(3392, 'KELEKAR', 228, 15),
	(3393, 'LAWANG KIDUL', 228, 15),
	(3394, 'LEMBAK', 228, 15),
	(3395, 'LUBAI', 228, 15),
	(3396, 'MUARA BELIDA', 228, 15),
	(3397, 'MUARA ENIM', 228, 15),
	(3398, 'PENUKAL (PENUKAL ABAB)', 228, 15),
	(3399, 'PENUKAL UTARA', 228, 15),
	(3400, 'RAMBANG', 228, 15),
	(3401, 'RAMBANG DANGKU', 228, 15),
	(3402, 'SEMENDO DARAT LAUT', 228, 15),
	(3403, 'SEMENDO DARAT TENGAH', 228, 15),
	(3404, 'SEMENDO DARAT ULU', 228, 15),
	(3405, 'SUNGAI ROTAN', 228, 15),
	(3406, 'TALANG UBI', 228, 15),
	(3407, 'TANAH ABANG', 228, 15),
	(3408, 'TANJUNG AGUNG', 228, 15),
	(3409, 'BABAT SUPAT', 229, 15),
	(3410, 'BABAT TOMAN', 229, 15),
	(3411, 'BATANGHARI LEKO', 229, 15),
	(3412, 'BAYUNG LENCIR', 229, 15),
	(3413, 'KELUANG', 229, 15),
	(3414, 'LALAN (SUNGAI LALAN)', 229, 15),
	(3415, 'LAWANG WETAN', 229, 15),
	(3416, 'PLAKAT TINGGI (PELAKAT TINGGI)', 229, 15),
	(3417, 'SANGA DESA', 229, 15),
	(3418, 'SEKAYU', 229, 15),
	(3419, 'SUNGAI KERUH', 229, 15),
	(3420, 'SUNGAI LILIN', 229, 15),
	(3421, 'TUNGKAL JAYA', 229, 15),
	(3422, 'BATUKUNING LAKITAN ULU (BTS)/CECAR', 230, 15),
	(3423, 'JAYA LOKA', 230, 15),
	(3424, 'KARANG DAPO', 230, 15),
	(3425, 'MEGANG SAKTI', 230, 15),
	(3426, 'MUARA BELITI', 230, 15),
	(3427, 'MUARA KELINGI', 230, 15),
	(3428, 'MUARA LAKITAN', 230, 15),
	(3429, 'NIBUNG', 230, 15),
	(3430, 'RAWAS ILIR', 230, 15),
	(3431, 'RAWAS ULU', 230, 15),
	(3432, 'RUPIT', 230, 15),
	(3433, 'SELANGIT', 230, 15),
	(3434, 'STL ULU TERAWAS', 230, 15),
	(3435, 'SUKAKARYA', 230, 15),
	(3436, 'SUMBER HARTA', 230, 15),
	(3437, 'TIANG PUMPUNG KEPUNGUT', 230, 15),
	(3438, 'TUAH NEGERI', 230, 15),
	(3439, 'TUGUMULYO', 230, 15),
	(3440, 'ULU RAWAS', 230, 15),
	(3441, 'INDRALAYA', 231, 15),
	(3442, 'INDRALAYA SELATAN', 231, 15),
	(3443, 'INDRALAYA UTARA', 231, 15),
	(3444, 'KANDIS', 231, 15),
	(3445, 'LUBUK KELIAT', 231, 15),
	(3446, 'MUARA KUANG', 231, 15),
	(3447, 'PAYARAMAN', 231, 15),
	(3448, 'PEMULUTAN', 231, 15),
	(3449, 'PEMULUTAN BARAT', 231, 15),
	(3450, 'PEMULUTAN SELATAN', 231, 15),
	(3451, 'RAMBANG KUANG', 231, 15),
	(3452, 'RANTAU ALAI', 231, 15),
	(3453, 'RANTAU PANJANG', 231, 15),
	(3454, 'TANJUNG BATU', 231, 15),
	(3455, 'AIR SUGIHAN', 232, 15),
	(3456, 'CENGAL', 232, 15),
	(3457, 'JEJAWI', 232, 15),
	(3458, 'KAYU AGUNG', 232, 15),
	(3459, 'LEMPUING', 232, 15),
	(3460, 'LEMPUING JAYA', 232, 15),
	(3461, 'MESUJI MAKMUR', 232, 15),
	(3462, 'MESUJI RAYA', 232, 15),
	(3463, 'PAMPANGAN', 232, 15),
	(3464, 'PANGKALAN LAMPAM', 232, 15),
	(3465, 'PEDAMARAN', 232, 15),
	(3466, 'PEDAMARAN TIMUR', 232, 15),
	(3467, 'SIRAH PULAU PADANG', 232, 15),
	(3468, 'SUNGAI MENANG', 232, 15),
	(3469, 'TANJUNG LUBUK', 232, 15),
	(3470, 'TELUK GELAM', 232, 15),
	(3471, 'TULUNG SELAPAN', 232, 15),
	(3472, 'BATURAJA BARAT', 233, 15),
	(3473, 'BATURAJA TIMUR', 233, 15),
	(3474, 'LENGKITI', 233, 15),
	(3475, 'LUBUK BATANG', 233, 15),
	(3476, 'LUBUK RAJA', 233, 15),
	(3477, 'MUARA JAYA', 233, 15),
	(3478, 'PENGANDONAN', 233, 15),
	(3479, 'PENINJAUAN', 233, 15),
	(3480, 'SEMIDANG AJI', 233, 15),
	(3481, 'SINAR PENINJAUAN', 233, 15),
	(3482, 'SOSOH BUAY RAYAP', 233, 15),
	(3483, 'ULU OGAN', 233, 15),
	(3484, 'BANDING AGUNG', 234, 15),
	(3485, 'BUANA PEMACA', 234, 15),
	(3486, 'BUAY PEMACA', 234, 15),
	(3487, 'BUAY PEMATANG RIBU RANAU TENGAH', 234, 15),
	(3488, 'BUAY RAWAN', 234, 15),
	(3489, 'BUAY RUNJUNG', 234, 15),
	(3490, 'BUAY SANDANG AJI', 234, 15),
	(3491, 'KISAM ILIR', 234, 15),
	(3492, 'KISAM TINGGI', 234, 15),
	(3493, 'MEKAKAU ILIR', 234, 15),
	(3494, 'MUARADUA', 234, 15),
	(3495, 'MUARADUA KISAM', 234, 15),
	(3496, 'PULAU BERINGIN', 234, 15),
	(3497, 'RUNJUNG AGUNG', 234, 15),
	(3498, 'SIMPANG', 234, 15),
	(3499, 'SINDANG DANAU', 234, 15),
	(3500, 'SUNGAI ARE', 234, 15),
	(3501, 'TIGA DIHAJI', 234, 15),
	(3502, 'WARKUK RANAU SELATAN', 234, 15),
	(3503, 'BELITANG II', 235, 15),
	(3504, 'BELITANG III', 235, 15),
	(3505, 'BELITANG JAYA', 235, 15),
	(3506, 'BELITANG MADANG RAYA', 235, 15),
	(3507, 'BELITANG MULYA', 235, 15),
	(3508, 'BUAY MADANG', 235, 15),
	(3509, 'BUAY MADANG TIMUR', 235, 15),
	(3510, 'BUAY PEMUKA BANGSA RAJA', 235, 15),
	(3511, 'BUAY PEMUKA BELIUNG / PELIUNG', 235, 15),
	(3512, 'JAYAPURA', 235, 15),
	(3513, 'MADANG SUKU I', 235, 15),
	(3514, 'MADANG SUKU II', 235, 15),
	(3515, 'MADANG SUKU III', 235, 15),
	(3516, 'MARTAPURA', 235, 15),
	(3517, 'SEMENDAWAI BARAT', 235, 15),
	(3518, 'SEMENDAWAI SUKU III', 235, 15),
	(3519, 'SEMENDAWAI TIMUR', 235, 15),
	(3520, 'DEMPO SELATAN', 236, 15),
	(3521, 'DEMPO TENGAH', 236, 15),
	(3522, 'DEMPO UTARA', 236, 15),
	(3523, 'PAGAR ALAM SELATAN', 236, 15),
	(3524, 'PAGAR ALAM UTARA', 236, 15),
	(3525, 'ALANG-ALANG LEBAR', 237, 15),
	(3526, 'BUKIT KECIL', 237, 15),
	(3527, 'GANDUS', 237, 15),
	(3528, 'ILIR BARAT I', 237, 15),
	(3529, 'ILIR BARAT II', 237, 15),
	(3530, 'ILIR TIMUR I', 237, 15),
	(3531, 'ILIR TIMUR II', 237, 15),
	(3532, 'KALIDONI', 237, 15),
	(3533, 'KEMUNING', 237, 15),
	(3534, 'KERTAPATI', 237, 15),
	(3535, 'PLAJU', 237, 15),
	(3536, 'SAKO', 237, 15),
	(3537, 'SEBERANG ULU I', 237, 15),
	(3538, 'SEBERANG ULU II', 237, 15),
	(3539, 'SEMATANG BORANG', 237, 15),
	(3540, 'SUKARAMI', 237, 15),
	(3541, 'CAMBAI', 238, 15),
	(3542, 'PRABUMULIH BARAT', 238, 15),
	(3543, 'PRABUMULIH SELATAN', 238, 15),
	(3544, 'PRABUMULIH TIMUR', 238, 15),
	(3545, 'PRABUMULIH UTARA', 238, 15),
	(3546, 'RAMBANG KAPAK TENGAH', 238, 15),
	(3547, 'BAKAM', 239, 16),
	(3548, 'BELINYU', 239, 16),
	(3549, 'MENDO BARAT', 239, 16),
	(3550, 'MERAWANG', 239, 16),
	(3551, 'PEMALI', 239, 16),
	(3552, 'PUDING BESAR', 239, 16),
	(3553, 'RIAU SILIP', 239, 16),
	(3554, 'SUNGAI LIAT', 239, 16),
	(3555, 'JEBUS', 240, 16),
	(3556, 'KELAPA', 240, 16),
	(3557, 'MENTOK (MUNTOK)', 240, 16),
	(3558, 'PARITTIGA', 240, 16),
	(3559, 'SIMPANG TERITIP', 240, 16),
	(3560, 'TEMPILANG', 240, 16),
	(3561, 'AIR GEGAS', 241, 16),
	(3562, 'KEPULAUAN PONGOK', 241, 16),
	(3563, 'LEPAR PONGOK', 241, 16),
	(3564, 'PAYUNG', 241, 16),
	(3565, 'PULAU BESAR', 241, 16),
	(3566, 'SIMPANG RIMBA', 241, 16),
	(3567, 'TOBOALI', 241, 16),
	(3568, 'TUKAK SADAI', 241, 16),
	(3569, 'KOBA', 242, 16),
	(3570, 'LUBUK BESAR', 242, 16),
	(3571, 'NAMANG', 242, 16),
	(3572, 'PANGKALAN BARU', 242, 16),
	(3573, 'SIMPANG KATIS', 242, 16),
	(3574, 'SUNGAI SELAN', 242, 16),
	(3575, 'MEMBALONG', 243, 16),
	(3576, 'SELAT NASIK', 243, 16),
	(3577, 'SIJUK', 243, 16),
	(3578, 'TANJUNG PANDAN', 243, 16),
	(3579, 'DAMAR', 244, 16),
	(3580, 'GANTUNG', 244, 16),
	(3581, 'KELAPA KAMPIT', 244, 16),
	(3582, 'MANGGAR', 244, 16),
	(3583, 'SIMPANG PESAK', 244, 16),
	(3584, 'SIMPANG RENGGIANG', 244, 16),
	(3585, 'BUKIT INTAN', 245, 16),
	(3586, 'GABEK', 245, 16),
	(3587, 'GERUNGGANG', 245, 16),
	(3588, 'GIRIMAYA', 245, 16),
	(3589, 'PANGKAL BALAM', 245, 16),
	(3590, 'RANGKUI', 245, 16),
	(3591, 'TAMAN SARI', 245, 16),
	(3592, 'BUMI WARAS', 246, 17),
	(3593, 'ENGGAL', 246, 17),
	(3594, 'KEDAMAIAN', 246, 17),
	(3595, 'KEDATON', 246, 17),
	(3596, 'KEMILING', 246, 17),
	(3597, 'LABUHAN RATU', 246, 17),
	(3598, 'LANGKAPURA', 246, 17),
	(3599, 'PANJANG', 246, 17),
	(3600, 'TANJUNG KARANG BARAT', 246, 17),
	(3601, 'TANJUNG KARANG PUSAT', 246, 17),
	(3602, 'TANJUNG KARANG TIMUR', 246, 17),
	(3603, 'TANJUNG SENANG', 246, 17),
	(3604, 'TELUKBETUNG BARAT', 246, 17),
	(3605, 'TELUKBETUNG SELATAN', 246, 17),
	(3606, 'TELUKBETUNG TIMUR', 246, 17),
	(3607, 'TELUKBETUNG UTARA', 246, 17),
	(3608, 'WAY HALIM', 246, 17),
	(3609, 'BALIK BUKIT', 247, 17),
	(3610, 'BANDAR NEGERI SUOH', 247, 17),
	(3611, 'BATU BRAK', 247, 17),
	(3612, 'BATU KETULIS', 247, 17),
	(3613, 'BELALAU', 247, 17),
	(3614, 'GEDUNG SURIAN', 247, 17),
	(3615, 'KEBUN TEBU', 247, 17),
	(3616, 'LUMBOK SEMINUNG', 247, 17),
	(3617, 'PAGAR DEWA', 247, 17),
	(3618, 'SEKINCAU', 247, 17),
	(3619, 'SUKAU', 247, 17),
	(3620, 'SUMBER JAYA', 247, 17),
	(3621, 'SUOH', 247, 17),
	(3622, 'WAY TENONG', 247, 17),
	(3623, 'BAKAUHENI', 248, 17),
	(3624, 'JATI AGUNG', 248, 17),
	(3625, 'KALIANDA', 248, 17),
	(3626, 'KATIBUNG', 248, 17),
	(3627, 'MERBAU MATARAM', 248, 17),
	(3628, 'NATAR', 248, 17),
	(3629, 'PALAS', 248, 17),
	(3630, 'PENENGAHAN', 248, 17),
	(3631, 'RAJABASA', 248, 17),
	(3632, 'SIDOMULYO', 248, 17),
	(3633, 'TANJUNG BINTANG', 248, 17),
	(3634, 'TANJUNG SARI', 248, 17),
	(3635, 'WAY PANJI', 248, 17),
	(3636, 'WAY SULAN', 248, 17),
	(3637, 'ANAK RATU AJI', 249, 17),
	(3638, 'ANAK TUHA', 249, 17),
	(3639, 'BANDAR MATARAM', 249, 17),
	(3640, 'BANDAR SURABAYA', 249, 17),
	(3641, 'BANGUNREJO', 249, 17),
	(3642, 'BEKRI', 249, 17),
	(3643, 'BUMI NABUNG', 249, 17),
	(3644, 'BUMI RATU NUBAN', 249, 17),
	(3645, 'GUNUNG SUGIH', 249, 17),
	(3646, 'KALIREJO', 249, 17),
	(3647, 'KOTA GAJAH', 249, 17),
	(3648, 'PADANG RATU', 249, 17),
	(3649, 'PUBIAN', 249, 17),
	(3650, 'PUNGGUR', 249, 17),
	(3651, 'PUTRA RUMBIA', 249, 17),
	(3652, 'SELAGAI LINGGA', 249, 17),
	(3653, 'SENDANG AGUNG', 249, 17),
	(3654, 'SEPUTIH AGUNG', 249, 17),
	(3655, 'SEPUTIH BANYAK', 249, 17),
	(3656, 'SEPUTIH MATARAM', 249, 17),
	(3657, 'SEPUTIH RAMAN', 249, 17),
	(3658, 'SEPUTIH SURABAYA', 249, 17),
	(3659, 'TERBANGGI BESAR', 249, 17),
	(3660, 'TERUSAN NUNYAI', 249, 17),
	(3661, 'TRIMURJO', 249, 17),
	(3662, 'WAY PANGUBUAN (PENGUBUAN)', 249, 17),
	(3663, 'WAY SEPUTIH', 249, 17),
	(3664, 'BANDAR SRIBAWONO', 250, 17),
	(3665, 'BATANGHARI', 250, 17),
	(3666, 'BATANGHARI NUBAN', 250, 17),
	(3667, 'BRAJA SLEBAH', 250, 17),
	(3668, 'GUNUNG PELINDUNG', 250, 17),
	(3669, 'LABUHAN MARINGGAI', 250, 17),
	(3670, 'MARGA SEKAMPUNG', 250, 17),
	(3671, 'MARGATIGA', 250, 17),
	(3672, 'MATARAM BARU', 250, 17),
	(3673, 'MELINTING', 250, 17),
	(3674, 'METRO KIBANG', 250, 17),
	(3675, 'PASIR SAKTI', 250, 17),
	(3676, 'PEKALONGAN', 250, 17),
	(3677, 'PURBOLINGGO', 250, 17),
	(3678, 'RAMAN UTARA', 250, 17),
	(3679, 'SEKAMPUNG', 250, 17),
	(3680, 'SEKAMPUNG UDIK', 250, 17),
	(3681, 'WAWAY KARYA', 250, 17),
	(3682, 'WAY BUNGUR (PURBOLINGGO UTARA)', 250, 17),
	(3683, 'WAY JEPARA', 250, 17),
	(3684, 'ABUNG BARAT', 251, 17),
	(3685, 'ABUNG KUNANG', 251, 17),
	(3686, 'ABUNG PEKURUN', 251, 17),
	(3687, 'ABUNG SELATAN', 251, 17),
	(3688, 'ABUNG SEMULI', 251, 17),
	(3689, 'ABUNG SURAKARTA', 251, 17),
	(3690, 'ABUNG TENGAH', 251, 17),
	(3691, 'ABUNG TIMUR', 251, 17),
	(3692, 'ABUNG TINGGI', 251, 17),
	(3693, 'BLAMBANGAN PAGAR', 251, 17),
	(3694, 'BUKIT KEMUNING', 251, 17),
	(3695, 'BUNGA MAYANG', 251, 17),
	(3696, 'HULU SUNGKAI', 251, 17),
	(3697, 'KOTABUMI', 251, 17),
	(3698, 'KOTABUMI SELATAN', 251, 17),
	(3699, 'KOTABUMI UTARA', 251, 17),
	(3700, 'MUARA SUNGKAI', 251, 17),
	(3701, 'SUNGKAI BARAT', 251, 17),
	(3702, 'SUNGKAI JAYA', 251, 17),
	(3703, 'SUNGKAI SELATAN', 251, 17),
	(3704, 'SUNGKAI TENGAH', 251, 17),
	(3705, 'SUNGKAI UTARA', 251, 17),
	(3706, 'TANJUNG RAJA', 251, 17),
	(3707, 'MESUJI', 252, 17),
	(3708, 'MESUJI TIMUR', 252, 17),
	(3709, 'PANCA JAYA', 252, 17),
	(3710, 'RAWA JITU UTARA', 252, 17),
	(3711, 'SIMPANG PEMATANG', 252, 17),
	(3712, 'TANJUNG RAYA', 252, 17),
	(3713, 'WAY SERDANG', 252, 17),
	(3714, 'METRO BARAT', 253, 17),
	(3715, 'METRO PUSAT', 253, 17),
	(3716, 'METRO SELATAN', 253, 17),
	(3717, 'METRO TIMUR', 253, 17),
	(3718, 'METRO UTARA', 253, 17),
	(3719, 'GEDONG TATAAN (GEDUNG TATAAN)', 254, 17),
	(3720, 'KEDONDONG', 254, 17),
	(3721, 'MARGA PUNDUH', 254, 17),
	(3722, 'NEGERI KATON', 254, 17),
	(3723, 'PADANG CERMIN', 254, 17),
	(3724, 'PUNDUH PIDADA (PEDADA)', 254, 17),
	(3725, 'TEGINENENG', 254, 17),
	(3726, 'WAY KHILAU', 254, 17),
	(3727, 'WAY LIMA', 254, 17),
	(3728, 'BENGKUNAT', 255, 17),
	(3729, 'BENGKUNAT BELIMBING', 255, 17),
	(3730, 'KARYA PENGGAWA', 255, 17),
	(3731, 'KRUI SELATAN', 255, 17),
	(3732, 'LEMONG', 255, 17),
	(3733, 'NGAMBUR', 255, 17),
	(3734, 'PESISIR SELATAN', 255, 17),
	(3735, 'PESISIR TENGAH', 255, 17),
	(3736, 'PESISIR UTARA', 255, 17),
	(3737, 'PULAU PISANG', 255, 17),
	(3738, 'WAY KRUI', 255, 17),
	(3739, 'ADI LUWIH', 256, 17),
	(3740, 'GADING REJO', 256, 17),
	(3741, 'PAGELARAN UTARA', 256, 17),
	(3742, 'PARDASUKA', 256, 17),
	(3743, 'PRINGSEWU', 256, 17),
	(3744, 'AIR NANINGAN', 257, 17),
	(3745, 'BANDAR NEGERI SEMUONG', 257, 17),
	(3746, 'BULOK', 257, 17),
	(3747, 'CUKUH BALAK', 257, 17),
	(3748, 'GISTING', 257, 17),
	(3749, 'GUNUNG ALIP', 257, 17),
	(3750, 'KELUMBAYAN', 257, 17),
	(3751, 'KELUMBAYAN BARAT', 257, 17),
	(3752, 'KOTA AGUNG (KOTA AGUNG PUSAT)', 257, 17),
	(3753, 'KOTA AGUNG BARAT', 257, 17),
	(3754, 'KOTA AGUNG TIMUR', 257, 17),
	(3755, 'LIMAU', 257, 17),
	(3756, 'PEMATANG SAWA', 257, 17),
	(3757, 'PUGUNG', 257, 17),
	(3758, 'PULAU PANGGUNG', 257, 17),
	(3759, 'SEMAKA', 257, 17),
	(3760, 'SUMBEREJO', 257, 17),
	(3761, 'TALANG PADANG', 257, 17),
	(3762, 'ULUBELU', 257, 17),
	(3763, 'BANJAR AGUNG', 258, 17),
	(3764, 'BANJAR BARU', 258, 17),
	(3765, 'BANJAR MARGO', 258, 17),
	(3766, 'DENTE TELADAS', 258, 17),
	(3767, 'GEDUNG AJI', 258, 17),
	(3768, 'GEDUNG AJI BARU', 258, 17),
	(3769, 'GEDUNG MENENG', 258, 17),
	(3770, 'MENGGALA', 258, 17),
	(3771, 'MENGGALA TIMUR', 258, 17),
	(3772, 'MERAKSA AJI', 258, 17),
	(3773, 'PENAWAR AJI', 258, 17),
	(3774, 'PENAWAR TAMA', 258, 17),
	(3775, 'RAWA PITU', 258, 17),
	(3776, 'RAWAJITU SELATAN', 258, 17),
	(3777, 'RAWAJITU TIMUR', 258, 17),
	(3778, 'GUNUNG AGUNG', 259, 17),
	(3779, 'GUNUNG TERANG', 259, 17),
	(3780, 'LAMBU KIBANG', 259, 17),
	(3781, 'TULANG BAWANG TENGAH', 259, 17),
	(3782, 'TULANG BAWANG UDIK', 259, 17),
	(3783, 'TUMIJAJAR', 259, 17),
	(3784, 'WAY KENANGA', 259, 17),
	(3785, 'BAHUGA', 260, 17),
	(3786, 'BANJIT', 260, 17),
	(3787, 'BARADATU', 260, 17),
	(3788, 'BLAMBANGAN UMPU', 260, 17),
	(3789, 'BUAY BAHUGA', 260, 17),
	(3790, 'BUMI AGUNG', 260, 17),
	(3791, 'GUNUNG LABUHAN', 260, 17),
	(3792, 'KASUI', 260, 17),
	(3793, 'NEGARA BATIN', 260, 17),
	(3794, 'NEGERI AGUNG', 260, 17),
	(3795, 'NEGERI BESAR', 260, 17),
	(3796, 'PAKUAN RATU', 260, 17),
	(3797, 'REBANG TANGKAS', 260, 17),
	(3798, 'WAY TUBA', 260, 17),
	(3799, 'BENGKAYANG', 261, 18),
	(3800, 'CAPKALA', 261, 18),
	(3801, 'JAGOI BABANG', 261, 18),
	(3802, 'LEDO', 261, 18),
	(3803, 'LEMBAH BAWANG', 261, 18),
	(3804, 'LUMAR', 261, 18),
	(3805, 'MONTERADO', 261, 18),
	(3806, 'SAMALANTAN', 261, 18),
	(3807, 'SANGGAU LEDO', 261, 18),
	(3808, 'SELUAS', 261, 18),
	(3809, 'SIDING', 261, 18),
	(3810, 'SUNGAI BETUNG', 261, 18),
	(3811, 'SUNGAI RAYA', 261, 18),
	(3812, 'SUNGAI RAYA KEPULAUAN', 261, 18),
	(3813, 'SUTI SEMARANG', 261, 18),
	(3814, 'TERIAK', 261, 18),
	(3815, 'TUJUH BELAS', 261, 18),
	(3816, 'BADAU', 262, 18),
	(3817, 'BATANG LUPAR', 262, 18),
	(3818, 'BIKA', 262, 18),
	(3819, 'BOYAN TANJUNG', 262, 18),
	(3820, 'BUNUT HILIR', 262, 18),
	(3821, 'BUNUT HULU', 262, 18),
	(3822, 'EMBALOH HILIR', 262, 18),
	(3823, 'EMBALOH HULU', 262, 18),
	(3824, 'EMPANANG', 262, 18),
	(3825, 'HULU GURUNG', 262, 18),
	(3826, 'JONGKONG (JENGKONG)', 262, 18),
	(3827, 'KALIS', 262, 18),
	(3828, 'MENTEBAH', 262, 18),
	(3829, 'PENGKADAN (BATU DATU)', 262, 18),
	(3830, 'PURING KENCANA', 262, 18),
	(3831, 'PUTUSSIBAU SELATAN', 262, 18),
	(3832, 'PUTUSSIBAU UTARA', 262, 18),
	(3833, 'SEBERUANG', 262, 18),
	(3834, 'SELIMBAU', 262, 18),
	(3835, 'SEMITAU', 262, 18),
	(3836, 'SILAT HILIR', 262, 18),
	(3837, 'SILAT HULU', 262, 18),
	(3838, 'SUHAID', 262, 18),
	(3839, 'KEPULAUAN KARIMATA', 263, 18),
	(3840, 'PULAU MAYA (PULAU MAYA KARIMATA)', 263, 18),
	(3841, 'SEPONTI', 263, 18),
	(3842, 'SIMPANG HILIR', 263, 18),
	(3843, 'SUKADANA', 263, 18),
	(3844, 'TELUK BATANG', 263, 18),
	(3845, 'AIR UPAS', 264, 18),
	(3846, 'BENUA KAYONG', 264, 18),
	(3847, 'DELTA PAWAN', 264, 18),
	(3848, 'HULU SUNGAI', 264, 18),
	(3849, 'JELAI HULU', 264, 18),
	(3850, 'KENDAWANGAN', 264, 18),
	(3851, 'MANIS MATA', 264, 18),
	(3852, 'MARAU', 264, 18),
	(3853, 'MATAN HILIR SELATAN', 264, 18),
	(3854, 'MATAN HILIR UTARA', 264, 18),
	(3855, 'MUARA PAWAN', 264, 18),
	(3856, 'NANGA TAYAP', 264, 18),
	(3857, 'PEMAHAN', 264, 18),
	(3858, 'SANDAI', 264, 18),
	(3859, 'SIMPANG DUA', 264, 18),
	(3860, 'SIMPANG HULU', 264, 18),
	(3861, 'SINGKUP', 264, 18),
	(3862, 'SUNGAI LAUR', 264, 18),
	(3863, 'SUNGAI MELAYU RAYAK', 264, 18),
	(3864, 'TUMBANG TITI', 264, 18),
	(3865, 'BATU AMPAR', 265, 18),
	(3866, 'KUALA MANDOR-B', 265, 18),
	(3867, 'RASAU JAYA', 265, 18),
	(3868, 'SEI/SUNGAI AMBAWANG', 265, 18),
	(3869, 'SEI/SUNGAI KAKAP', 265, 18),
	(3870, 'SEI/SUNGAI RAYA', 265, 18),
	(3871, 'TELUK/TELOK PAKEDAI', 265, 18),
	(3872, 'TERENTANG', 265, 18),
	(3873, 'AIR BESAR', 266, 18),
	(3874, 'BANYUKE HULU', 266, 18),
	(3875, 'JELIMPO', 266, 18),
	(3876, 'KUALA BEHE', 266, 18),
	(3877, 'MANDOR', 266, 18),
	(3878, 'MEMPAWAH HULU', 266, 18),
	(3879, 'MENJALIN', 266, 18),
	(3880, 'MENYUKE', 266, 18),
	(3881, 'MERANTI', 266, 18),
	(3882, 'NGABANG', 266, 18),
	(3883, 'SEBANGKI', 266, 18),
	(3884, 'SENGAH TEMILA', 266, 18),
	(3885, 'SOMPAK', 266, 18),
	(3886, 'BELIMBING', 267, 18),
	(3887, 'BELIMBING HULU', 267, 18),
	(3888, 'ELLA HILIR', 267, 18),
	(3889, 'MENUKUNG', 267, 18),
	(3890, 'NANGA PINOH', 267, 18),
	(3891, 'PINOH SELATAN', 267, 18),
	(3892, 'PINOH UTARA', 267, 18),
	(3893, 'SAYAN', 267, 18),
	(3894, 'SOKAN', 267, 18),
	(3895, 'TANAH PINOH', 267, 18),
	(3896, 'TANAH PINOH BARAT', 267, 18),
	(3897, 'ANJONGAN', 268, 18),
	(3898, 'MEMPAWAH HILIR', 268, 18),
	(3899, 'MEMPAWAH TIMUR', 268, 18),
	(3900, 'PONTIANAK BARAT', 268, 18),
	(3901, 'PONTIANAK KOTA', 268, 18),
	(3902, 'PONTIANAK SELATAN', 268, 18),
	(3903, 'PONTIANAK TENGGARA', 268, 18),
	(3904, 'PONTIANAK TIMUR', 268, 18),
	(3905, 'PONTIANAK UTARA', 268, 18),
	(3906, 'SADANIANG', 268, 18),
	(3907, 'SEGEDONG', 268, 18),
	(3908, 'SEI/SUNGAI KUNYIT', 268, 18),
	(3909, 'SEI/SUNGAI PINYUH', 268, 18),
	(3910, 'SIANTAN', 268, 18),
	(3911, 'TOHO', 268, 18),
	(3912, 'GALING', 269, 18),
	(3913, 'JAWAI', 269, 18),
	(3914, 'JAWAI SELATAN', 269, 18),
	(3915, 'PALOH', 269, 18),
	(3916, 'PEMANGKAT', 269, 18),
	(3917, 'SAJAD', 269, 18),
	(3918, 'SAJINGAN BESAR', 269, 18),
	(3919, 'SALATIGA', 269, 18),
	(3920, 'SAMBAS', 269, 18),
	(3921, 'SEBAWI', 269, 18),
	(3922, 'SEJANGKUNG', 269, 18),
	(3923, 'SELAKAU', 269, 18),
	(3924, 'SELAKAU TIMUR', 269, 18),
	(3925, 'SEMPARUK', 269, 18),
	(3926, 'SUBAH', 269, 18),
	(3927, 'TANGARAN', 269, 18),
	(3928, 'TEBAS', 269, 18),
	(3929, 'TEKARANG', 269, 18),
	(3930, 'TELUK KERAMAT', 269, 18),
	(3931, 'BALAI', 270, 18),
	(3932, 'BEDUAI (BEDUWAI)', 270, 18),
	(3933, 'BONTI', 270, 18),
	(3934, 'ENTIKONG', 270, 18),
	(3935, 'JANGKANG', 270, 18),
	(3936, 'KAPUAS (SANGGAU KAPUAS)', 270, 18),
	(3937, 'KEMBAYAN', 270, 18),
	(3938, 'MELIAU', 270, 18),
	(3939, 'MUKOK', 270, 18),
	(3940, 'NOYAN', 270, 18),
	(3941, 'PARINDU', 270, 18),
	(3942, 'SEKAYAM', 270, 18),
	(3943, 'TAYAN HILIR', 270, 18),
	(3944, 'TAYAN HULU', 270, 18),
	(3945, 'TOBA', 270, 18),
	(3946, 'BELITANG', 271, 18),
	(3947, 'BELITANG HILIR', 271, 18),
	(3948, 'BELITANG HULU', 271, 18),
	(3949, 'NANGA MAHAP', 271, 18),
	(3950, 'NANGA TAMAN', 271, 18),
	(3951, 'SEKADAU HILIR', 271, 18),
	(3952, 'SEKADAU HULU', 271, 18),
	(3953, 'SINGKAWANG BARAT', 272, 18),
	(3954, 'SINGKAWANG SELATAN', 272, 18),
	(3955, 'SINGKAWANG TENGAH', 272, 18),
	(3956, 'SINGKAWANG TIMUR', 272, 18),
	(3957, 'SINGKAWANG UTARA', 272, 18),
	(3958, 'BINJAI HULU', 273, 18),
	(3959, 'DEDAI', 273, 18),
	(3960, 'KAYAN HILIR', 273, 18),
	(3961, 'KAYAN HULU', 273, 18),
	(3962, 'KELAM PERMAI', 273, 18),
	(3963, 'KETUNGAU HILIR', 273, 18),
	(3964, 'KETUNGAU HULU', 273, 18),
	(3965, 'KETUNGAU TENGAH', 273, 18),
	(3966, 'SEPAUK', 273, 18),
	(3967, 'SERAWAI (NANGA SERAWAI)', 273, 18),
	(3968, 'SINTANG', 273, 18),
	(3969, 'SUNGAI TEBELIAN', 273, 18),
	(3970, 'TEMPUNAK', 273, 18),
	(3971, 'DUSUN HILIR', 274, 19),
	(3972, 'DUSUN SELATAN', 274, 19),
	(3973, 'DUSUN UTARA', 274, 19),
	(3974, 'GUNUNG BINTANG AWAI', 274, 19),
	(3975, 'JENAMAS', 274, 19),
	(3976, 'KARAU KUALA', 274, 19),
	(3977, 'AWANG', 275, 19),
	(3978, 'BENUA LIMA', 275, 19),
	(3979, 'DUSUN TENGAH', 275, 19),
	(3980, 'DUSUN TIMUR', 275, 19),
	(3981, 'KARUSEN JANANG', 275, 19),
	(3982, 'PAJU EPAT', 275, 19),
	(3983, 'PAKU', 275, 19),
	(3984, 'PATANGKEP TUTUI', 275, 19),
	(3985, 'PEMATANG KARAU', 275, 19),
	(3986, 'RAREN BATUAH', 275, 19),
	(3987, 'GUNUNG PUREI', 276, 19),
	(3988, 'GUNUNG TIMANG', 276, 19),
	(3989, 'LAHEI', 276, 19),
	(3990, 'LAHEI BARAT', 276, 19),
	(3991, 'MONTALLAT (MONTALAT)', 276, 19),
	(3992, 'TEWEH BARU', 276, 19),
	(3993, 'TEWEH SELATAN', 276, 19),
	(3994, 'TEWEH TENGAH', 276, 19),
	(3995, 'TEWEH TIMUR', 276, 19),
	(3996, 'DAMANG BATU', 277, 19),
	(3997, 'KAHAYAN HULU UTARA', 277, 19),
	(3998, 'KURUN', 277, 19),
	(3999, 'MANUHING', 277, 19),
	(4000, 'MANUHING RAYA', 277, 19),
	(4001, 'MIHING RAYA', 277, 19),
	(4002, 'MIRI MANASA', 277, 19),
	(4003, 'RUNGAN', 277, 19),
	(4004, 'RUNGAN BARAT', 277, 19),
	(4005, 'RUNGAN HULU', 277, 19),
	(4006, 'SEPANG (SEPANG SIMIN)', 277, 19),
	(4007, 'TEWAH', 277, 19),
	(4008, 'BASARANG', 278, 19),
	(4009, 'BATAGUH', 278, 19),
	(4010, 'DADAHUP', 278, 19),
	(4011, 'KAPUAS BARAT', 278, 19),
	(4012, 'KAPUAS HILIR', 278, 19),
	(4013, 'KAPUAS HULU', 278, 19),
	(4014, 'KAPUAS KUALA', 278, 19),
	(4015, 'KAPUAS MURUNG', 278, 19),
	(4016, 'KAPUAS TENGAH', 278, 19),
	(4017, 'KAPUAS TIMUR', 278, 19),
	(4018, 'MANDAU TALAWANG', 278, 19),
	(4019, 'MANTANGAI', 278, 19),
	(4020, 'PASAK TALAWANG', 278, 19),
	(4021, 'PULAU PETAK', 278, 19),
	(4022, 'TAMBAN CATUR', 278, 19),
	(4023, 'TIMPAH', 278, 19),
	(4024, 'BUKIT RAYA', 279, 19),
	(4025, 'KAMIPANG', 279, 19),
	(4026, 'KATINGAN HILIR', 279, 19),
	(4027, 'KATINGAN HULU', 279, 19),
	(4028, 'KATINGAN KUALA', 279, 19),
	(4029, 'KATINGAN TENGAH', 279, 19),
	(4030, 'MARIKIT', 279, 19),
	(4031, 'MENDAWAI', 279, 19),
	(4032, 'PETAK MALAI', 279, 19),
	(4033, 'PULAU MALAN', 279, 19),
	(4034, 'SANAMAN MANTIKEI (SENAMANG MANTIKEI)', 279, 19),
	(4035, 'TASIK PAYAWAN', 279, 19),
	(4036, 'TEWANG SANGGALANG GARING (SANGALANG)', 279, 19),
	(4037, 'ARUT SELATAN', 280, 19),
	(4038, 'ARUT UTARA', 280, 19),
	(4039, 'KOTAWARINGIN LAMA', 280, 19),
	(4040, 'KUMAI', 280, 19),
	(4041, 'PANGKALAN BANTENG', 280, 19),
	(4042, 'PANGKALAN LADA', 280, 19),
	(4043, 'ANTANG KALANG', 281, 19),
	(4044, 'BAAMANG', 281, 19),
	(4045, 'BUKIT SANTUEI', 281, 19),
	(4046, 'CEMPAGA', 281, 19),
	(4047, 'CEMPAGA HULU', 281, 19),
	(4048, 'KOTA BESI', 281, 19),
	(4049, 'MENTAWA BARU (KETAPANG)', 281, 19),
	(4050, 'MENTAYA HILIR SELATAN', 281, 19),
	(4051, 'MENTAYA HILIR UTARA', 281, 19),
	(4052, 'MENTAYA HULU', 281, 19),
	(4053, 'PARENGGEAN', 281, 19),
	(4054, 'PULAU HANAUT', 281, 19),
	(4055, 'SERANAU', 281, 19),
	(4056, 'TELAGA ANTANG', 281, 19),
	(4057, 'TELAWANG', 281, 19),
	(4058, 'TELUK SAMPIT', 281, 19),
	(4059, 'TUALAN HULU', 281, 19),
	(4060, 'BATANGKAWA', 282, 19),
	(4061, 'BELANTIKAN RAYA', 282, 19),
	(4062, 'BULIK', 282, 19),
	(4063, 'BULIK TIMUR', 282, 19),
	(4064, 'DELANG', 282, 19),
	(4065, 'LAMANDAU', 282, 19),
	(4066, 'MENTHOBI RAYA', 282, 19),
	(4067, 'SEMATU JAYA', 282, 19),
	(4068, 'BARITO TUHUP RAYA', 283, 19),
	(4069, 'LAUNG TUHUP', 283, 19),
	(4070, 'MURUNG', 283, 19),
	(4071, 'PERMATA INTAN', 283, 19),
	(4072, 'SERIBU RIAM', 283, 19),
	(4073, 'SUMBER BARITO', 283, 19),
	(4074, 'SUNGAI BABUAT', 283, 19),
	(4075, 'TANAH SIANG', 283, 19),
	(4076, 'TANAH SIANG SELATAN', 283, 19),
	(4077, 'UUT MURUNG', 283, 19),
	(4078, 'BUKIT BATU', 284, 19),
	(4079, 'JEKAN RAYA', 284, 19),
	(4080, 'PAHANDUT', 284, 19),
	(4081, 'RAKUMPIT', 284, 19),
	(4082, 'SEBANGAU', 284, 19),
	(4083, 'BANAMA TINGANG', 285, 19),
	(4084, 'JABIREN RAYA', 285, 19),
	(4085, 'KAHAYAN HILIR', 285, 19),
	(4086, 'KAHAYAN KUALA', 285, 19),
	(4087, 'KAHAYAN TENGAH', 285, 19),
	(4088, 'MALIKU', 285, 19),
	(4089, 'PANDIH BATU', 285, 19),
	(4090, 'SEBANGAU KUALA', 285, 19),
	(4091, 'DANAU SELULUK', 286, 19),
	(4092, 'DANAU SEMBULUH', 286, 19),
	(4093, 'HANAU', 286, 19),
	(4094, 'SERUYAN HILIR', 286, 19),
	(4095, 'SERUYAN HILIR TIMUR', 286, 19),
	(4096, 'SERUYAN HULU', 286, 19),
	(4097, 'SERUYAN RAYA', 286, 19),
	(4098, 'SERUYAN TENGAH', 286, 19),
	(4099, 'SULING TAMBUN', 286, 19),
	(4100, 'BALAI RIAM', 287, 19),
	(4101, 'JELAI', 287, 19),
	(4102, 'PANTAI LUNCI', 287, 19),
	(4103, 'PERMATA KECUBUNG', 287, 19),
	(4104, 'SUKAMARA', 287, 19),
	(4105, 'AWAYAN', 288, 20),
	(4106, 'BATU MANDI', 288, 20),
	(4107, 'HALONG', 288, 20),
	(4108, 'JUAI', 288, 20),
	(4109, 'LAMPIHONG', 288, 20),
	(4110, 'PARINGIN', 288, 20),
	(4111, 'PARINGIN SELATAN', 288, 20),
	(4112, 'TEBING TINGGI', 288, 20),
	(4113, 'BANJAR BARU SELATAN', 290, 20),
	(4114, 'BANJAR BARU UTARA', 290, 20),
	(4115, 'CEMPAKA', 290, 20),
	(4116, 'LANDASAN ULIN', 290, 20),
	(4117, 'LIANG ANGGANG', 290, 20),
	(4118, 'BANJARMASIN BARAT', 291, 20),
	(4119, 'BANJARMASIN SELATAN', 291, 20),
	(4120, 'BANJARMASIN TENGAH', 291, 20),
	(4121, 'BANJARMASIN TIMUR', 291, 20),
	(4122, 'BANJARMASIN UTARA', 291, 20),
	(4123, 'ALALAK', 292, 20),
	(4124, 'ANJIR MUARA', 292, 20),
	(4125, 'ANJIR PASAR', 292, 20),
	(4126, 'BAKUMPAI', 292, 20),
	(4127, 'BARAMBAI', 292, 20),
	(4128, 'BELAWANG', 292, 20),
	(4129, 'CERBON', 292, 20),
	(4130, 'JEJANGKIT', 292, 20),
	(4131, 'MANDASTANA', 292, 20),
	(4132, 'MARABAHAN', 292, 20),
	(4133, 'MEKAR SARI', 292, 20),
	(4134, 'RANTAU BADAUH', 292, 20),
	(4135, 'TABUKAN', 292, 20),
	(4136, 'TABUNGANEN', 292, 20),
	(4137, 'TAMBAN', 292, 20),
	(4138, 'WANARAYA', 292, 20),
	(4139, 'ANGKINANG', 293, 20),
	(4140, 'DAHA BARAT', 293, 20),
	(4141, 'DAHA SELATAN', 293, 20),
	(4142, 'DAHA UTARA', 293, 20),
	(4143, 'KALUMPANG (KELUMPANG)', 293, 20),
	(4144, 'KANDANGAN', 293, 20),
	(4145, 'LOKSADO', 293, 20),
	(4146, 'PADANG BATUNG', 293, 20),
	(4147, 'SIMPUR', 293, 20),
	(4148, 'TELAGA LANGSAT', 293, 20),
	(4149, 'BARABAI', 294, 20),
	(4150, 'BATANG ALAI SELATAN', 294, 20),
	(4151, 'BATANG ALAI TIMUR', 294, 20),
	(4152, 'BATANG ALAI UTARA', 294, 20),
	(4153, 'BATU BENAWA', 294, 20),
	(4154, 'HANTAKAN', 294, 20),
	(4155, 'HARUYAN', 294, 20),
	(4156, 'LABUAN AMAS SELATAN', 294, 20),
	(4157, 'LABUAN AMAS UTARA', 294, 20),
	(4158, 'LIMPASU', 294, 20),
	(4159, 'PANDAWAN', 294, 20),
	(4160, 'AMUNTAI SELATAN', 295, 20),
	(4161, 'AMUNTAI TENGAH', 295, 20),
	(4162, 'AMUNTAI UTARA', 295, 20),
	(4163, 'BABIRIK', 295, 20),
	(4164, 'BANJANG', 295, 20),
	(4165, 'DANAU PANGGANG', 295, 20),
	(4166, 'HAUR GADING', 295, 20),
	(4167, 'PAMINGGIR', 295, 20),
	(4168, 'SUNGAI PANDAN', 295, 20),
	(4169, 'SUNGAI TABUKAN', 295, 20),
	(4170, 'HAMPANG', 296, 20),
	(4171, 'KELUMPANG BARAT', 296, 20),
	(4172, 'KELUMPANG HILIR', 296, 20),
	(4173, 'KELUMPANG HULU', 296, 20),
	(4174, 'KELUMPANG SELATAN', 296, 20),
	(4175, 'KELUMPANG TENGAH', 296, 20),
	(4176, 'KELUMPANG UTARA', 296, 20),
	(4177, 'PAMUKAN BARAT', 296, 20),
	(4178, 'PAMUKAN SELATAN', 296, 20),
	(4179, 'PAMUKAN UTARA', 296, 20),
	(4180, 'PULAU LAUT BARAT', 296, 20),
	(4181, 'PULAU LAUT KEPULAUAN', 296, 20),
	(4182, 'PULAU LAUT SELATAN', 296, 20),
	(4183, 'PULAU LAUT TANJUNG SELAYAR', 296, 20),
	(4184, 'PULAU LAUT TENGAH', 296, 20),
	(4185, 'PULAU LAUT TIMUR', 296, 20),
	(4186, 'PULAU LAUT UTARA', 296, 20),
	(4187, 'PULAU SEBUKU', 296, 20),
	(4188, 'SAMPANAHAN', 296, 20),
	(4189, 'SUNGAI DURIAN', 296, 20),
	(4190, 'BANUA LAWAS', 297, 20),
	(4191, 'BINTANG ARA', 297, 20),
	(4192, 'HARUAI', 297, 20),
	(4193, 'JARO', 297, 20),
	(4194, 'KELUA (KLUA)', 297, 20),
	(4195, 'MUARA HARUS', 297, 20),
	(4196, 'MUARA UYA', 297, 20),
	(4197, 'MURUNG PUDAK', 297, 20),
	(4198, 'PUGAAN', 297, 20),
	(4199, 'TANTA', 297, 20),
	(4200, 'UPAU', 297, 20),
	(4201, 'ANGSANA', 298, 20),
	(4202, 'BATULICIN', 298, 20),
	(4203, 'KARANG BINTANG', 298, 20),
	(4204, 'KURANJI', 298, 20),
	(4205, 'KUSAN HILIR', 298, 20),
	(4206, 'KUSAN HULU', 298, 20),
	(4207, 'MANTEWE', 298, 20),
	(4208, 'SATUI', 298, 20),
	(4209, 'SIMPANG EMPAT', 298, 20),
	(4210, 'SUNGAI LOBAN', 298, 20),
	(4211, 'BAJUIN', 299, 20),
	(4212, 'BATI-BATI', 299, 20),
	(4213, 'BUMI MAKMUR', 299, 20),
	(4214, 'JORONG', 299, 20),
	(4215, 'KINTAP', 299, 20),
	(4216, 'KURAU', 299, 20),
	(4217, 'PANYIPATAN', 299, 20),
	(4218, 'PELAIHARI', 299, 20),
	(4219, 'TAKISUNG', 299, 20),
	(4220, 'TAMBANG ULANG', 299, 20),
	(4221, 'BAKARANGAN', 300, 20),
	(4222, 'BUNGUR', 300, 20),
	(4223, 'CANDI LARAS SELATAN', 300, 20),
	(4224, 'CANDI LARAS UTARA', 300, 20),
	(4225, 'HATUNGUN', 300, 20),
	(4226, 'LOKPAIKAT', 300, 20),
	(4227, 'PIANI', 300, 20),
	(4228, 'SALAM BABARIS', 300, 20),
	(4229, 'TAPIN SELATAN', 300, 20),
	(4230, 'TAPIN TENGAH', 300, 20),
	(4231, 'TAPIN UTARA', 300, 20),
	(4232, 'BALIKPAPAN BARAT', 301, 21),
	(4233, 'BALIKPAPAN KOTA', 301, 21),
	(4234, 'BALIKPAPAN SELATAN', 301, 21),
	(4235, 'BALIKPAPAN TENGAH', 301, 21),
	(4236, 'BALIKPAPAN TIMUR', 301, 21),
	(4237, 'BALIKPAPAN UTARA', 301, 21),
	(4238, 'BIATAN', 302, 21),
	(4239, 'BIDUK-BIDUK', 302, 21),
	(4240, 'DERAWAN (PULAU DERAWAN)', 302, 21),
	(4241, 'GUNUNG TABUR', 302, 21),
	(4242, 'KELAY', 302, 21),
	(4243, 'MARATUA', 302, 21),
	(4244, 'SAMBALIUNG', 302, 21),
	(4245, 'SEGAH', 302, 21),
	(4246, 'TABALAR', 302, 21),
	(4247, 'TALISAYAN', 302, 21),
	(4248, 'TANJUNG REDEB', 302, 21),
	(4249, 'TELUK BAYUR', 302, 21),
	(4250, 'BONTANG BARAT', 303, 21),
	(4251, 'BONTANG SELATAN', 303, 21),
	(4252, 'BONTANG UTARA', 303, 21),
	(4253, 'BARONG TONGKOK', 304, 21),
	(4254, 'BENTIAN BESAR', 304, 21),
	(4255, 'BONGAN', 304, 21),
	(4256, 'DAMAI', 304, 21),
	(4257, 'JEMPANG', 304, 21),
	(4258, 'LAHAM', 304, 21),
	(4259, 'LINGGANG BIGUNG', 304, 21),
	(4260, 'LONG APARI', 304, 21),
	(4261, 'LONG BAGUN', 304, 21),
	(4262, 'LONG HUBUNG', 304, 21),
	(4263, 'LONG IRAM', 304, 21),
	(4264, 'LONG PAHANGAI', 304, 21),
	(4265, 'MANOR BULATIN (MOOK MANAAR BULATN)', 304, 21),
	(4266, 'MELAK', 304, 21),
	(4267, 'MUARA LAWA', 304, 21),
	(4268, 'MUARA PAHU', 304, 21),
	(4269, 'NYUATAN', 304, 21),
	(4270, 'PENYINGGAHAN', 304, 21),
	(4271, 'SEKOLAQ DARAT', 304, 21),
	(4272, 'SILUQ NGURAI', 304, 21),
	(4273, 'TERING', 304, 21),
	(4274, 'ANGGANA', 305, 21),
	(4275, 'KEMBANG JANGGUT', 305, 21),
	(4276, 'KENOHAN', 305, 21),
	(4277, 'KOTA BANGUN', 305, 21),
	(4278, 'LOA JANAN', 305, 21),
	(4279, 'LOA KULU', 305, 21),
	(4280, 'MARANG KAYU', 305, 21),
	(4281, 'MUARA BADAK', 305, 21),
	(4282, 'MUARA JAWA', 305, 21),
	(4283, 'MUARA KAMAN', 305, 21),
	(4284, 'MUARA MUNTAI', 305, 21),
	(4285, 'MUARA WIS', 305, 21),
	(4286, 'SAMBOJA (SEMBOJA)', 305, 21),
	(4287, 'SANGA-SANGA', 305, 21),
	(4288, 'SEBULU', 305, 21),
	(4289, 'TENGGARONG', 305, 21),
	(4290, 'TENGGARONG SEBERANG', 305, 21),
	(4291, 'BENGALON', 306, 21),
	(4292, 'BUSANG', 306, 21),
	(4293, 'KALIORANG', 306, 21),
	(4294, 'KARANGAN', 306, 21),
	(4295, 'KAUBUN', 306, 21),
	(4296, 'KONGBENG', 306, 21),
	(4297, 'LONG MESANGAT (MESENGAT)', 306, 21),
	(4298, 'MUARA ANCALONG', 306, 21),
	(4299, 'MUARA BENGKAL', 306, 21),
	(4300, 'MUARA WAHAU', 306, 21),
	(4301, 'RANTAU PULUNG', 306, 21),
	(4302, 'SANDARAN', 306, 21),
	(4303, 'SANGATTA SELATAN', 306, 21),
	(4304, 'SANGATTA UTARA', 306, 21),
	(4305, 'SANGKULIRANG', 306, 21),
	(4306, 'TELEN', 306, 21),
	(4307, 'TELUK PANDAN', 306, 21),
	(4308, 'BATU ENGAU', 307, 21),
	(4309, 'BATU SOPANG', 307, 21),
	(4310, 'KUARO', 307, 21),
	(4311, 'LONG IKIS', 307, 21),
	(4312, 'LONG KALI', 307, 21),
	(4313, 'MUARA KOMAM', 307, 21),
	(4314, 'MUARA SAMU', 307, 21),
	(4315, 'PASIR BELENGKONG', 307, 21),
	(4316, 'TANAH GROGOT', 307, 21),
	(4317, 'TANJUNG HARAPAN', 307, 21),
	(4318, 'BABULU', 308, 21),
	(4319, 'PENAJAM', 308, 21),
	(4320, 'SEPAKU', 308, 21),
	(4321, 'WARU', 308, 21),
	(4322, 'LOA JANAN ILIR', 309, 21),
	(4323, 'PALARAN', 309, 21),
	(4324, 'SAMARINDA ILIR', 309, 21),
	(4325, 'SAMARINDA KOTA', 309, 21),
	(4326, 'SAMARINDA SEBERANG', 309, 21),
	(4327, 'SAMARINDA ULU', 309, 21),
	(4328, 'SAMARINDA UTARA', 309, 21),
	(4329, 'SAMBUTAN', 309, 21),
	(4330, 'SUNGAI KUNJANG', 309, 21),
	(4331, 'SUNGAI PINANG', 309, 21),
	(4332, 'PESO', 310, 22),
	(4333, 'PESO HILIR/ILIR', 310, 22),
	(4334, 'PULAU BUNYU', 310, 22),
	(4335, 'SEKATAK', 310, 22),
	(4336, 'TANJUNG PALAS', 310, 22),
	(4337, 'TANJUNG PALAS BARAT', 310, 22),
	(4338, 'TANJUNG PALAS TENGAH', 310, 22),
	(4339, 'TANJUNG PALAS TIMUR', 310, 22),
	(4340, 'TANJUNG PALAS UTARA', 310, 22),
	(4341, 'TANJUNG SELOR', 310, 22),
	(4342, 'BAHAU HULU', 311, 22),
	(4343, 'KAYAN SELATAN', 311, 22),
	(4344, 'MALINAU BARAT', 311, 22),
	(4345, 'MALINAU KOTA', 311, 22),
	(4346, 'MALINAU SELATAN', 311, 22),
	(4347, 'MALINAU SELATAN HILIR', 311, 22),
	(4348, 'MALINAU SELATAN HULU', 311, 22),
	(4349, 'MALINAU UTARA', 311, 22),
	(4350, 'MENTARANG', 311, 22),
	(4351, 'MENTARANG HULU', 311, 22),
	(4352, 'PUJUNGAN', 311, 22),
	(4353, 'SUNGAI BOH', 311, 22),
	(4354, 'SUNGAI TUBU', 311, 22),
	(4355, 'KRAYAN', 312, 22),
	(4356, 'KRAYAN SELATAN', 312, 22),
	(4357, 'LUMBIS', 312, 22),
	(4358, 'LUMBIS OGONG', 312, 22),
	(4359, 'NUNUKAN', 312, 22),
	(4360, 'NUNUKAN SELATAN', 312, 22),
	(4361, 'SEBATIK', 312, 22),
	(4362, 'SEBATIK BARAT', 312, 22),
	(4363, 'SEBATIK TENGAH', 312, 22),
	(4364, 'SEBATIK TIMUR', 312, 22),
	(4365, 'SEBATIK UTARA', 312, 22),
	(4366, 'SEBUKU', 312, 22),
	(4367, 'SEI MENGGARIS', 312, 22),
	(4368, 'SEMBAKUNG', 312, 22),
	(4369, 'TULIN ONSOI', 312, 22),
	(4370, 'BETAYAU', 313, 22),
	(4371, 'SESAYAP', 313, 22),
	(4372, 'SESAYAP HILIR', 313, 22),
	(4373, 'TANA LIA (TANAH LIA)', 313, 22),
	(4374, 'TARAKAN BARAT', 314, 22),
	(4375, 'TARAKAN TENGAH', 314, 22),
	(4376, 'TARAKAN TIMUR', 314, 22),
	(4377, 'TARAKAN UTARA', 314, 22),
	(4378, 'BANGGAE', 315, 23),
	(4379, 'BANGGAE TIMUR', 315, 23),
	(4380, 'MALUNDA', 315, 23),
	(4381, 'PAMBOANG', 315, 23),
	(4382, 'TAMMEREDO SENDANA', 315, 23),
	(4383, 'TUBO (TUBO SENDANA)', 315, 23),
	(4384, 'ULUMUNDA', 315, 23),
	(4385, 'ARALLE (ARRALE)', 316, 23),
	(4386, 'BALLA', 316, 23),
	(4387, 'BAMBANG', 316, 23),
	(4388, 'BUNTUMALANGKA', 316, 23),
	(4389, 'MAMASA', 316, 23),
	(4390, 'MAMBI', 316, 23),
	(4391, 'MEHALAAN', 316, 23),
	(4392, 'MESSAWA', 316, 23),
	(4393, 'NOSU', 316, 23),
	(4394, 'PANA', 316, 23),
	(4395, 'RANTEBULAHAN TIMUR', 316, 23),
	(4396, 'SESENA PADANG', 316, 23),
	(4397, 'SUMARORONG', 316, 23),
	(4398, 'TABANG', 316, 23),
	(4399, 'TABULAHAN', 316, 23),
	(4400, 'TANDUK KALUA', 316, 23),
	(4401, 'TAWALIAN', 316, 23),
	(4402, 'BONEHAU', 317, 23),
	(4403, 'BUDONG-BUDONG', 317, 23),
	(4404, 'KALUKKU', 317, 23),
	(4405, 'KALUMPANG', 317, 23),
	(4406, 'KAROSSA', 317, 23),
	(4407, 'KEP. BALA BALAKANG', 317, 23),
	(4408, 'MAMUJU', 317, 23),
	(4409, 'PANGALE', 317, 23),
	(4410, 'PAPALANG', 317, 23),
	(4411, 'SAMPAGA', 317, 23),
	(4412, 'SIMBORO DAN KEPULAUAN', 317, 23),
	(4413, 'TAPALANG', 317, 23),
	(4414, 'TAPALANG BARAT', 317, 23),
	(4415, 'TOBADAK', 317, 23),
	(4416, 'TOMMO', 317, 23),
	(4417, 'TOPOYO', 317, 23),
	(4418, 'BAMBAIRA', 318, 23),
	(4419, 'BAMBALAMOTU', 318, 23),
	(4420, 'BARAS', 318, 23),
	(4421, 'BULU TABA', 318, 23),
	(4422, 'DAPURANG', 318, 23),
	(4423, 'DURIPOKU', 318, 23),
	(4424, 'LARIANG', 318, 23),
	(4425, 'PASANGKAYU', 318, 23),
	(4426, 'PEDONGGA', 318, 23),
	(4427, 'SARJO', 318, 23),
	(4428, 'SARUDU', 318, 23),
	(4429, 'TIKKE RAYA', 318, 23),
	(4430, 'ALU (ALLU)', 319, 23),
	(4431, 'ANREAPI', 319, 23),
	(4432, 'BALANIPA', 319, 23),
	(4433, 'BINUANG', 319, 23),
	(4434, 'BULO', 319, 23),
	(4435, 'CAMPALAGIAN', 319, 23),
	(4436, 'LIMBORO', 319, 23),
	(4437, 'LUYO', 319, 23),
	(4438, 'MAPILLI', 319, 23),
	(4439, 'MATAKALI', 319, 23),
	(4440, 'MATANGNGA', 319, 23),
	(4441, 'POLEWALI', 319, 23),
	(4442, 'TAPANGO', 319, 23),
	(4443, 'TINAMBUNG', 319, 23),
	(4444, 'TUBBI TARAMANU (TUTAR/TUTALLU)', 319, 23),
	(4445, 'WONOMULYO', 319, 23),
	(4446, 'BANTAENG', 320, 24),
	(4447, 'BISSAPPU', 320, 24),
	(4448, 'EREMERASA', 320, 24),
	(4449, 'GANTARANG KEKE (GANTARENG KEKE)', 320, 24),
	(4450, 'PAJUKUKANG', 320, 24),
	(4451, 'SINOA', 320, 24),
	(4452, 'TOMPOBULU', 320, 24),
	(4453, 'ULUERE', 320, 24),
	(4454, 'BARRU', 321, 24),
	(4455, 'MALLUSETASI', 321, 24),
	(4456, 'PUJANANTING', 321, 24),
	(4457, 'SOPPENG RIAJA', 321, 24),
	(4458, 'TANETE RIAJA', 321, 24),
	(4459, 'TANETE RILAU', 321, 24),
	(4460, 'AJANGALE', 322, 24),
	(4461, 'AMALI', 322, 24),
	(4462, 'AWANGPONE', 322, 24),
	(4463, 'BAREBBO', 322, 24),
	(4464, 'BENGO', 322, 24),
	(4465, 'BONTOCANI', 322, 24),
	(4466, 'CENRANA', 322, 24),
	(4467, 'CINA', 322, 24),
	(4468, 'DUA BOCCOE', 322, 24),
	(4469, 'KAHU', 322, 24),
	(4470, 'KAJUARA', 322, 24),
	(4471, 'LAMURU', 322, 24),
	(4472, 'LAPPARIAJA', 322, 24),
	(4473, 'LIBURENG', 322, 24),
	(4474, 'PALAKKA', 322, 24),
	(4475, 'PATIMPENG', 322, 24),
	(4476, 'PONRE', 322, 24),
	(4477, 'SALOMEKKO', 322, 24),
	(4478, 'SIBULUE', 322, 24),
	(4479, 'TANETE RIATTANG', 322, 24),
	(4480, 'TANETE RIATTANG BARAT', 322, 24),
	(4481, 'TANETE RIATTANG TIMUR', 322, 24),
	(4482, 'TELLU LIMPOE', 322, 24),
	(4483, 'TELLU SIATTINGE', 322, 24),
	(4484, 'TONRA', 322, 24),
	(4485, 'ULAWENG', 322, 24),
	(4486, 'BONTO BAHARI', 323, 24),
	(4487, 'BONTOTIRO', 323, 24),
	(4488, 'BULUKUMBA (BULUKUMPA)', 323, 24),
	(4489, 'GANTORANG/GANTARANG (GANGKING)', 323, 24),
	(4490, 'HERO LANGE-LANGE (HERLANG)', 323, 24),
	(4491, 'KAJANG', 323, 24),
	(4492, 'KINDANG', 323, 24),
	(4493, 'RILAU ALE', 323, 24),
	(4494, 'UJUNG BULU', 323, 24),
	(4495, 'UJUNG LOE', 323, 24),
	(4496, 'ALLA', 324, 24),
	(4497, 'ANGGERAJA', 324, 24),
	(4498, 'BARAKA', 324, 24),
	(4499, 'BAROKO', 324, 24),
	(4500, 'BUNGIN', 324, 24),
	(4501, 'BUNTU BATU', 324, 24),
	(4502, 'CENDANA', 324, 24),
	(4503, 'CURIO', 324, 24),
	(4504, 'ENREKANG', 324, 24),
	(4505, 'MAIWA', 324, 24),
	(4506, 'MALUA', 324, 24),
	(4507, 'MASALLE', 324, 24),
	(4508, 'BAJENG', 325, 24),
	(4509, 'BAJENG BARAT', 325, 24),
	(4510, 'BAROMBONG', 325, 24),
	(4511, 'BIRINGBULU', 325, 24),
	(4512, 'BONTOLEMPANGANG', 325, 24),
	(4513, 'BONTOMARANNU', 325, 24),
	(4514, 'BONTONOMPO', 325, 24),
	(4515, 'BONTONOMPO SELATAN', 325, 24),
	(4516, 'BUNGAYA', 325, 24),
	(4517, 'MANUJU', 325, 24),
	(4518, 'PALLANGGA', 325, 24),
	(4519, 'PARANGLOE', 325, 24),
	(4520, 'PATTALLASSANG', 325, 24),
	(4521, 'SOMBA OPU (UPU)', 325, 24),
	(4522, 'TINGGIMONCONG', 325, 24),
	(4523, 'TOMBOLO PAO', 325, 24),
	(4524, 'ARUNGKEKE', 326, 24),
	(4525, 'BANGKALA', 326, 24),
	(4526, 'BANGKALA BARAT', 326, 24),
	(4527, 'BATANG', 326, 24),
	(4528, 'BINAMU', 326, 24),
	(4529, 'BONTORAMBA', 326, 24),
	(4530, 'KELARA', 326, 24),
	(4531, 'TAMALATEA', 326, 24),
	(4532, 'TAROWANG', 326, 24),
	(4533, 'TURATEA', 326, 24),
	(4534, 'BAJO', 327, 24),
	(4535, 'BAJO BARAT', 327, 24),
	(4536, 'BASSE SANGTEMPE UTARA', 327, 24),
	(4537, 'BASSESANG TEMPE (BASTEM)', 327, 24),
	(4538, 'BELOPA', 327, 24),
	(4539, 'BELOPA UTARA', 327, 24),
	(4540, 'BUA', 327, 24),
	(4541, 'BUA PONRANG (BUPON)', 327, 24),
	(4542, 'KAMANRE', 327, 24),
	(4543, 'LAMASI', 327, 24),
	(4544, 'LAMASI TIMUR', 327, 24),
	(4545, 'LAROMPONG', 327, 24),
	(4546, 'LAROMPONG SELATAN', 327, 24),
	(4547, 'LATIMOJONG', 327, 24),
	(4548, 'PONRANG', 327, 24),
	(4549, 'PONRANG SELATAN', 327, 24),
	(4550, 'SULI', 327, 24),
	(4551, 'SULI BARAT', 327, 24),
	(4552, 'WALENRANG', 327, 24),
	(4553, 'WALENRANG BARAT', 327, 24),
	(4554, 'WALENRANG TIMUR', 327, 24),
	(4555, 'WALENRANG UTARA', 327, 24),
	(4556, 'ANGKONA', 328, 24),
	(4557, 'BURAU', 328, 24),
	(4558, 'KALAENA', 328, 24),
	(4559, 'MALILI', 328, 24),
	(4560, 'MANGKUTANA', 328, 24),
	(4561, 'NUHA', 328, 24),
	(4562, 'TOMONI', 328, 24),
	(4563, 'TOMONI TIMUR', 328, 24),
	(4564, 'TOWUTI', 328, 24),
	(4565, 'WASUPONDA', 328, 24),
	(4566, 'WOTU', 328, 24),
	(4567, 'BAEBUNTA', 329, 24),
	(4568, 'BONE-BONE', 329, 24),
	(4569, 'LIMBONG', 329, 24),
	(4570, 'MALANGKE', 329, 24),
	(4571, 'MALANGKE BARAT', 329, 24),
	(4572, 'MAPPEDECENG', 329, 24),
	(4573, 'MASAMBA', 329, 24),
	(4574, 'RAMPI', 329, 24),
	(4575, 'SABBANG', 329, 24),
	(4576, 'SEKO', 329, 24),
	(4577, 'SUKAMAJU', 329, 24),
	(4578, 'TANA LILI', 329, 24),
	(4579, 'BIRING KANAYA', 330, 24),
	(4580, 'BONTOALA', 330, 24),
	(4581, 'MAKASSAR', 330, 24),
	(4582, 'MAMAJANG', 330, 24),
	(4583, 'MANGGALA', 330, 24),
	(4584, 'MARISO', 330, 24),
	(4585, 'PANAKKUKANG', 330, 24),
	(4586, 'RAPPOCINI', 330, 24),
	(4587, 'TALLO', 330, 24),
	(4588, 'TAMALANREA', 330, 24),
	(4589, 'TAMALATE', 330, 24),
	(4590, 'UJUNG PANDANG', 330, 24),
	(4591, 'UJUNG TANAH', 330, 24),
	(4592, 'WAJO', 330, 24),
	(4593, 'BANTIMURUNG', 331, 24),
	(4594, 'BONTOA (MAROS UTARA)', 331, 24),
	(4595, 'CAMBA', 331, 24),
	(4596, 'LAU', 331, 24),
	(4597, 'MALLAWA', 331, 24),
	(4598, 'MANDAI', 331, 24),
	(4599, 'MAROS BARU', 331, 24),
	(4600, 'MARUSU', 331, 24),
	(4601, 'MONCONGLOE', 331, 24),
	(4602, 'SIMBANG', 331, 24),
	(4603, 'TANRALILI', 331, 24),
	(4604, 'TOMPU BULU', 331, 24),
	(4605, 'TURIKALE', 331, 24),
	(4606, 'BARA', 332, 24),
	(4607, 'MUNGKAJANG', 332, 24),
	(4608, 'SENDANA', 332, 24),
	(4609, 'TELLUWANUA', 332, 24),
	(4610, 'WARA', 332, 24),
	(4611, 'WARA BARAT', 332, 24),
	(4612, 'WARA SELATAN', 332, 24),
	(4613, 'WARA TIMUR', 332, 24),
	(4614, 'WARA UTARA', 332, 24),
	(4615, 'BALOCCI', 333, 24),
	(4616, 'BUNGORO', 333, 24),
	(4617, 'LABAKKANG', 333, 24),
	(4618, 'LIUKANG KALMAS (KALUKUANG MASALIMA)', 333, 24),
	(4619, 'LIUKANG TANGAYA', 333, 24),
	(4620, 'LIUKANG TUPABBIRING', 333, 24),
	(4621, 'LIUKANG TUPABBIRING UTARA', 333, 24),
	(4622, 'MANDALLE', 333, 24),
	(4623, 'MARANG (MA RANG)', 333, 24),
	(4624, 'MINASA TENE', 333, 24),
	(4625, 'PANGKAJENE', 333, 24),
	(4626, 'SEGERI', 333, 24),
	(4627, 'TONDONG TALLASA', 333, 24),
	(4628, 'BACUKIKI', 334, 24),
	(4629, 'BACUKIKI BARAT', 334, 24),
	(4630, 'SOREANG', 334, 24),
	(4631, 'UJUNG', 334, 24),
	(4632, 'BATULAPPA', 335, 24),
	(4633, 'CEMPA', 335, 24),
	(4634, 'DUAMPANUA', 335, 24),
	(4635, 'LANRISANG', 335, 24),
	(4636, 'LEMBANG', 335, 24),
	(4637, 'MATTIRO BULU', 335, 24),
	(4638, 'MATTIRO SOMPE', 335, 24),
	(4639, 'PALETEANG', 335, 24),
	(4640, 'PATAMPANUA', 335, 24),
	(4641, 'SUPPA', 335, 24),
	(4642, 'TIROANG', 335, 24),
	(4643, 'WATANG SAWITTO', 335, 24),
	(4644, 'BENTENG', 336, 24),
	(4645, 'BONTOHARU', 336, 24),
	(4646, 'BONTOMANAI', 336, 24),
	(4647, 'BONTOMATENE', 336, 24),
	(4648, 'BONTOSIKUYU', 336, 24),
	(4649, 'BUKI', 336, 24),
	(4650, 'PASILAMBENA', 336, 24),
	(4651, 'PASIMARANNU', 336, 24),
	(4652, 'PASIMASSUNGGU', 336, 24),
	(4653, 'PASIMASUNGGU TIMUR', 336, 24),
	(4654, 'TAKABONERATE', 336, 24),
	(4655, 'BARANTI', 337, 24),
	(4656, 'DUA PITUE', 337, 24),
	(4657, 'KULO', 337, 24),
	(4658, 'MARITENGNGAE', 337, 24),
	(4659, 'PANCA LAUTAN (LAUTANG)', 337, 24),
	(4660, 'PANCA RIJANG', 337, 24),
	(4661, 'PITU RAISE/RIASE', 337, 24),
	(4662, 'PITU RIAWA', 337, 24),
	(4663, 'WATANG PULU', 337, 24),
	(4664, 'WATTANG SIDENRENG (WATANG SIDENRENG)', 337, 24),
	(4665, 'BULUPODDO', 338, 24),
	(4666, 'PULAU SEMBILAN', 338, 24),
	(4667, 'SINJAI BARAT', 338, 24),
	(4668, 'SINJAI BORONG', 338, 24),
	(4669, 'SINJAI SELATAN', 338, 24),
	(4670, 'SINJAI TENGAH', 338, 24),
	(4671, 'SINJAI TIMUR', 338, 24),
	(4672, 'SINJAI UTARA', 338, 24),
	(4673, 'CITTA', 339, 24),
	(4674, 'DONRI-DONRI', 339, 24),
	(4675, 'GANRA', 339, 24),
	(4676, 'LALABATA', 339, 24),
	(4677, 'LILI RILAU', 339, 24),
	(4678, 'LILIRAJA (LILI RIAJA)', 339, 24),
	(4679, 'MARIO RIAWA', 339, 24),
	(4680, 'MARIO RIWAWO', 339, 24),
	(4681, 'GALESONG', 340, 24),
	(4682, 'GALESONG SELATAN', 340, 24),
	(4683, 'GALESONG UTARA', 340, 24),
	(4684, 'MANGARA BOMBANG', 340, 24),
	(4685, 'MAPPAKASUNGGU', 340, 24),
	(4686, 'PATALLASSANG', 340, 24),
	(4687, 'POLOMBANGKENG SELATAN (POLOBANGKENG)', 340, 24),
	(4688, 'POLOMBANGKENG UTARA (POLOBANGKENG)', 340, 24),
	(4689, 'SANROBONE', 340, 24),
	(4690, 'BITTUANG', 341, 24),
	(4691, 'BONGGAKARADENG', 341, 24),
	(4692, 'GANDANG BATU SILLANAN', 341, 24),
	(4693, 'KURRA', 341, 24),
	(4694, 'MAKALE', 341, 24),
	(4695, 'MAKALE SELATAN', 341, 24),
	(4696, 'MAKALE UTARA', 341, 24),
	(4697, 'MALIMBONG BALEPE', 341, 24),
	(4698, 'MAPPAK', 341, 24),
	(4699, 'MASANDA', 341, 24),
	(4700, 'MENGKENDEK', 341, 24),
	(4701, 'RANO', 341, 24),
	(4702, 'RANTETAYO', 341, 24),
	(4703, 'REMBON', 341, 24),
	(4704, 'SALUPUTTI', 341, 24),
	(4705, 'SANGALLA (SANGGALA)', 341, 24),
	(4706, 'SANGALLA SELATAN', 341, 24),
	(4707, 'SANGALLA UTARA', 341, 24),
	(4708, 'SIMBUANG', 341, 24),
	(4709, 'AWAN RANTE KARUA', 342, 24),
	(4710, 'BALUSU', 342, 24),
	(4711, 'BANGKELEKILA', 342, 24),
	(4712, 'BARUPPU', 342, 24),
	(4713, 'BUNTAO', 342, 24),
	(4714, 'BUNTU PEPASAN', 342, 24),
	(4715, 'DENDE\\ PIONGAN NAPO', 342, 24),
	(4716, 'KAPALLA PITU (KAPALA PITU)', 342, 24),
	(4717, 'KESU', 342, 24),
	(4718, 'NANGGALA', 342, 24),
	(4719, 'RANTEBUA', 342, 24),
	(4720, 'RANTEPAO', 342, 24),
	(4721, 'RINDINGALLO', 342, 24),
	(4722, 'SA\\DAN', 342, 24),
	(4723, 'SANGGALANGI', 342, 24),
	(4724, 'SESEAN', 342, 24),
	(4725, 'SESEAN SULOARA', 342, 24),
	(4726, 'SOPAI', 342, 24),
	(4727, 'TALLUNGLIPU', 342, 24),
	(4728, 'TONDON', 342, 24),
	(4729, 'BELAWA', 343, 24),
	(4730, 'BOLA', 343, 24),
	(4731, 'GILIRENG', 343, 24),
	(4732, 'KEERA', 343, 24),
	(4733, 'MAJAULENG', 343, 24),
	(4734, 'MANIANG PAJO', 343, 24),
	(4735, 'PAMMANA', 343, 24),
	(4736, 'PENRANG', 343, 24),
	(4737, 'PITUMPANUA', 343, 24),
	(4738, 'SABBANG PARU', 343, 24),
	(4739, 'SAJOANGING', 343, 24),
	(4740, 'TAKKALALLA', 343, 24),
	(4741, 'TANA SITOLO', 343, 24),
	(4742, 'TEMPE', 343, 24),
	(4743, 'BATUPOARO', 344, 25),
	(4744, 'BETOAMBARI', 344, 25),
	(4745, 'BUNGI', 344, 25),
	(4746, 'KOKALUKUNA', 344, 25),
	(4747, 'LEA-LEA', 344, 25),
	(4748, 'MURHUM', 344, 25),
	(4749, 'SORA WALIO (SOROWALIO)', 344, 25),
	(4750, 'WOLIO', 344, 25),
	(4751, 'KABAENA', 345, 25),
	(4752, 'KABAENA BARAT', 345, 25),
	(4753, 'KABAENA SELATAN', 345, 25),
	(4754, 'KABAENA TENGAH', 345, 25),
	(4755, 'KABAENA TIMUR', 345, 25),
	(4756, 'KABAENA UTARA', 345, 25),
	(4757, 'KEPULAUAN MASALOKA RAYA', 345, 25),
	(4758, 'LENTARAI JAYA S. (LANTARI JAYA)', 345, 25),
	(4759, 'MATA OLEO', 345, 25),
	(4760, 'MATA USU', 345, 25),
	(4761, 'POLEANG', 345, 25),
	(4762, 'POLEANG BARAT', 345, 25),
	(4763, 'POLEANG SELATAN', 345, 25),
	(4764, 'POLEANG TENGAH', 345, 25),
	(4765, 'POLEANG TENGGARA', 345, 25),
	(4766, 'POLEANG TIMUR', 345, 25),
	(4767, 'POLEANG UTARA', 345, 25),
	(4768, 'RAROWATU', 345, 25),
	(4769, 'RAROWATU UTARA', 345, 25),
	(4770, 'RUMBIA', 345, 25),
	(4771, 'RUMBIA TENGAH', 345, 25),
	(4772, 'TONTONUNU (TONTONUWU)', 345, 25),
	(4773, 'BATAUGA', 346, 25),
	(4774, 'BATU ATAS', 346, 25),
	(4775, 'GU', 346, 25),
	(4776, 'KADATUA', 346, 25),
	(4777, 'KAPONTORI', 346, 25),
	(4778, 'LAKUDO', 346, 25),
	(4779, 'LAPANDEWA', 346, 25),
	(4780, 'LASALIMU', 346, 25),
	(4781, 'LASALIMU SELATAN', 346, 25),
	(4782, 'MAWASANGKA', 346, 25),
	(4783, 'MAWASANGKA TENGAH', 346, 25),
	(4784, 'MAWASANGKA TIMUR', 346, 25),
	(4785, 'PASAR WAJO', 346, 25),
	(4786, 'SAMPOLAWA', 346, 25),
	(4787, 'SANGIA MAMBULU', 346, 25),
	(4788, 'SIOMPU', 346, 25),
	(4789, 'SIOMPU BARAT', 346, 25),
	(4790, 'SIONTAPIA (SIONTAPINA)', 346, 25),
	(4791, 'TALAGA RAYA (TELAGA RAYA)', 346, 25),
	(4792, 'WABULA', 346, 25),
	(4793, 'WOLOWA', 346, 25),
	(4794, 'BONEGUNU', 347, 25),
	(4795, 'KAMBOWA', 347, 25),
	(4796, 'KULISUSU (KALINGSUSU/KALISUSU)', 347, 25),
	(4797, 'KULISUSU BARAT', 347, 25),
	(4798, 'KULISUSU UTARA', 347, 25),
	(4799, 'WAKORUMBA UTARA', 347, 25),
	(4800, 'ABELI', 348, 25),
	(4801, 'BARUGA', 348, 25),
	(4802, 'KADIA', 348, 25),
	(4803, 'KAMBU', 348, 25),
	(4804, 'KENDARI', 348, 25),
	(4805, 'KENDARI BARAT', 348, 25),
	(4806, 'MANDONGA', 348, 25),
	(4807, 'POASIA', 348, 25),
	(4808, 'PUUWATU', 348, 25),
	(4809, 'WUA-WUA', 348, 25),
	(4810, 'BAULA', 349, 25),
	(4811, 'KOLAKA', 349, 25),
	(4812, 'LADONGI', 349, 25),
	(4813, 'LALOLAE', 349, 25),
	(4814, 'LAMBANDIA (LAMBADIA)', 349, 25),
	(4815, 'LATAMBAGA', 349, 25),
	(4816, 'LOEA', 349, 25),
	(4817, 'MOWEWE', 349, 25),
	(4818, 'POLI POLIA', 349, 25),
	(4819, 'POLINGGONA', 349, 25),
	(4820, 'POMALAA', 349, 25),
	(4821, 'SAMATURU', 349, 25),
	(4822, 'TANGGETADA', 349, 25),
	(4823, 'TINONDO', 349, 25),
	(4824, 'TIRAWUTA', 349, 25),
	(4825, 'TOARI', 349, 25),
	(4826, 'ULUIWOI', 349, 25),
	(4827, 'WATUMBANGGA (WATUBANGGO)', 349, 25),
	(4828, 'WOLO', 349, 25),
	(4829, 'WUNDULAKO', 349, 25),
	(4830, 'BATU PUTIH', 350, 25),
	(4831, 'KATOI', 350, 25),
	(4832, 'KODEOHA', 350, 25),
	(4833, 'LASUSUA', 350, 25),
	(4834, 'LOMBAI (LAMBAI)', 350, 25),
	(4835, 'NGAPA', 350, 25),
	(4836, 'PAKUE', 350, 25),
	(4837, 'PAKUE TENGAH', 350, 25),
	(4838, 'PAKUE UTARA', 350, 25),
	(4839, 'POREHU', 350, 25),
	(4840, 'RANTEANGIN', 350, 25),
	(4841, 'TIWU', 350, 25),
	(4842, 'TOLALA', 350, 25),
	(4843, 'WATUNOHU', 350, 25),
	(4844, 'WAWO', 350, 25),
	(4845, 'ABUKI', 351, 25),
	(4846, 'AMONGGEDO', 351, 25),
	(4847, 'ANGGABERI', 351, 25),
	(4848, 'ASINUA', 351, 25),
	(4849, 'BESULUTU', 351, 25),
	(4850, 'BONDOALA', 351, 25),
	(4851, 'KAPOIALA (KAPOYALA)', 351, 25),
	(4852, 'KONAWE', 351, 25),
	(4853, 'LALONGGASUMEETO', 351, 25),
	(4854, 'LAMBUYA', 351, 25),
	(4855, 'LATOMA', 351, 25),
	(4856, 'MELUHU', 351, 25),
	(4857, 'ONEMBUTE', 351, 25),
	(4858, 'PONDIDAHA', 351, 25),
	(4859, 'PURIALA', 351, 25),
	(4860, 'ROUTA', 351, 25),
	(4861, 'SAMPARA', 351, 25),
	(4862, 'SOROPIA', 351, 25),
	(4863, 'TONGAUNA', 351, 25),
	(4864, 'UEPAI (UWEPAI)', 351, 25),
	(4865, 'UNAAHA', 351, 25),
	(4866, 'WAWONII BARAT', 351, 25),
	(4867, 'WAWONII SELATAN', 351, 25),
	(4868, 'WAWONII TENGAH', 351, 25),
	(4869, 'WAWONII TENGGARA', 351, 25),
	(4870, 'WAWONII TIMUR', 351, 25),
	(4871, 'WAWONII TIMUR LAUT', 351, 25),
	(4872, 'WAWONII UTARA', 351, 25),
	(4873, 'WAWOTOBI', 351, 25),
	(4874, 'WONGGEDUKU', 351, 25),
	(4875, 'ANDOOLO', 352, 25),
	(4876, 'ANGATA', 352, 25),
	(4877, 'BAITO', 352, 25),
	(4878, 'BASALA', 352, 25),
	(4879, 'BENUA', 352, 25),
	(4880, 'BUKE', 352, 25),
	(4881, 'KOLONO', 352, 25),
	(4882, 'LAEYA', 352, 25),
	(4883, 'LAINEA', 352, 25),
	(4884, 'LALEMBUU / LALUMBUU', 352, 25),
	(4885, 'LANDONO', 352, 25),
	(4886, 'LAONTI', 352, 25),
	(4887, 'MORAMO', 352, 25),
	(4888, 'MORAMO UTARA', 352, 25),
	(4889, 'MOWILA', 352, 25),
	(4890, 'PALANGGA', 352, 25),
	(4891, 'PALANGGA SELATAN', 352, 25),
	(4892, 'RANOMEETO', 352, 25),
	(4893, 'RANOMEETO BARAT', 352, 25),
	(4894, 'TINANGGEA', 352, 25),
	(4895, 'WOLASI', 352, 25),
	(4896, 'ANDOWIA', 353, 25),
	(4897, 'ASERA', 353, 25),
	(4898, 'LANGGIKIMA', 353, 25),
	(4899, 'LASOLO', 353, 25),
	(4900, 'MOLAWE', 353, 25),
	(4901, 'MOTUI', 353, 25),
	(4902, 'OHEO', 353, 25),
	(4903, 'SAWA', 353, 25),
	(4904, 'WIWIRANO', 353, 25),
	(4905, 'BARANGKA', 354, 25),
	(4906, 'BATALAIWARU (BATALAIWORU)', 354, 25),
	(4907, 'BATUKARA', 354, 25),
	(4908, 'BONE (BONE TONDO)', 354, 25),
	(4909, 'DURUKA', 354, 25),
	(4910, 'KABANGKA', 354, 25),
	(4911, 'KABAWO', 354, 25),
	(4912, 'KATOBU', 354, 25),
	(4913, 'KONTU KOWUNA', 354, 25),
	(4914, 'KONTUNAGA', 354, 25),
	(4915, 'KUSAMBI', 354, 25),
	(4916, 'LASALEPA', 354, 25),
	(4917, 'LAWA', 354, 25),
	(4918, 'LOHIA', 354, 25),
	(4919, 'MAGINTI', 354, 25),
	(4920, 'MALIGANO', 354, 25),
	(4921, 'MAROBO', 354, 25),
	(4922, 'NAPABALANO', 354, 25),
	(4923, 'NAPANO KUSAMBI', 354, 25),
	(4924, 'PASI KOLAGA', 354, 25),
	(4925, 'SAWERIGADI (SAWERIGADING/SEWERGADI)', 354, 25),
	(4926, 'TIWORO KEPULAUAN', 354, 25),
	(4927, 'TIWORO SELATAN', 354, 25),
	(4928, 'TIWORO TENGAH', 354, 25),
	(4929, 'TIWORO UTARA', 354, 25),
	(4930, 'TONGKUNO', 354, 25),
	(4931, 'TONGKUNO SELATAN', 354, 25),
	(4932, 'TOWEA', 354, 25),
	(4933, 'WA DAGA', 354, 25),
	(4934, 'WAKORUMBA SELATAN', 354, 25),
	(4935, 'WATOPUTE', 354, 25),
	(4936, 'BINONGKO', 355, 25),
	(4937, 'KALEDUPA', 355, 25),
	(4938, 'KALEDUPA SELATAN', 355, 25),
	(4939, 'TOGO BINONGKO', 355, 25),
	(4940, 'TOMIA', 355, 25),
	(4941, 'TOMIA TIMUR', 355, 25),
	(4942, 'WANGI-WANGI', 355, 25),
	(4943, 'WANGI-WANGI SELATAN', 355, 25),
	(4944, 'BALANTAK', 356, 26),
	(4945, 'BALANTAK SELATAN', 356, 26),
	(4946, 'BALANTAK UTARA', 356, 26),
	(4947, 'BATUI', 356, 26),
	(4948, 'BATUI SELATAN', 356, 26),
	(4949, 'BUALEMO (BOALEMO)', 356, 26),
	(4950, 'BUNTA', 356, 26),
	(4951, 'KINTOM', 356, 26),
	(4952, 'LAMALA', 356, 26),
	(4953, 'LOBU', 356, 26),
	(4954, 'LUWUK', 356, 26),
	(4955, 'LUWUK SELATAN', 356, 26),
	(4956, 'LUWUK TIMUR', 356, 26),
	(4957, 'LUWUK UTARA', 356, 26),
	(4958, 'MANTOH', 356, 26),
	(4959, 'MASAMA', 356, 26),
	(4960, 'MOILONG', 356, 26),
	(4961, 'NAMBO', 356, 26),
	(4962, 'NUHON', 356, 26),
	(4963, 'PAGIMANA', 356, 26),
	(4964, 'SIMPANG RAYA', 356, 26),
	(4965, 'TOILI', 356, 26),
	(4966, 'TOILI BARAT', 356, 26),
	(4967, 'BANGGAI', 357, 26),
	(4968, 'BANGGAI SELATAN', 357, 26),
	(4969, 'BANGGAI TENGAH', 357, 26),
	(4970, 'BANGGAI UTARA', 357, 26),
	(4971, 'BANGKURUNG', 357, 26),
	(4972, 'BOKAN KEPULAUAN', 357, 26),
	(4973, 'BUKO', 357, 26),
	(4974, 'BUKO SELATAN', 357, 26),
	(4975, 'BULAGI', 357, 26),
	(4976, 'BULAGI SELATAN', 357, 26),
	(4977, 'BULAGI UTARA', 357, 26),
	(4978, 'LABOBO (LOBANGKURUNG)', 357, 26),
	(4979, 'LIANG', 357, 26),
	(4980, 'PELING TENGAH', 357, 26),
	(4981, 'TINANGKUNG', 357, 26),
	(4982, 'TINANGKUNG SELATAN', 357, 26),
	(4983, 'TINANGKUNG UTARA', 357, 26),
	(4984, 'TOTIKUM (TOTIKUNG)', 357, 26),
	(4985, 'TOTIKUM SELATAN', 357, 26),
	(4986, 'BOKAT', 358, 26),
	(4987, 'BUKAL', 358, 26),
	(4988, 'BUNOBOGU', 358, 26),
	(4989, 'GADUNG', 358, 26),
	(4990, 'KARAMAT', 358, 26),
	(4991, 'LAKEA (LIPUNOTO)', 358, 26),
	(4992, 'MOMUNU', 358, 26),
	(4993, 'PALELEH', 358, 26),
	(4994, 'PALELEH BARAT', 358, 26),
	(4995, 'TILOAN', 358, 26),
	(4996, 'BALAESANG', 359, 26),
	(4997, 'BALAESANG TANJUNG', 359, 26),
	(4998, 'BANAWA', 359, 26),
	(4999, 'BANAWA SELATAN', 359, 26),
	(5000, 'BANAWA TENGAH', 359, 26),
	(5001, 'DAMSOL (DAMPELAS SOJOL)', 359, 26),
	(5002, 'LABUAN', 359, 26),
	(5003, 'PINEMBANI', 359, 26),
	(5004, 'RIO PAKAVA (RIOPAKAWA)', 359, 26),
	(5005, 'SINDUE', 359, 26),
	(5006, 'SINDUE TOBATA', 359, 26),
	(5007, 'SINDUE TOMBUSABORA', 359, 26),
	(5008, 'SIRENJA', 359, 26),
	(5009, 'SOJOL', 359, 26),
	(5010, 'SOJOL UTARA', 359, 26),
	(5011, 'TANANTOVEA', 359, 26),
	(5012, 'BAHODOPI', 360, 26),
	(5013, 'BUMI RAYA', 360, 26),
	(5014, 'BUNGKU BARAT', 360, 26),
	(5015, 'BUNGKU PESISIR', 360, 26),
	(5016, 'BUNGKU SELATAN', 360, 26),
	(5017, 'BUNGKU TENGAH', 360, 26),
	(5018, 'BUNGKU TIMUR', 360, 26),
	(5019, 'BUNGKU UTARA', 360, 26),
	(5020, 'LEMBO', 360, 26),
	(5021, 'LEMBO RAYA', 360, 26),
	(5022, 'MAMOSALATO', 360, 26),
	(5023, 'MENUI KEPULAUAN', 360, 26),
	(5024, 'MORI ATAS', 360, 26),
	(5025, 'MORI UTARA', 360, 26),
	(5026, 'PETASIA', 360, 26),
	(5027, 'PETASIA BARAT', 360, 26),
	(5028, 'PETASIA TIMUR', 360, 26),
	(5029, 'SOYO JAYA', 360, 26),
	(5030, 'WITA PONDA', 360, 26),
	(5031, 'MANTIKULORE', 361, 26),
	(5032, 'PALU BARAT', 361, 26),
	(5033, 'PALU SELATAN', 361, 26),
	(5034, 'PALU TIMUR', 361, 26),
	(5035, 'PALU UTARA', 361, 26),
	(5036, 'TATANGA', 361, 26),
	(5037, 'TAWAELI', 361, 26),
	(5038, 'ULUJADI', 361, 26),
	(5039, 'AMPIBABO', 362, 26),
	(5040, 'BALINGGI', 362, 26),
	(5041, 'BOLANO', 362, 26),
	(5042, 'BOLANO LAMBUNU/LAMBULU', 362, 26),
	(5043, 'KASIMBAR', 362, 26),
	(5044, 'MEPANGA', 362, 26),
	(5045, 'MOUTONG', 362, 26),
	(5046, 'ONGKA MALINO', 362, 26),
	(5047, 'PALASA', 362, 26),
	(5048, 'PARIGI', 362, 26),
	(5049, 'PARIGI BARAT', 362, 26),
	(5050, 'PARIGI SELATAN', 362, 26),
	(5051, 'PARIGI TENGAH', 362, 26),
	(5052, 'PARIGI UTARA', 362, 26),
	(5053, 'SAUSU', 362, 26),
	(5054, 'SINIU', 362, 26),
	(5055, 'TAOPA', 362, 26),
	(5056, 'TINOMBO', 362, 26),
	(5057, 'TINOMBO SELATAN', 362, 26),
	(5058, 'TOMINI', 362, 26),
	(5059, 'TORIBULU', 362, 26),
	(5060, 'TORUE', 362, 26),
	(5061, 'LAGE', 363, 26),
	(5062, 'LORE BARAT', 363, 26),
	(5063, 'LORE PIORE', 363, 26),
	(5064, 'LORE SELATAN', 363, 26),
	(5065, 'LORE TENGAH', 363, 26),
	(5066, 'LORE TIMUR', 363, 26),
	(5067, 'LORE UTARA', 363, 26),
	(5068, 'PAMONA BARAT', 363, 26),
	(5069, 'PAMONA PUSELEMBA', 363, 26),
	(5070, 'PAMONA SELATAN', 363, 26),
	(5071, 'PAMONA TENGGARA', 363, 26),
	(5072, 'PAMONA TIMUR', 363, 26),
	(5073, 'PAMONA UTARA', 363, 26),
	(5074, 'POSO KOTA', 363, 26),
	(5075, 'POSO KOTA SELATAN', 363, 26),
	(5076, 'POSO KOTA UTARA', 363, 26),
	(5077, 'POSO PESISIR', 363, 26),
	(5078, 'POSO PESISIR SELATAN', 363, 26),
	(5079, 'POSO PESISIR UTARA', 363, 26),
	(5080, 'DOLO', 364, 26),
	(5081, 'DOLO BARAT', 364, 26),
	(5082, 'DOLO SELATAN', 364, 26),
	(5083, 'GUMBASA', 364, 26),
	(5084, 'KINOVARU', 364, 26),
	(5085, 'KULAWI', 364, 26),
	(5086, 'KULAWI SELATAN', 364, 26),
	(5087, 'LINDU', 364, 26),
	(5088, 'MARAWOLA', 364, 26),
	(5089, 'MARAWOLA BARAT', 364, 26),
	(5090, 'NOKILALAKI', 364, 26),
	(5091, 'PALOLO', 364, 26),
	(5092, 'PIPIKORO', 364, 26),
	(5093, 'SIGI BIROMARU', 364, 26),
	(5094, 'TANAMBULAVA', 364, 26),
	(5095, 'AMPANA KOTA', 365, 26),
	(5096, 'AMPANA TETE', 365, 26),
	(5097, 'TOGEAN', 365, 26),
	(5098, 'TOJO', 365, 26),
	(5099, 'TOJO BARAT', 365, 26),
	(5100, 'ULU BONGKA', 365, 26),
	(5101, 'UNA - UNA', 365, 26),
	(5102, 'WALEA BESAR', 365, 26),
	(5103, 'WALEA KEPULAUAN', 365, 26),
	(5104, 'BAOLAN', 366, 26),
	(5105, 'BASIDONDO', 366, 26),
	(5106, 'DAKO PAMEAN', 366, 26),
	(5107, 'DAMPAL SELATAN', 366, 26),
	(5108, 'DAMPAL UTARA', 366, 26),
	(5109, 'DONDO', 366, 26),
	(5110, 'GALANG', 366, 26),
	(5111, 'LAMPASIO', 366, 26),
	(5112, 'OGO DEIDE', 366, 26),
	(5113, 'TOLITOLI UTARA', 366, 26),
	(5114, 'BOTUMOITA (BOTUMOITO)', 367, 27),
	(5115, 'DULUPI', 367, 27),
	(5116, 'MANANGGU', 367, 27),
	(5117, 'PAGUYAMAN', 367, 27),
	(5118, 'PAGUYAMAN PANTAI', 367, 27),
	(5119, 'TILAMUTA', 367, 27),
	(5120, 'WONOSARI', 367, 27),
	(5121, 'BONE', 368, 27),
	(5122, 'BONE RAYA', 368, 27),
	(5123, 'BONEPANTAI', 368, 27),
	(5124, 'BOTU PINGGE', 368, 27),
	(5125, 'BULANGO SELATAN', 368, 27),
	(5126, 'BULANGO TIMUR', 368, 27),
	(5127, 'BULANGO ULU', 368, 27),
	(5128, 'BULANGO UTARA', 368, 27),
	(5129, 'BULAWA', 368, 27),
	(5130, 'KABILA', 368, 27),
	(5131, 'KABILA BONE', 368, 27),
	(5132, 'PINOGU', 368, 27),
	(5133, 'SUWAWA', 368, 27),
	(5134, 'SUWAWA SELATAN', 368, 27),
	(5135, 'SUWAWA TENGAH', 368, 27),
	(5136, 'SUWAWA TIMUR', 368, 27),
	(5137, 'TAPA', 368, 27),
	(5138, 'TILONGKABILA', 368, 27),
	(5139, 'ASPARAGA', 369, 27),
	(5140, 'BATUDAA', 369, 27),
	(5141, 'BATUDAA PANTAI', 369, 27),
	(5142, 'BILATO', 369, 27),
	(5143, 'BILUHU', 369, 27),
	(5144, 'BOLIOHUTO (BOLIYOHUTO)', 369, 27),
	(5145, 'BONGOMEME', 369, 27),
	(5146, 'DUMBO RAYA', 369, 27),
	(5147, 'DUNGALIYO', 369, 27),
	(5148, 'DUNGINGI', 369, 27),
	(5149, 'HULONTHALANGI', 369, 27),
	(5150, 'KOTA BARAT', 369, 27),
	(5151, 'KOTA SELATAN', 369, 27),
	(5152, 'KOTA TENGAH', 369, 27),
	(5153, 'KOTA TIMUR', 369, 27),
	(5154, 'KOTA UTARA', 369, 27),
	(5155, 'LIMBOTO', 369, 27),
	(5156, 'LIMBOTO BARAT', 369, 27),
	(5157, 'MOOTILANGO', 369, 27),
	(5158, 'PULUBALA', 369, 27),
	(5159, 'SIPATANA', 369, 27),
	(5160, 'TABONGO', 369, 27),
	(5161, 'TELAGA', 369, 27),
	(5162, 'TELAGA BIRU', 369, 27),
	(5163, 'TELAGA JAYA', 369, 27),
	(5164, 'TIBAWA', 369, 27),
	(5165, 'TILANGO', 369, 27),
	(5166, 'TOLANGOHULA', 369, 27),
	(5167, 'ANGGREK', 370, 27),
	(5168, 'ATINGGOLA', 370, 27),
	(5169, 'BIAU', 370, 27),
	(5170, 'GENTUMA RAYA', 370, 27),
	(5171, 'KWANDANG', 370, 27),
	(5172, 'MONANO', 370, 27),
	(5173, 'PONELO KEPULAUAN', 370, 27),
	(5174, 'SUMALATA', 370, 27),
	(5175, 'SUMALATA TIMUR', 370, 27),
	(5176, 'TOLINGGULA', 370, 27),
	(5177, 'TOMOLITO', 370, 27),
	(5178, 'BUNTULIA', 371, 27),
	(5179, 'DENGILO', 371, 27),
	(5180, 'DUHIADAA', 371, 27),
	(5181, 'LEMITO', 371, 27),
	(5182, 'MARISA', 371, 27),
	(5183, 'PAGUAT', 371, 27),
	(5184, 'PATILANGGIO', 371, 27),
	(5185, 'POPAYATO', 371, 27),
	(5186, 'POPAYATO BARAT', 371, 27),
	(5187, 'POPAYATO TIMUR', 371, 27),
	(5188, 'RANDANGAN', 371, 27),
	(5189, 'TALUDITI (TALUDUTI)', 371, 27),
	(5190, 'WANGGARASI', 371, 27),
	(5191, 'AERTEMBAGA (BITUNG TIMUR)', 372, 28),
	(5192, 'GIRIAN', 372, 28),
	(5193, 'LEMBEH SELATAN (BITUNG SELATAN)', 372, 28),
	(5194, 'LEMBEH UTARA', 372, 28),
	(5195, 'MADIDIR (BITUNG TENGAH)', 372, 28),
	(5196, 'MAESA', 372, 28),
	(5197, 'MATUARI (BITUNG BARAT)', 372, 28),
	(5198, 'RANOWULU (BITUNG UTARA)', 372, 28),
	(5199, 'BILALANG', 373, 28),
	(5200, 'BOLAANG', 373, 28),
	(5201, 'BOLAANG TIMUR', 373, 28),
	(5202, 'DUMOGA', 373, 28),
	(5203, 'DUMOGA BARAT', 373, 28),
	(5204, 'DUMOGA TENGAH', 373, 28),
	(5205, 'DUMOGA TENGGARA', 373, 28),
	(5206, 'DUMOGA TIMUR', 373, 28),
	(5207, 'DUMOGA UTARA', 373, 28),
	(5208, 'LOLAK', 373, 28),
	(5209, 'LOLAYAN', 373, 28),
	(5210, 'PASSI BARAT', 373, 28),
	(5211, 'PASSI TIMUR', 373, 28),
	(5212, 'POIGAR', 373, 28),
	(5213, 'SANGTOMBOLANG', 373, 28),
	(5214, 'BOLAANG UKI', 374, 28),
	(5215, 'PINOLOSIAN', 374, 28),
	(5216, 'PINOLOSIAN TENGAH', 374, 28),
	(5217, 'PINOLOSIAN TIMUR', 374, 28),
	(5218, 'POSIGADAN', 374, 28),
	(5219, 'KOTABUNAN', 375, 28),
	(5220, 'MODAYAG', 375, 28),
	(5221, 'MODAYAG BARAT', 375, 28),
	(5222, 'NUANGAN', 375, 28),
	(5223, 'TUTUYAN', 375, 28),
	(5224, 'BINTAUNA', 376, 28),
	(5225, 'BOLANG ITANG BARAT', 376, 28),
	(5226, 'BOLANG ITANG TIMUR', 376, 28),
	(5227, 'KAIDIPANG', 376, 28),
	(5228, 'PINOGALUMAN', 376, 28),
	(5229, 'SANGKUB', 376, 28),
	(5230, 'KENDAHE', 377, 28),
	(5231, 'KEPULAUAN MARORE', 377, 28),
	(5232, 'MANGANITU', 377, 28),
	(5233, 'MANGANITU SELATAN', 377, 28),
	(5234, 'NUSA TABUKAN', 377, 28),
	(5235, 'TABUKAN SELATAN', 377, 28),
	(5236, 'TABUKAN SELATAN TENGAH', 377, 28),
	(5237, 'TABUKAN SELATAN TENGGARA', 377, 28),
	(5238, 'TABUKAN TENGAH', 377, 28),
	(5239, 'TABUKAN UTARA', 377, 28),
	(5240, 'TAHUNA', 377, 28),
	(5241, 'TAHUNA BARAT', 377, 28),
	(5242, 'TAHUNA TIMUR', 377, 28),
	(5243, 'TAMAKO', 377, 28),
	(5244, 'TATOARENG', 377, 28),
	(5245, 'BIARO', 378, 28),
	(5246, 'SIAU BARAT', 378, 28),
	(5247, 'SIAU BARAT SELATAN', 378, 28),
	(5248, 'SIAU BARAT UTARA', 378, 28),
	(5249, 'SIAU TENGAH', 378, 28),
	(5250, 'SIAU TIMUR', 378, 28),
	(5251, 'SIAU TIMUR SELATAN', 378, 28),
	(5252, 'TAGULANDANG', 378, 28),
	(5253, 'TAGULANDANG SELATAN', 378, 28),
	(5254, 'TAGULANDANG UTARA', 378, 28),
	(5255, 'BEO', 379, 28),
	(5256, 'BEO SELATAN', 379, 28),
	(5257, 'BEO UTARA', 379, 28),
	(5258, 'DAMAO (DAMAU)', 379, 28),
	(5259, 'ESSANG', 379, 28),
	(5260, 'ESSANG SELATAN', 379, 28),
	(5261, 'GEMEH', 379, 28),
	(5262, 'KABARUAN', 379, 28),
	(5263, 'KALONGAN', 379, 28),
	(5264, 'LIRUNG', 379, 28),
	(5265, 'MELONGUANE', 379, 28),
	(5266, 'MELONGUANE TIMUR', 379, 28),
	(5267, 'MIANGAS', 379, 28),
	(5268, 'MORONGE', 379, 28),
	(5269, 'NANUSA', 379, 28),
	(5270, 'PULUTAN', 379, 28),
	(5271, 'RAINIS', 379, 28),
	(5272, 'SALIBABU', 379, 28),
	(5273, 'TAMPAN AMMA', 379, 28),
	(5274, 'KOTAMOBAGU BARAT', 380, 28),
	(5275, 'KOTAMOBAGU SELATAN', 380, 28),
	(5276, 'KOTAMOBAGU TIMUR', 380, 28),
	(5277, 'KOTAMOBAGU UTARA', 380, 28),
	(5278, 'BUNAKEN', 381, 28),
	(5279, 'BUNAKEN KEPULAUAN', 381, 28),
	(5280, 'MALALAYANG', 381, 28),
	(5281, 'MAPANGET', 381, 28),
	(5282, 'PAAL DUA', 381, 28),
	(5283, 'SARIO', 381, 28),
	(5284, 'SINGKIL', 381, 28),
	(5285, 'TIKALA', 381, 28),
	(5286, 'TUMINITING', 381, 28),
	(5287, 'WANEA', 381, 28),
	(5288, 'WENANG', 381, 28),
	(5289, 'ERIS', 382, 28),
	(5290, 'KAKAS', 382, 28),
	(5291, 'KAKAS BARAT', 382, 28),
	(5292, 'KAWANGKOAN', 382, 28),
	(5293, 'KAWANGKOAN BARAT', 382, 28),
	(5294, 'KAWANGKOAN UTARA', 382, 28),
	(5295, 'KOMBI', 382, 28),
	(5296, 'LANGOWAN BARAT', 382, 28),
	(5297, 'LANGOWAN SELATAN', 382, 28),
	(5298, 'LANGOWAN TIMUR', 382, 28),
	(5299, 'LANGOWAN UTARA', 382, 28),
	(5300, 'LEMBEAN TIMUR', 382, 28),
	(5301, 'MANDOLANG', 382, 28),
	(5302, 'PINELENG', 382, 28),
	(5303, 'REMBOKEN', 382, 28),
	(5304, 'SONDER', 382, 28),
	(5305, 'TOMBARIRI', 382, 28),
	(5306, 'TOMBARIRI TIMUR', 382, 28),
	(5307, 'TOMBULU', 382, 28),
	(5308, 'TOMPASO', 382, 28),
	(5309, 'TOMPASO BARAT', 382, 28),
	(5310, 'TONDANO BARAT', 382, 28),
	(5311, 'TONDANO SELATAN', 382, 28),
	(5312, 'TONDANO TIMUR', 382, 28),
	(5313, 'TONDANO UTARA', 382, 28),
	(5314, 'AMURANG', 383, 28),
	(5315, 'AMURANG BARAT', 383, 28),
	(5316, 'AMURANG TIMUR', 383, 28),
	(5317, 'KUMELEMBUAI', 383, 28),
	(5318, 'MAESAAN', 383, 28),
	(5319, 'MODOINDING', 383, 28),
	(5320, 'MOTOLING', 383, 28),
	(5321, 'MOTOLING BARAT', 383, 28),
	(5322, 'MOTOLING TIMUR', 383, 28),
	(5323, 'RANOYAPO', 383, 28),
	(5324, 'SINONSAYANG', 383, 28),
	(5325, 'SULUUN TARERAN', 383, 28),
	(5326, 'TARERAN', 383, 28),
	(5327, 'TATAPAAN', 383, 28),
	(5328, 'TENGA', 383, 28),
	(5329, 'TOMPASO BARU', 383, 28),
	(5330, 'TUMPAAN', 383, 28),
	(5331, 'BELANG', 384, 28),
	(5332, 'PASAN', 384, 28),
	(5333, 'PUSOMAEN', 384, 28),
	(5334, 'RATAHAN', 384, 28),
	(5335, 'RATAHAN TIMUR', 384, 28),
	(5336, 'RATATOTOK', 384, 28),
	(5337, 'SILIAN RAYA', 384, 28),
	(5338, 'TOMBATU', 384, 28),
	(5339, 'TOMBATU TIMUR', 384, 28),
	(5340, 'TOMBATU UTARA', 384, 28),
	(5341, 'TOULUAAN', 384, 28),
	(5342, 'TOULUAAN SELATAN', 384, 28),
	(5343, 'AIRMADIDI', 385, 28),
	(5344, 'DIMEMBE', 385, 28),
	(5345, 'KALAWAT', 385, 28),
	(5346, 'KAUDITAN', 385, 28),
	(5347, 'KEMA', 385, 28),
	(5348, 'LIKUPANG BARAT', 385, 28),
	(5349, 'LIKUPANG SELATAN', 385, 28),
	(5350, 'LIKUPANG TIMUR', 385, 28),
	(5351, 'TALAWAAN', 385, 28),
	(5352, 'WORI', 385, 28),
	(5353, 'TOMOHON BARAT', 386, 28),
	(5354, 'TOMOHON SELATAN', 386, 28),
	(5355, 'TOMOHON TENGAH', 386, 28),
	(5356, 'TOMOHON TIMUR', 386, 28),
	(5357, 'TOMOHON UTARA', 386, 28),
	(5358, 'BAGUALA', 387, 29),
	(5359, 'LEITIMUR SELATAN', 387, 29),
	(5360, 'NUSANIWE (NUSANIVE)', 387, 29),
	(5361, 'SIRIMAU', 387, 29),
	(5362, 'TELUK AMBON', 387, 29),
	(5363, 'AIRBUAYA', 388, 29),
	(5364, 'BATABUAL', 388, 29),
	(5365, 'FENA LEISELA', 388, 29),
	(5366, 'LILIALY', 388, 29),
	(5367, 'LOLONG GUBA', 388, 29),
	(5368, 'NAMLEA', 388, 29),
	(5369, 'TELUK KAIELY', 388, 29),
	(5370, 'WAEAPO', 388, 29),
	(5371, 'WAELATA', 388, 29),
	(5372, 'WAPLAU', 388, 29),
	(5373, 'AMBALAU', 389, 29),
	(5374, 'FENA FAFAN', 389, 29),
	(5375, 'KEPALA MADAN', 389, 29),
	(5376, 'LEKSULA', 389, 29),
	(5377, 'NAMROLE', 389, 29),
	(5378, 'WAESAMA', 389, 29),
	(5379, 'ARU SELATAN', 390, 29),
	(5380, 'ARU SELATAN TIMUR', 390, 29),
	(5381, 'ARU SELATAN UTARA', 390, 29),
	(5382, 'ARU TENGAH', 390, 29),
	(5383, 'ARU TENGAH SELATAN', 390, 29),
	(5384, 'ARU TENGAH TIMUR', 390, 29),
	(5385, 'ARU UTARA', 390, 29),
	(5386, 'ARU UTARA TIMUR BATULEY', 390, 29),
	(5387, 'PULAU-PULAU ARU', 390, 29),
	(5388, 'SIR-SIR', 390, 29),
	(5389, 'DAMER', 391, 29),
	(5390, 'DAWELOR DAWERA', 391, 29),
	(5391, 'KEPULAUAN ROMANG', 391, 29),
	(5392, 'KISAR UTARA', 391, 29),
	(5393, 'MDONA HYERA/HIERA', 391, 29),
	(5394, 'MOA LAKOR', 391, 29),
	(5395, 'PULAU LAKOR', 391, 29),
	(5396, 'PULAU LETTI (LETI MOA LAKOR)', 391, 29),
	(5397, 'PULAU MASELA', 391, 29),
	(5398, 'PULAU PULAU BABAR', 391, 29),
	(5399, 'PULAU PULAU TERSELATAN', 391, 29),
	(5400, 'PULAU WETANG', 391, 29),
	(5401, 'PULAU-PULAU BABAR TIMUR', 391, 29),
	(5402, 'WETAR', 391, 29),
	(5403, 'WETAR BARAT', 391, 29),
	(5404, 'WETAR TIMUR', 391, 29),
	(5405, 'WETAR UTARA', 391, 29),
	(5406, 'AMAHAI', 392, 29),
	(5407, 'BANDA', 392, 29),
	(5408, 'LEIHITU', 392, 29),
	(5409, 'LEIHITU BARAT', 392, 29),
	(5410, 'MASOHI KOTA', 392, 29),
	(5411, 'NUSALAUT', 392, 29),
	(5412, 'PULAU HARUKU', 392, 29),
	(5413, 'SALAHUTU', 392, 29),
	(5414, 'SAPARUA', 392, 29),
	(5415, 'SAPARUA TIMUR', 392, 29),
	(5416, 'SERAM UTARA', 392, 29),
	(5417, 'SERAM UTARA BARAT', 392, 29),
	(5418, 'SERAM UTARA TIMUR KOBI', 392, 29),
	(5419, 'SERAM UTARA TIMUR SETI', 392, 29),
	(5420, 'TEHORU', 392, 29),
	(5421, 'TELUK ELPAPUTIH', 392, 29),
	(5422, 'TELUTIH', 392, 29),
	(5423, 'TEON NILA SERUA', 392, 29),
	(5424, 'HOAT SORBAY', 393, 29),
	(5425, 'KEI BESAR', 393, 29),
	(5426, 'KEI BESAR SELATAN', 393, 29),
	(5427, 'KEI BESAR SELATAN BARAT', 393, 29),
	(5428, 'KEI BESAR UTARA BARAT', 393, 29),
	(5429, 'KEI BESAR UTARA TIMUR', 393, 29),
	(5430, 'KEI KECIL', 393, 29),
	(5431, 'KEI KECIL BARAT', 393, 29),
	(5432, 'KEI KECIL TIMUR', 393, 29),
	(5433, 'KEI KECIL TIMUR SELATAN', 393, 29),
	(5434, 'MANYEUW', 393, 29),
	(5435, 'KORMOMOLIN', 394, 29),
	(5436, 'MOLU MARU', 394, 29),
	(5437, 'NIRUNMAS', 394, 29),
	(5438, 'SELARU', 394, 29),
	(5439, 'TANIMBAR SELATAN', 394, 29),
	(5440, 'TANIMBAR UTARA', 394, 29),
	(5441, 'WERMAKATIAN (WER MAKTIAN)', 394, 29),
	(5442, 'WERTAMRIAN', 394, 29),
	(5443, 'WUARLABOBAR', 394, 29),
	(5444, 'YARU', 394, 29),
	(5445, 'AMALATU', 395, 29),
	(5446, 'ELPAPUTIH', 395, 29),
	(5447, 'HUAMUAL', 395, 29),
	(5448, 'HUAMUAL BELAKANG (WAISALA)', 395, 29),
	(5449, 'INAMOSOL', 395, 29),
	(5450, 'KAIRATU', 395, 29),
	(5451, 'KAIRATU BARAT', 395, 29),
	(5452, 'KEPULAUAN MANIPA', 395, 29),
	(5453, 'SERAM BARAT', 395, 29),
	(5454, 'TANIWEL', 395, 29),
	(5455, 'TANIWEL TIMUR', 395, 29),
	(5456, 'BULA', 396, 29),
	(5457, 'BULA BARAT', 396, 29),
	(5458, 'GOROM TIMUR', 396, 29),
	(5459, 'KIAN DARAT', 396, 29),
	(5460, 'KILMURY', 396, 29),
	(5461, 'PULAU GORONG (GOROM)', 396, 29),
	(5462, 'PULAU PANJANG', 396, 29),
	(5463, 'SERAM TIMUR', 396, 29),
	(5464, 'SIRITAUN WIDA TIMUR', 396, 29),
	(5465, 'SIWALALAT', 396, 29),
	(5466, 'TELUK WARU', 396, 29),
	(5467, 'TEOR', 396, 29),
	(5468, 'TUTUK TOLU', 396, 29),
	(5469, 'WAKATE', 396, 29),
	(5470, 'WERINAMA', 396, 29),
	(5471, 'KUR SELATAN', 397, 29),
	(5472, 'PULAU DULLAH SELATAN', 397, 29),
	(5473, 'PULAU DULLAH UTARA', 397, 29),
	(5474, 'PULAU TAYANDO TAM', 397, 29),
	(5475, 'PULAU-PULAU KUR', 397, 29),
	(5476, 'IBU', 398, 30),
	(5477, 'IBU SELATAN', 398, 30),
	(5478, 'IBU UTARA', 398, 30),
	(5479, 'JAILOLO', 398, 30),
	(5480, 'JAILOLO SELATAN', 398, 30),
	(5481, 'LOLODA', 398, 30),
	(5482, 'SAHU', 398, 30),
	(5483, 'SAHU TIMUR', 398, 30),
	(5484, 'BACAN', 399, 30),
	(5485, 'BACAN BARAT', 399, 30),
	(5486, 'BACAN BARAT UTARA', 399, 30),
	(5487, 'BACAN SELATAN', 399, 30),
	(5488, 'BACAN TIMUR', 399, 30),
	(5489, 'BACAN TIMUR SELATAN', 399, 30),
	(5490, 'BACAN TIMUR TENGAH', 399, 30),
	(5491, 'GANE BARAT', 399, 30),
	(5492, 'GANE BARAT SELATAN', 399, 30),
	(5493, 'GANE BARAT UTARA', 399, 30),
	(5494, 'GANE TIMUR', 399, 30),
	(5495, 'GANE TIMUR SELATAN', 399, 30),
	(5496, 'GANE TIMUR TENGAH', 399, 30),
	(5497, 'KASIRUTA BARAT', 399, 30),
	(5498, 'KASIRUTA TIMUR', 399, 30),
	(5499, 'KAYOA', 399, 30),
	(5500, 'KAYOA BARAT', 399, 30),
	(5501, 'KAYOA SELATAN', 399, 30),
	(5502, 'KAYOA UTARA', 399, 30),
	(5503, 'KEPULAUAN BOTANGLOMANG', 399, 30),
	(5504, 'KEPULAUAN JORONGA', 399, 30),
	(5505, 'MAKIAN (PULAU MAKIAN)', 399, 30),
	(5506, 'MAKIAN BARAT (PULAU MAKIAN)', 399, 30),
	(5507, 'MANDIOLI SELATAN', 399, 30),
	(5508, 'MANDIOLI UTARA', 399, 30),
	(5509, 'OBI', 399, 30),
	(5510, 'OBI BARAT', 399, 30),
	(5511, 'OBI SELATAN', 399, 30),
	(5512, 'OBI TIMUR', 399, 30),
	(5513, 'OBI UTARA', 399, 30),
	(5514, 'PATANI', 400, 30),
	(5515, 'PATANI BARAT', 400, 30),
	(5516, 'PATANI UTARA', 400, 30),
	(5517, 'PULAU GEBE', 400, 30),
	(5518, 'WEDA', 400, 30),
	(5519, 'WEDA SELATAN', 400, 30),
	(5520, 'WEDA TENGAH', 400, 30),
	(5521, 'WEDA UTARA', 400, 30),
	(5522, 'KOTA MABA', 401, 30),
	(5523, 'MABA', 401, 30),
	(5524, 'MABA SELATAN', 401, 30),
	(5525, 'MABA TENGAH', 401, 30),
	(5526, 'MABA UTARA', 401, 30),
	(5527, 'WASILE', 401, 30),
	(5528, 'WASILE SELATAN', 401, 30),
	(5529, 'WASILE TENGAH', 401, 30),
	(5530, 'WASILE TIMUR', 401, 30),
	(5531, 'WASILE UTARA', 401, 30),
	(5532, 'GALELA', 402, 30),
	(5533, 'GALELA BARAT', 402, 30),
	(5534, 'GALELA SELATAN', 402, 30),
	(5535, 'GALELA UTARA', 402, 30),
	(5536, 'KAO', 402, 30),
	(5537, 'KAO BARAT', 402, 30),
	(5538, 'KAO TELUK', 402, 30),
	(5539, 'KAO UTARA', 402, 30),
	(5540, 'LOLODA KEPULAUAN', 402, 30),
	(5541, 'LOLODA UTARA', 402, 30),
	(5542, 'MALIFUT', 402, 30),
	(5543, 'TOBELO', 402, 30),
	(5544, 'TOBELO BARAT', 402, 30),
	(5545, 'TOBELO SELATAN', 402, 30),
	(5546, 'TOBELO TENGAH', 402, 30),
	(5547, 'TOBELO TIMUR', 402, 30),
	(5548, 'TOBELO UTARA', 402, 30),
	(5549, 'LEDE', 403, 30),
	(5550, 'MANGOLI BARAT', 403, 30),
	(5551, 'MANGOLI SELATAN', 403, 30),
	(5552, 'MANGOLI TENGAH', 403, 30),
	(5553, 'MANGOLI TIMUR', 403, 30),
	(5554, 'MANGOLI UTARA', 403, 30),
	(5555, 'MANGOLI UTARA TIMUR', 403, 30),
	(5556, 'SANANA', 403, 30),
	(5557, 'SANANA UTARA', 403, 30),
	(5558, 'SULABESI BARAT', 403, 30),
	(5559, 'SULABESI SELATAN', 403, 30),
	(5560, 'SULABESI TENGAH', 403, 30),
	(5561, 'SULABESI TIMUR', 403, 30),
	(5562, 'TALIABU BARAT', 403, 30),
	(5563, 'TALIABU BARAT LAUT', 403, 30),
	(5564, 'TALIABU SELATAN', 403, 30),
	(5565, 'TALIABU TIMUR', 403, 30),
	(5566, 'TALIABU TIMUR SELATAN', 403, 30),
	(5567, 'TALIABU UTARA', 403, 30),
	(5568, 'MOROTAI JAYA', 404, 30),
	(5569, 'MOROTAI SELATAN', 404, 30),
	(5570, 'MOROTAI SELATAN BARAT', 404, 30),
	(5571, 'MOROTAI TIMUR', 404, 30),
	(5572, 'MOROTAI UTARA', 404, 30),
	(5573, 'MOTI (PULAU MOTI)', 405, 30),
	(5574, 'PULAU BATANG DUA', 405, 30),
	(5575, 'PULAU HIRI', 405, 30),
	(5576, 'PULAU TERNATE', 405, 30),
	(5577, 'TERNATE SELATAN (KOTA)', 405, 30),
	(5578, 'TERNATE TENGAH (KOTA)', 405, 30),
	(5579, 'TERNATE UTARA (KOTA)', 405, 30),
	(5580, 'OBA', 406, 30),
	(5581, 'OBA SELATAN', 406, 30),
	(5582, 'OBA TENGAH', 406, 30),
	(5583, 'OBA UTARA', 406, 30),
	(5584, 'TIDORE (PULAU TIDORE)', 406, 30),
	(5585, 'TIDORE SELATAN', 406, 30),
	(5586, 'TIDORE TIMUR (PULAU TIDORE)', 406, 30),
	(5587, 'TIDORE UTARA', 406, 30),
	(5588, 'AMBALAWI', 407, 31),
	(5589, 'ASAKOTA', 407, 31),
	(5590, 'BELO', 407, 31),
	(5591, 'BOLO', 407, 31),
	(5592, 'DONGGO', 407, 31),
	(5593, 'LAMBITU', 407, 31),
	(5594, 'LAMBU', 407, 31),
	(5595, 'LANGGUDU', 407, 31),
	(5596, 'MADAPANGGA', 407, 31),
	(5597, 'MONTA', 407, 31),
	(5598, 'MPUNDA', 407, 31),
	(5599, 'PALIBELO', 407, 31),
	(5600, 'PARADO', 407, 31),
	(5601, 'RABA', 407, 31),
	(5602, 'RASANAE BARAT', 407, 31),
	(5603, 'RASANAE TIMUR', 407, 31),
	(5604, 'SANGGAR', 407, 31),
	(5605, 'SAPE', 407, 31),
	(5606, 'SOROMANDI', 407, 31),
	(5607, 'TAMBORA', 407, 31),
	(5608, 'WERA', 407, 31),
	(5609, 'WOHA', 407, 31),
	(5610, 'DOMPU', 408, 31),
	(5611, 'HU\\U', 408, 31),
	(5612, 'KEMPO', 408, 31),
	(5613, 'KILO', 408, 31),
	(5614, 'MENGGELEWA (MANGGELEWA)', 408, 31),
	(5615, 'PAJO', 408, 31),
	(5616, 'PEKAT', 408, 31),
	(5617, 'WOJA', 408, 31),
	(5618, 'BATU LAYAR', 409, 31),
	(5619, 'GERUNG', 409, 31),
	(5620, 'GUNUNGSARI', 409, 31),
	(5621, 'KEDIRI', 409, 31),
	(5622, 'KURIPAN', 409, 31),
	(5623, 'LABUAPI', 409, 31),
	(5624, 'LEMBAR', 409, 31),
	(5625, 'LINGSAR', 409, 31),
	(5626, 'NARMADA', 409, 31),
	(5627, 'SEKOTONG', 409, 31),
	(5628, 'BATUKLIANG', 410, 31),
	(5629, 'BATUKLIANG UTARA', 410, 31),
	(5630, 'JANAPRIA', 410, 31),
	(5631, 'JONGGAT', 410, 31),
	(5632, 'KOPANG', 410, 31),
	(5633, 'PRAYA', 410, 31),
	(5634, 'PRAYA BARAT', 410, 31),
	(5635, 'PRAYA BARAT DAYA', 410, 31),
	(5636, 'PRAYA TENGAH', 410, 31),
	(5637, 'PRAYA TIMUR', 410, 31),
	(5638, 'PRINGGARATA', 410, 31),
	(5639, 'PUJUT', 410, 31),
	(5640, 'AIKMEL', 411, 31),
	(5641, 'JEROWARU', 411, 31),
	(5642, 'KERUAK', 411, 31),
	(5643, 'LABUHAN HAJI', 411, 31),
	(5644, 'MASBAGIK', 411, 31),
	(5645, 'MONTONG GADING', 411, 31),
	(5646, 'PRINGGABAYA', 411, 31),
	(5647, 'PRINGGASELA', 411, 31),
	(5648, 'SAKRA', 411, 31),
	(5649, 'SAKRA BARAT', 411, 31),
	(5650, 'SAKRA TIMUR', 411, 31),
	(5651, 'SAMBALIA (SAMBELIA)', 411, 31),
	(5652, 'SELONG', 411, 31),
	(5653, 'SEMBALUN', 411, 31),
	(5654, 'SIKUR', 411, 31),
	(5655, 'SUELA (SUWELA)', 411, 31),
	(5656, 'SUKAMULIA', 411, 31),
	(5657, 'SURALAGA', 411, 31),
	(5658, 'TERARA', 411, 31),
	(5659, 'WANASABA', 411, 31),
	(5660, 'BAYAN', 412, 31),
	(5661, 'GANGGA', 412, 31),
	(5662, 'KAYANGAN', 412, 31),
	(5663, 'PEMENANG', 412, 31),
	(5664, 'TANJUNG', 412, 31),
	(5665, 'AMPENAN', 413, 31),
	(5666, 'CAKRANEGARA', 413, 31),
	(5667, 'MATARAM', 413, 31),
	(5668, 'SANDUBAYA (SANDUJAYA)', 413, 31),
	(5669, 'SEKARBELA', 413, 31),
	(5670, 'SELAPARANG (SELAPRANG)', 413, 31),
	(5671, 'ALAS', 414, 31),
	(5672, 'ALAS BARAT', 414, 31),
	(5673, 'BATULANTEH', 414, 31),
	(5674, 'BUER', 414, 31),
	(5675, 'EMPANG', 414, 31),
	(5676, 'LABANGKA', 414, 31),
	(5677, 'LABUHAN BADAS', 414, 31),
	(5678, 'LANTUNG', 414, 31),
	(5679, 'LAPE (LAPE LOPOK)', 414, 31),
	(5680, 'LENANGGUAR', 414, 31),
	(5681, 'LOPOK', 414, 31),
	(5682, 'LUNYUK', 414, 31),
	(5683, 'MARONGE', 414, 31),
	(5684, 'MOYO HILIR', 414, 31),
	(5685, 'MOYO HULU', 414, 31),
	(5686, 'MOYO UTARA', 414, 31),
	(5687, 'ORONG TELU', 414, 31),
	(5688, 'PLAMPANG', 414, 31),
	(5689, 'RHEE', 414, 31),
	(5690, 'ROPANG', 414, 31),
	(5691, 'SUMBAWA', 414, 31),
	(5692, 'TARANO', 414, 31),
	(5693, 'UNTER IWES (UNTERWIRIS)', 414, 31),
	(5694, 'UTAN', 414, 31),
	(5695, 'BRANG ENE', 415, 31),
	(5696, 'BRANG REA', 415, 31),
	(5697, 'JEREWEH', 415, 31),
	(5698, 'MALUK', 415, 31),
	(5699, 'POTO TANO', 415, 31),
	(5700, 'SATELUK (SETELUK)', 415, 31),
	(5701, 'SEKONGKANG', 415, 31),
	(5702, 'TALIWANG', 415, 31),
	(5703, 'ALOR BARAT DAYA', 416, 32),
	(5704, 'ALOR BARAT LAUT', 416, 32),
	(5705, 'ALOR SELATAN', 416, 32),
	(5706, 'ALOR TENGAH UTARA', 416, 32),
	(5707, 'ALOR TIMUR', 416, 32),
	(5708, 'ALOR TIMUR LAUT', 416, 32),
	(5709, 'KABOLA', 416, 32),
	(5710, 'LEMBUR', 416, 32),
	(5711, 'MATARU', 416, 32),
	(5712, 'PANTAR', 416, 32),
	(5713, 'PANTAR BARAT', 416, 32),
	(5714, 'PANTAR BARAT LAUT', 416, 32),
	(5715, 'PANTAR TENGAH', 416, 32),
	(5716, 'PANTAR TIMUR', 416, 32),
	(5717, 'PULAU PURA', 416, 32),
	(5718, 'PUREMAN', 416, 32),
	(5719, 'TELUK MUTIARA', 416, 32),
	(5720, 'ATAMBUA BARAT', 417, 32),
	(5721, 'ATAMBUA KOTA', 417, 32),
	(5722, 'ATAMBUA SELATAN', 417, 32),
	(5723, 'BOTIN LEO BELE', 417, 32),
	(5724, 'IO KUFEU', 417, 32),
	(5725, 'KAKULUK MESAK', 417, 32),
	(5726, 'KOBALIMA', 417, 32),
	(5727, 'KOBALIMA TIMUR', 417, 32),
	(5728, 'LAEN MANEN', 417, 32),
	(5729, 'LAMAKNEN', 417, 32),
	(5730, 'LAMAKNEN SELATAN', 417, 32),
	(5731, 'LASIOLAT', 417, 32),
	(5732, 'MALAKA BARAT', 417, 32),
	(5733, 'MALAKA TENGAH', 417, 32),
	(5734, 'MALAKA TIMUR', 417, 32),
	(5735, 'NANAET DUABESI', 417, 32),
	(5736, 'RAIHAT', 417, 32),
	(5737, 'RAIMANUK', 417, 32),
	(5738, 'RINHAT', 417, 32),
	(5739, 'SASITAMEAN', 417, 32),
	(5740, 'TASIFETO BARAT', 417, 32),
	(5741, 'TASIFETO TIMUR', 417, 32),
	(5742, 'WELIMAN', 417, 32),
	(5743, 'WEWIKU', 417, 32),
	(5744, 'DETUKELI', 418, 32),
	(5745, 'DETUSOKO', 418, 32),
	(5746, 'ENDE', 418, 32),
	(5747, 'ENDE SELATAN', 418, 32),
	(5748, 'ENDE TENGAH', 418, 32),
	(5749, 'ENDE TIMUR', 418, 32),
	(5750, 'ENDE UTARA', 418, 32),
	(5751, 'KELIMUTU', 418, 32),
	(5752, 'KOTABARU', 418, 32),
	(5753, 'LEPEMBUSU KELISOKE', 418, 32),
	(5754, 'LIO TIMUR', 418, 32),
	(5755, 'MAUKARO', 418, 32),
	(5756, 'MAUROLE', 418, 32),
	(5757, 'NANGAPANDA', 418, 32),
	(5758, 'NDONA', 418, 32),
	(5759, 'NDONA TIMUR', 418, 32),
	(5760, 'NDORI', 418, 32),
	(5761, 'PULAU ENDE', 418, 32),
	(5762, 'WEWARIA', 418, 32),
	(5763, 'WOLOJITA', 418, 32),
	(5764, 'WOLOWARU', 418, 32),
	(5765, 'ADONARA', 419, 32),
	(5766, 'ADONARA BARAT', 419, 32),
	(5767, 'ADONARA TENGAH', 419, 32),
	(5768, 'ADONARA TIMUR', 419, 32),
	(5769, 'DEMON PAGONG', 419, 32),
	(5770, 'ILE BOLENG', 419, 32),
	(5771, 'ILE BURA', 419, 32),
	(5772, 'ILE MANDIRI', 419, 32),
	(5773, 'KELUBAGOLIT (KLUBAGOLIT)', 419, 32),
	(5774, 'LARANTUKA', 419, 32),
	(5775, 'LEWOLEMA', 419, 32),
	(5776, 'SOLOR BARAT', 419, 32),
	(5777, 'SOLOR SELATAN', 419, 32),
	(5778, 'SOLOR TIMUR', 419, 32),
	(5779, 'TANJUNG BUNGA', 419, 32),
	(5780, 'TITEHENA', 419, 32),
	(5781, 'WITIHAMA (WATIHAMA)', 419, 32),
	(5782, 'WOTAN ULUMADO', 419, 32),
	(5783, 'WULANGGITANG', 419, 32),
	(5784, 'ALAK', 420, 32),
	(5785, 'AMABI OEFETO', 420, 32),
	(5786, 'AMABI OEFETO TIMUR', 420, 32),
	(5787, 'AMARASI', 420, 32),
	(5788, 'AMARASI BARAT', 420, 32),
	(5789, 'AMARASI SELATAN', 420, 32),
	(5790, 'AMARASI TIMUR', 420, 32),
	(5791, 'AMFOANG BARAT DAYA', 420, 32),
	(5792, 'AMFOANG BARAT LAUT', 420, 32),
	(5793, 'AMFOANG SELATAN', 420, 32),
	(5794, 'AMFOANG TENGAH', 420, 32),
	(5795, 'AMFOANG TIMUR', 420, 32),
	(5796, 'AMFOANG UTARA', 420, 32),
	(5797, 'FATULEU', 420, 32),
	(5798, 'FATULEU BARAT', 420, 32),
	(5799, 'FATULEU TENGAH', 420, 32),
	(5800, 'KELAPA LIMA', 420, 32),
	(5801, 'KOTA LAMA', 420, 32),
	(5802, 'KOTA RAJA', 420, 32),
	(5803, 'KUPANG BARAT', 420, 32),
	(5804, 'KUPANG TENGAH', 420, 32),
	(5805, 'KUPANG TIMUR', 420, 32),
	(5806, 'MAULAFA', 420, 32),
	(5807, 'NEKAMESE', 420, 32),
	(5808, 'OEBOBO', 420, 32),
	(5809, 'SEMAU', 420, 32),
	(5810, 'SEMAU SELATAN', 420, 32),
	(5811, 'SULAMU', 420, 32),
	(5812, 'TAEBENU', 420, 32),
	(5813, 'TAKARI', 420, 32),
	(5814, 'ATADEI', 421, 32),
	(5815, 'BUYASURI (BUYASARI)', 421, 32),
	(5816, 'ILE APE', 421, 32),
	(5817, 'ILE APE TIMUR', 421, 32),
	(5818, 'LEBATUKAN', 421, 32),
	(5819, 'NAGAWUTUNG', 421, 32),
	(5820, 'NUBATUKAN', 421, 32),
	(5821, 'OMESURI', 421, 32),
	(5822, 'WULANDONI (WULANDIONI)', 421, 32),
	(5823, 'CIBAL', 422, 32),
	(5824, 'CIBAL BARAT', 422, 32),
	(5825, 'LANGKE REMBONG', 422, 32),
	(5826, 'LELAK', 422, 32),
	(5827, 'RAHONG UTARA', 422, 32),
	(5828, 'REOK', 422, 32),
	(5829, 'REOK BARAT', 422, 32),
	(5830, 'RUTENG', 422, 32),
	(5831, 'SATAR MESE', 422, 32),
	(5832, 'SATAR MESE BARAT', 422, 32),
	(5833, 'WAE RII', 422, 32),
	(5834, 'BOLENG', 423, 32),
	(5835, 'KOMODO', 423, 32),
	(5836, 'KUWUS', 423, 32),
	(5837, 'LEMBOR', 423, 32),
	(5838, 'LEMBOR SELATAN', 423, 32),
	(5839, 'MACANG PACAR', 423, 32),
	(5840, 'MBELILING', 423, 32),
	(5841, 'NDOSO', 423, 32),
	(5842, 'SANO NGGOANG', 423, 32),
	(5843, 'WELAK', 423, 32),
	(5844, 'BORONG', 424, 32),
	(5845, 'ELAR', 424, 32),
	(5846, 'ELAR SELATAN', 424, 32),
	(5847, 'KOTA KOMBA', 424, 32),
	(5848, 'LAMBA LEDA', 424, 32),
	(5849, 'POCO RANAKA', 424, 32),
	(5850, 'POCO RANAKA TIMUR', 424, 32),
	(5851, 'RANA MESE', 424, 32),
	(5852, 'SAMBI RAMPAS', 424, 32),
	(5853, 'AESESA', 425, 32),
	(5854, 'AESESA SELATAN', 425, 32),
	(5855, 'BOAWAE', 425, 32),
	(5856, 'KEO TENGAH', 425, 32),
	(5857, 'MAUPONGGO', 425, 32),
	(5858, 'NANGARORO', 425, 32),
	(5859, 'WOLOWAE', 425, 32),
	(5860, 'AIMERE', 426, 32),
	(5861, 'BAJAWA', 426, 32),
	(5862, 'BAJAWA UTARA', 426, 32),
	(5863, 'GOLEWA', 426, 32),
	(5864, 'GOLEWA BARAT', 426, 32),
	(5865, 'GOLEWA SELATAN', 426, 32),
	(5866, 'INERIE', 426, 32),
	(5867, 'JEREBUU', 426, 32),
	(5868, 'RIUNG', 426, 32),
	(5869, 'RIUNG BARAT', 426, 32),
	(5870, 'SOA', 426, 32),
	(5871, 'WOLOMEZE (RIUNG SELATAN)', 426, 32),
	(5872, 'LANDU LEKO', 427, 32),
	(5873, 'LOBALAIN', 427, 32),
	(5874, 'NDAO NUSE', 427, 32),
	(5875, 'PANTAI BARU', 427, 32),
	(5876, 'ROTE BARAT', 427, 32),
	(5877, 'ROTE BARAT DAYA', 427, 32),
	(5878, 'ROTE BARAT LAUT', 427, 32),
	(5879, 'ROTE SELATAN', 427, 32),
	(5880, 'ROTE TENGAH', 427, 32),
	(5881, 'ROTE TIMUR', 427, 32),
	(5882, 'HAWU MEHARA', 428, 32),
	(5883, 'RAIJUA', 428, 32),
	(5884, 'SABU BARAT', 428, 32),
	(5885, 'SABU LIAE', 428, 32),
	(5886, 'SABU TENGAH', 428, 32),
	(5887, 'SABU TIMUR', 428, 32),
	(5888, 'ALOK', 429, 32),
	(5889, 'ALOK BARAT', 429, 32),
	(5890, 'ALOK TIMUR', 429, 32),
	(5891, 'DORENG', 429, 32),
	(5892, 'HEWOKLOANG', 429, 32),
	(5893, 'KANGAE', 429, 32),
	(5894, 'KEWAPANTE', 429, 32),
	(5895, 'KOTING', 429, 32),
	(5896, 'LELA', 429, 32),
	(5897, 'MAGEPANDA', 429, 32),
	(5898, 'MAPITARA', 429, 32),
	(5899, 'MEGO', 429, 32),
	(5900, 'NELLE (MAUMEREI)', 429, 32),
	(5901, 'NITA', 429, 32),
	(5902, 'PAGA', 429, 32),
	(5903, 'PALUE', 429, 32),
	(5904, 'TALIBURA', 429, 32),
	(5905, 'TANA WAWO', 429, 32),
	(5906, 'WAIBLAMA', 429, 32),
	(5907, 'WAIGETE', 429, 32),
	(5908, 'KOTA WAIKABUBAK', 430, 32),
	(5909, 'LAMBOYA', 430, 32),
	(5910, 'LAMBOYA BARAT', 430, 32),
	(5911, 'LOLI', 430, 32),
	(5912, 'TANA RIGHU', 430, 32),
	(5913, 'WANOKAKA', 430, 32),
	(5914, 'KODI', 431, 32),
	(5915, 'KODI BALAGHAR', 431, 32),
	(5916, 'KODI BANGEDO', 431, 32),
	(5917, 'KODI UTARA', 431, 32),
	(5918, 'KOTA TAMBOLAKA', 431, 32),
	(5919, 'LOURA (LAURA)', 431, 32),
	(5920, 'WEWEWA BARAT', 431, 32),
	(5921, 'WEWEWA SELATAN', 431, 32),
	(5922, 'WEWEWA TENGAH (WEWERA TENGAH)', 431, 32),
	(5923, 'WEWEWA TIMUR', 431, 32),
	(5924, 'WEWEWA UTARA', 431, 32),
	(5925, 'KATIKUTANA', 432, 32),
	(5926, 'KATIKUTANA SELATAN', 432, 32),
	(5927, 'MAMBORO', 432, 32),
	(5928, 'UMBU RATU NGGAY', 432, 32),
	(5929, 'UMBU RATU NGGAY BARAT', 432, 32),
	(5930, 'HAHARU', 433, 32),
	(5931, 'KAHAUNGUWETI (KAHAUNGU ETI)', 433, 32),
	(5932, 'KAMBATA MAPAMBUHANG', 433, 32),
	(5933, 'KAMBERA', 433, 32),
	(5934, 'KANATANG', 433, 32),
	(5935, 'KARERA', 433, 32),
	(5936, 'KATALA HAMU LINGU', 433, 32),
	(5937, 'KOTA WAINGAPU', 433, 32),
	(5938, 'LEWA', 433, 32),
	(5939, 'LEWA TIDAHU', 433, 32),
	(5940, 'MAHU', 433, 32),
	(5941, 'MATAWAI LAPPAU (LA PAWU)', 433, 32),
	(5942, 'NGADU NGALA', 433, 32),
	(5943, 'NGGAHA ORIANGU', 433, 32),
	(5944, 'PABERIWAI', 433, 32),
	(5945, 'PAHUNGA LODU', 433, 32),
	(5946, 'PANDAWAI', 433, 32),
	(5947, 'PINUPAHAR (PIRAPAHAR)', 433, 32),
	(5948, 'RINDI', 433, 32),
	(5949, 'TABUNDUNG', 433, 32),
	(5950, 'UMALULU', 433, 32),
	(5951, 'WULA WAIJELU', 433, 32),
	(5952, 'AMANATUN SELATAN', 434, 32),
	(5953, 'AMANATUN UTARA', 434, 32),
	(5954, 'AMANUBAN BARAT', 434, 32),
	(5955, 'AMANUBAN SELATAN', 434, 32),
	(5956, 'AMANUBAN TENGAH', 434, 32),
	(5957, 'AMANUBAN TIMUR', 434, 32),
	(5958, 'BOKING', 434, 32),
	(5959, 'FATUKOPA', 434, 32),
	(5960, 'FATUMNASI', 434, 32),
	(5961, 'FAUTMOLO', 434, 32),
	(5962, 'KIE (KI\\E)', 434, 32),
	(5963, 'KOK BAUN', 434, 32),
	(5964, 'KOLBANO', 434, 32),
	(5965, 'KOT OLIN', 434, 32),
	(5966, 'KOTA SOE', 434, 32),
	(5967, 'KUALIN', 434, 32),
	(5968, 'KUANFATU', 434, 32),
	(5969, 'KUATNANA', 434, 32),
	(5970, 'MOLLO BARAT', 434, 32),
	(5971, 'MOLLO SELATAN', 434, 32),
	(5972, 'MOLLO TENGAH', 434, 32),
	(5973, 'MOLLO UTARA', 434, 32),
	(5974, 'NOEBANA', 434, 32),
	(5975, 'NOEBEBA', 434, 32),
	(5976, 'NUNBENA', 434, 32),
	(5977, 'NUNKOLO', 434, 32),
	(5978, 'OENINO', 434, 32),
	(5979, 'POLEN', 434, 32),
	(5980, 'SANTIAN', 434, 32),
	(5981, 'TOBU', 434, 32),
	(5982, 'TOIANAS', 434, 32),
	(5983, 'BIBOKI ANLEU', 435, 32),
	(5984, 'BIBOKI FEOTLEU', 435, 32),
	(5985, 'BIBOKI MOENLEU', 435, 32),
	(5986, 'BIBOKI SELATAN', 435, 32),
	(5987, 'BIBOKI TAN PAH', 435, 32),
	(5988, 'BIBOKI UTARA', 435, 32),
	(5989, 'BIKOMI NILULAT', 435, 32),
	(5990, 'BIKOMI SELATAN', 435, 32),
	(5991, 'BIKOMI TENGAH', 435, 32),
	(5992, 'BIKOMI UTARA', 435, 32),
	(5993, 'INSANA', 435, 32),
	(5994, 'INSANA BARAT', 435, 32),
	(5995, 'INSANA FAFINESU', 435, 32),
	(5996, 'INSANA TENGAH', 435, 32),
	(5997, 'INSANA UTARA', 435, 32),
	(5998, 'KOTA KEFAMENANU', 435, 32),
	(5999, 'MIOMAFFO BARAT', 435, 32),
	(6000, 'MIOMAFFO TENGAH', 435, 32),
	(6001, 'MIOMAFFO TIMUR', 435, 32),
	(6002, 'MUSI', 435, 32),
	(6003, 'MUTIS', 435, 32),
	(6004, 'NAIBENU', 435, 32),
	(6005, 'NOEMUTI', 435, 32),
	(6006, 'NOEMUTI TIMUR', 435, 32),
	(6007, 'BOMBARAI (BOMBERAY)', 436, 33),
	(6008, 'FAKFAK', 436, 33),
	(6009, 'FAKFAK BARAT', 436, 33),
	(6010, 'FAKFAK TENGAH', 436, 33),
	(6011, 'FAKFAK TIMUR', 436, 33),
	(6012, 'KARAS', 436, 33),
	(6013, 'KOKAS', 436, 33),
	(6014, 'KRAMONGMONGGA (KRAMAMONGGA)', 436, 33),
	(6015, 'TELUK PATIPI', 436, 33),
	(6016, 'BURUWAY', 437, 33),
	(6017, 'KAIMANA', 437, 33),
	(6018, 'KAMBRAW (KAMBERAU)', 437, 33),
	(6019, 'TELUK ARGUNI ATAS', 437, 33),
	(6020, 'TELUK ARGUNI BAWAH (YERUSI)', 437, 33),
	(6021, 'TELUK ETNA', 437, 33),
	(6022, 'YAMOR', 437, 33),
	(6023, 'MANOKWARI BARAT', 438, 33),
	(6024, 'MANOKWARI SELATAN', 438, 33),
	(6025, 'MANOKWARI TIMUR', 438, 33),
	(6026, 'MANOKWARI UTARA', 438, 33),
	(6027, 'MASNI', 438, 33),
	(6028, 'PRAFI', 438, 33),
	(6029, 'SIDEY', 438, 33),
	(6030, 'TANAH RUBUH', 438, 33),
	(6031, 'WARMARE', 438, 33),
	(6032, 'DATARAN ISIM', 439, 33),
	(6033, 'MOMI WAREN', 439, 33),
	(6034, 'NENEY (NENEI)', 439, 33),
	(6035, 'ORANSBARI', 439, 33),
	(6036, 'RANSIKI', 439, 33),
	(6037, 'TAHOTA (TOHOTA)', 439, 33),
	(6038, 'AIFAT', 440, 33),
	(6039, 'AIFAT SELATAN', 440, 33),
	(6040, 'AIFAT TIMUR', 440, 33),
	(6041, 'AIFAT TIMUR JAUH', 440, 33),
	(6042, 'AIFAT TIMUR SELATAN', 440, 33),
	(6043, 'AIFAT TIMUR TENGAH', 440, 33),
	(6044, 'AIFAT UTARA', 440, 33),
	(6045, 'AITINYO', 440, 33),
	(6046, 'AITINYO BARAT', 440, 33),
	(6047, 'AITINYO RAYA', 440, 33),
	(6048, 'AITINYO TENGAH', 440, 33),
	(6049, 'AITINYO UTARA', 440, 33),
	(6050, 'AYAMARU', 440, 33),
	(6051, 'AYAMARU BARAT', 440, 33),
	(6052, 'AYAMARU JAYA', 440, 33),
	(6053, 'AYAMARU SELATAN', 440, 33),
	(6054, 'AYAMARU SELATAN JAYA', 440, 33),
	(6055, 'AYAMARU TENGAH', 440, 33),
	(6056, 'AYAMARU TIMUR', 440, 33),
	(6057, 'AYAMARU TIMUR SELATAN', 440, 33),
	(6058, 'AYAMARU UTARA', 440, 33),
	(6059, 'AYAMARU UTARA TIMUR', 440, 33),
	(6060, 'MARE', 440, 33),
	(6061, 'MARE SELATAN', 440, 33),
	(6062, 'ANGGI', 441, 33),
	(6063, 'ANGGI GIDA', 441, 33),
	(6064, 'CATUBOUW', 441, 33),
	(6065, 'DIDOHU', 441, 33),
	(6066, 'HINGK', 441, 33),
	(6067, 'MEMBEY', 441, 33),
	(6068, 'MENYAMBOUW (MINYAMBOUW)', 441, 33),
	(6069, 'SURUREY', 441, 33),
	(6070, 'TAIGE', 441, 33),
	(6071, 'TESTEGA', 441, 33),
	(6072, 'AYAU', 442, 33),
	(6073, 'BATANTA SELATAN', 442, 33),
	(6074, 'BATANTA UTARA', 442, 33),
	(6075, 'KEPULAUAN AYAU', 442, 33),
	(6076, 'KEPULAUAN SEMBILAN', 442, 33),
	(6077, 'KOFIAU', 442, 33),
	(6078, 'KOTA WAISAI', 442, 33),
	(6079, 'MEOS MANSAR', 442, 33),
	(6080, 'MISOOL (MISOOL UTARA)', 442, 33),
	(6081, 'MISOOL BARAT', 442, 33),
	(6082, 'MISOOL SELATAN', 442, 33),
	(6083, 'MISOOL TIMUR', 442, 33),
	(6084, 'SALAWATI BARAT', 442, 33),
	(6085, 'SALAWATI TENGAH', 442, 33),
	(6086, 'SALAWATI UTARA (SAMATE)', 442, 33),
	(6087, 'SUPNIN', 442, 33),
	(6088, 'TELUK MAYALIBIT', 442, 33),
	(6089, 'TIPLOL MAYALIBIT', 442, 33),
	(6090, 'WAIGEO BARAT', 442, 33),
	(6091, 'WAIGEO BARAT KEPULAUAN', 442, 33),
	(6092, 'WAIGEO SELATAN', 442, 33),
	(6093, 'WAIGEO TIMUR', 442, 33),
	(6094, 'WAIGEO UTARA', 442, 33),
	(6095, 'WARWABOMI', 442, 33),
	(6096, 'AIMAS', 443, 33),
	(6097, 'BERAUR', 443, 33),
	(6098, 'KLABOT', 443, 33),
	(6099, 'KLAMONO', 443, 33),
	(6100, 'KLASO', 443, 33),
	(6101, 'KLAWAK', 443, 33),
	(6102, 'KLAYILI', 443, 33),
	(6103, 'MAKBON', 443, 33),
	(6104, 'MARIAT', 443, 33),
	(6105, 'MAUDUS', 443, 33),
	(6106, 'MAYAMUK', 443, 33),
	(6107, 'MOISEGEN', 443, 33),
	(6108, 'SALAWATI', 443, 33),
	(6109, 'SALAWATI SELATAN', 443, 33),
	(6110, 'SAYOSA', 443, 33),
	(6111, 'SEGET', 443, 33),
	(6112, 'SEGUN', 443, 33),
	(6113, 'SORONG', 443, 33),
	(6114, 'SORONG BARAT', 443, 33),
	(6115, 'SORONG KEPULAUAN', 443, 33),
	(6116, 'SORONG MANOI', 443, 33),
	(6117, 'SORONG TIMUR', 443, 33),
	(6118, 'SORONG UTARA', 443, 33),
	(6119, 'FOKOUR', 444, 33),
	(6120, 'INANWATAN (INAWATAN)', 444, 33),
	(6121, 'KAIS (MATEMANI KAIS)', 444, 33),
	(6122, 'KOKODA', 444, 33),
	(6123, 'KOKODA UTARA', 444, 33),
	(6124, 'KONDA', 444, 33),
	(6125, 'MATEMANI', 444, 33),
	(6126, 'MOSWAREN', 444, 33),
	(6127, 'SAIFI', 444, 33),
	(6128, 'SAWIAT', 444, 33),
	(6129, 'SEREMUK', 444, 33),
	(6130, 'TEMINABUAN', 444, 33),
	(6131, 'WAYER', 444, 33),
	(6132, 'ABUN', 445, 33),
	(6133, 'AMBERBAKEN', 445, 33),
	(6134, 'FEF (PEEF)', 445, 33),
	(6135, 'KEBAR', 445, 33),
	(6136, 'KWOOR', 445, 33),
	(6137, 'MIYAH (MEYAH)', 445, 33),
	(6138, 'MORAID', 445, 33),
	(6139, 'MUBRANI', 445, 33),
	(6140, 'SAUSAPOR', 445, 33),
	(6141, 'SENOPI', 445, 33),
	(6142, 'SYUJAK', 445, 33),
	(6143, 'YEMBUN', 445, 33),
	(6144, 'ARANDAY', 446, 33),
	(6145, 'AROBA', 446, 33),
	(6146, 'BABO', 446, 33),
	(6147, 'BINTUNI', 446, 33),
	(6148, 'BISCOOP', 446, 33),
	(6149, 'DATARAN BEIMES', 446, 33),
	(6150, 'FAFURWAR (IRORUTU)', 446, 33),
	(6151, 'KAITARO', 446, 33),
	(6152, 'KAMUNDAN', 446, 33),
	(6153, 'KURI', 446, 33),
	(6154, 'MANIMERI', 446, 33),
	(6155, 'MASYETA', 446, 33),
	(6156, 'MAYADO', 446, 33),
	(6157, 'MERDEY', 446, 33),
	(6158, 'MOSKONA BARAT', 446, 33),
	(6159, 'MOSKONA SELATAN', 446, 33),
	(6160, 'MOSKONA TIMUR', 446, 33),
	(6161, 'MOSKONA UTARA', 446, 33),
	(6162, 'SUMURI (SIMURI)', 446, 33),
	(6163, 'TEMBUNI', 446, 33),
	(6164, 'TOMU', 446, 33),
	(6165, 'TUHIBA', 446, 33),
	(6166, 'WAMESA (IDOOR)', 446, 33),
	(6167, 'WERIAGAR', 446, 33),
	(6168, 'KURI WAMESA', 447, 33),
	(6169, 'NAIKERE (WASIOR BARAT)', 447, 33),
	(6170, 'NIKIWAR', 447, 33),
	(6171, 'RASIEI', 447, 33),
	(6172, 'ROON', 447, 33),
	(6173, 'ROSWAR', 447, 33),
	(6174, 'RUMBERPON', 447, 33),
	(6175, 'SOUG JAYA', 447, 33),
	(6176, 'TELUK DUAIRI (WASIOR UTARA)', 447, 33),
	(6177, 'WAMESA', 447, 33),
	(6178, 'WASIOR', 447, 33),
	(6179, 'WINDESI', 447, 33),
	(6180, 'WONDIBOY (WASIOR SELATAN)', 447, 33),
	(6181, 'AGATS', 448, 34),
	(6182, 'AKAT', 448, 34),
	(6183, 'ATSY / ATSJ', 448, 34),
	(6184, 'AYIP', 448, 34),
	(6185, 'BETCBAMU', 448, 34),
	(6186, 'DER KOUMUR', 448, 34),
	(6187, 'FAYIT', 448, 34),
	(6188, 'JETSY', 448, 34),
	(6189, 'JOERAT', 448, 34),
	(6190, 'KOLF BRAZA', 448, 34),
	(6191, 'KOPAY', 448, 34),
	(6192, 'PANTAI KASUARI', 448, 34),
	(6193, 'PULAU TIGA', 448, 34),
	(6194, 'SAFAN', 448, 34),
	(6195, 'SAWA ERMA', 448, 34),
	(6196, 'SIRETS', 448, 34),
	(6197, 'SUATOR', 448, 34),
	(6198, 'SURU-SURU', 448, 34),
	(6199, 'UNIR SIRAU', 448, 34),
	(6200, 'AIMANDO PADAIDO', 449, 34),
	(6201, 'ANDEY (ANDEI)', 449, 34),
	(6202, 'BIAK BARAT', 449, 34),
	(6203, 'BIAK KOTA', 449, 34),
	(6204, 'BIAK TIMUR', 449, 34),
	(6205, 'BIAK UTARA', 449, 34),
	(6206, 'BONDIFUAR', 449, 34),
	(6207, 'BRUYADORI', 449, 34),
	(6208, 'NUMFOR BARAT', 449, 34),
	(6209, 'NUMFOR TIMUR', 449, 34),
	(6210, 'ORIDEK', 449, 34),
	(6211, 'ORKERI', 449, 34),
	(6212, 'PADAIDO', 449, 34),
	(6213, 'POIRU', 449, 34),
	(6214, 'SAMOFA', 449, 34),
	(6215, 'SWANDIWE', 449, 34),
	(6216, 'WARSA', 449, 34),
	(6217, 'YAWOSI', 449, 34),
	(6218, 'YENDIDORI', 449, 34),
	(6219, 'AMBATKWI (AMBATKUI)', 450, 34),
	(6220, 'ARIMOP', 450, 34),
	(6221, 'BOMAKIA', 450, 34),
	(6222, 'FIRIWAGE', 450, 34),
	(6223, 'FOFI', 450, 34),
	(6224, 'INIYANDIT', 450, 34),
	(6225, 'JAIR', 450, 34),
	(6226, 'KAWAGIT', 450, 34),
	(6227, 'KI', 450, 34),
	(6228, 'KOMBAY', 450, 34),
	(6229, 'KOMBUT', 450, 34),
	(6230, 'KOUH', 450, 34),
	(6231, 'MANDOBO', 450, 34),
	(6232, 'MANGGELUM', 450, 34),
	(6233, 'MINDIPTANA', 450, 34),
	(6234, 'NINATI', 450, 34),
	(6235, 'SESNUK', 450, 34),
	(6236, 'SUBUR', 450, 34),
	(6237, 'WAROPKO', 450, 34),
	(6238, 'YANIRUMA', 450, 34),
	(6239, 'BOWOBADO', 451, 34),
	(6240, 'KAPIRAYA', 451, 34),
	(6241, 'TIGI', 451, 34),
	(6242, 'TIGI BARAT', 451, 34),
	(6243, 'TIGI TIMUR', 451, 34),
	(6244, 'DOGIYAI', 452, 34),
	(6245, 'KAMU', 452, 34),
	(6246, 'KAMU SELATAN', 452, 34),
	(6247, 'KAMU TIMUR', 452, 34),
	(6248, 'KAMU UTARA (IKRAR/IKRAT)', 452, 34),
	(6249, 'MAPIA', 452, 34),
	(6250, 'MAPIA BARAT', 452, 34),
	(6251, 'MAPIA TENGAH', 452, 34),
	(6252, 'PIYAIYE (SUKIKAI)', 452, 34),
	(6253, 'SUKIKAI SELATAN', 452, 34),
	(6254, 'AGISIGA', 453, 34),
	(6255, 'BIANDOGA', 453, 34),
	(6256, 'HITADIPA', 453, 34),
	(6257, 'HOMEO (HOMEYO)', 453, 34),
	(6258, 'SUGAPA', 453, 34),
	(6259, 'WANDAI', 453, 34),
	(6260, 'ABEPURA', 454, 34),
	(6261, 'AIRU', 454, 34),
	(6262, 'DEMTA', 454, 34),
	(6263, 'DEPAPRE', 454, 34),
	(6264, 'EBUNGFAU (EBUNGFA)', 454, 34),
	(6265, 'GRESI SELATAN', 454, 34),
	(6266, 'HERAM', 454, 34),
	(6267, 'JAYAPURA SELATAN', 454, 34),
	(6268, 'JAYAPURA UTARA', 454, 34),
	(6269, 'KAUREH', 454, 34),
	(6270, 'KEMTUK', 454, 34),
	(6271, 'KEMTUK GRESI', 454, 34),
	(6272, 'MUARA TAMI', 454, 34),
	(6273, 'NAMBLUONG', 454, 34),
	(6274, 'NIMBOKRANG', 454, 34),
	(6275, 'NIMBORAN', 454, 34),
	(6276, 'RAVENIRARA', 454, 34),
	(6277, 'SENTANI', 454, 34),
	(6278, 'SENTANI BARAT', 454, 34),
	(6279, 'SENTANI TIMUR', 454, 34),
	(6280, 'UNURUM GUAY', 454, 34),
	(6281, 'WAIBU', 454, 34),
	(6282, 'YAPSI', 454, 34),
	(6283, 'YOKARI', 454, 34),
	(6284, 'ASOLOGAIMA (ASALOGAIMA)', 455, 34),
	(6285, 'ASOLOKOBAL', 455, 34),
	(6286, 'ASOTIPO', 455, 34),
	(6287, 'BOLAKME', 455, 34),
	(6288, 'BPIRI', 455, 34),
	(6289, 'BUGI', 455, 34),
	(6290, 'HUBIKIAK', 455, 34),
	(6291, 'HUBIKOSI (HOBIKOSI)', 455, 34),
	(6292, 'IBELE', 455, 34),
	(6293, 'ITLAY HISAGE', 455, 34),
	(6294, 'KORAGI', 455, 34),
	(6295, 'KURULU', 455, 34),
	(6296, 'LIBAREK', 455, 34),
	(6297, 'MAIMA', 455, 34),
	(6298, 'MOLAGALOME', 455, 34),
	(6299, 'MULIAMA', 455, 34),
	(6300, 'MUSATFAK', 455, 34),
	(6301, 'NAPUA', 455, 34),
	(6302, 'PELEBAGA', 455, 34),
	(6303, 'PIRAMID', 455, 34),
	(6304, 'PISUGI', 455, 34),
	(6305, 'POPUGOBA', 455, 34),
	(6306, 'SIEPKOSI', 455, 34),
	(6307, 'SILO KARNO DOGA', 455, 34),
	(6308, 'TAELAREK', 455, 34),
	(6309, 'TRIKORA', 455, 34),
	(6310, 'USILIMO', 455, 34),
	(6311, 'WADANGKU', 455, 34),
	(6312, 'WALAIK', 455, 34),
	(6313, 'WALELAGAMA', 455, 34),
	(6314, 'WAME', 455, 34),
	(6315, 'WAMENA', 455, 34),
	(6316, 'WELESI', 455, 34),
	(6317, 'WESAPUT', 455, 34),
	(6318, 'WITA WAYA', 455, 34),
	(6319, 'WOLLO (WOLO)', 455, 34),
	(6320, 'WOUMA', 455, 34),
	(6321, 'YALENGGA', 455, 34),
	(6322, 'ARSO', 456, 34),
	(6323, 'ARSO TIMUR', 456, 34),
	(6324, 'SENGGI', 456, 34),
	(6325, 'SKAMTO (SKANTO)', 456, 34),
	(6326, 'TOWE', 456, 34),
	(6327, 'WARIS', 456, 34),
	(6328, 'WEB', 456, 34),
	(6329, 'ANGKAISERA', 457, 34),
	(6330, 'KEPULAUAN AMBAI', 457, 34),
	(6331, 'KOSIWO', 457, 34),
	(6332, 'POOM', 457, 34),
	(6333, 'PULAU KURUDU', 457, 34),
	(6334, 'PULAU YERUI', 457, 34),
	(6335, 'RAIMBAWI', 457, 34),
	(6336, 'TELUK AMPIMOI', 457, 34),
	(6337, 'WONAWA', 457, 34),
	(6338, 'YAPEN BARAT', 457, 34),
	(6339, 'YAPEN SELATAN', 457, 34),
	(6340, 'YAPEN TIMUR', 457, 34),
	(6341, 'YAPEN UTARA', 457, 34),
	(6342, 'BALINGGA', 458, 34),
	(6343, 'DIMBA', 458, 34),
	(6344, 'GAMELIA', 458, 34),
	(6345, 'KUYAWAGE', 458, 34),
	(6346, 'MAKKI (MAKI)', 458, 34),
	(6347, 'MALAGAINERI (MALAGINERI)', 458, 34),
	(6348, 'PIRIME', 458, 34),
	(6349, 'POGA', 458, 34),
	(6350, 'TIOM', 458, 34),
	(6351, 'TIOMNERI', 458, 34),
	(6352, 'BENUKI', 459, 34),
	(6353, 'MAMBERAMO HILIR/ILIR', 459, 34),
	(6354, 'MAMBERAMO HULU/ULU', 459, 34),
	(6355, 'MAMBERAMO TENGAH', 459, 34),
	(6356, 'MAMBERAMO TENGAH TIMUR', 459, 34),
	(6357, 'ROFAER (RUFAER)', 459, 34),
	(6358, 'SAWAI', 459, 34),
	(6359, 'WAROPEN ATAS', 459, 34),
	(6360, 'ERAGAYAM', 460, 34),
	(6361, 'ILUGWA', 460, 34),
	(6362, 'KELILA', 460, 34),
	(6363, 'KOBAKMA', 460, 34),
	(6364, 'MEGABILIS (MEGAMBILIS)', 460, 34),
	(6365, 'ASSUE', 461, 34),
	(6366, 'BAMGI', 461, 34),
	(6367, 'CITAKMITAK', 461, 34),
	(6368, 'EDERA', 461, 34),
	(6369, 'HAJU', 461, 34),
	(6370, 'KAIBAR', 461, 34),
	(6371, 'MINYAMUR', 461, 34),
	(6372, 'NAMBIOMAN BAPAI (MAMBIOMAN)', 461, 34),
	(6373, 'OBAA', 461, 34),
	(6374, 'PASSUE', 461, 34),
	(6375, 'PASSUE BAWAH', 461, 34),
	(6376, 'SYAHCAME', 461, 34),
	(6377, 'TI ZAIN', 461, 34),
	(6378, 'VENAHA', 461, 34),
	(6379, 'YAKOMI', 461, 34),
	(6380, 'ANIMHA', 462, 34),
	(6381, 'ELIGOBEL', 462, 34),
	(6382, 'ILYAWAB', 462, 34),
	(6383, 'JAGEBOB', 462, 34),
	(6384, 'KAPTEL', 462, 34),
	(6385, 'KIMAAM', 462, 34),
	(6386, 'KURIK', 462, 34),
	(6387, 'MALIND', 462, 34),
	(6388, 'MERAUKE', 462, 34),
	(6389, 'MUTING', 462, 34),
	(6390, 'NAUKENJERAI', 462, 34),
	(6391, 'NGGUTI (NGGUNTI)', 462, 34),
	(6392, 'OKABA', 462, 34),
	(6393, 'SEMANGGA', 462, 34),
	(6394, 'SOTA', 462, 34),
	(6395, 'TABONJI', 462, 34),
	(6396, 'TANAH MIRING', 462, 34),
	(6397, 'TUBANG', 462, 34),
	(6398, 'ULILIN', 462, 34),
	(6399, 'WAAN', 462, 34),
	(6400, 'AGIMUGA', 463, 34),
	(6401, 'JILA', 463, 34),
	(6402, 'JITA', 463, 34),
	(6403, 'KUALA KENCANA', 463, 34),
	(6404, 'MIMIKA BARAT (MIBAR)', 463, 34),
	(6405, 'MIMIKA BARAT JAUH', 463, 34),
	(6406, 'MIMIKA BARAT TENGAH', 463, 34),
	(6407, 'MIMIKA BARU', 463, 34),
	(6408, 'MIMIKA TIMUR', 463, 34),
	(6409, 'MIMIKA TIMUR JAUH', 463, 34),
	(6410, 'MIMIKA TIMUR TENGAH', 463, 34),
	(6411, 'TEMBAGAPURA', 463, 34),
	(6412, 'DIPA', 464, 34),
	(6413, 'MAKIMI', 464, 34),
	(6414, 'MENOU', 464, 34),
	(6415, 'MOORA', 464, 34),
	(6416, 'NABIRE', 464, 34),
	(6417, 'NABIRE BARAT', 464, 34),
	(6418, 'NAPAN', 464, 34),
	(6419, 'SIRIWO', 464, 34),
	(6420, 'TELUK KIMI', 464, 34),
	(6421, 'TELUK UMAR', 464, 34),
	(6422, 'UWAPA', 464, 34),
	(6423, 'WANGGAR', 464, 34),
	(6424, 'WAPOGA', 464, 34),
	(6425, 'YARO (YARO KABISAY)', 464, 34),
	(6426, 'YAUR', 464, 34),
	(6427, 'ALAMA', 465, 34),
	(6428, 'DAL', 465, 34),
	(6429, 'EMBETPEN', 465, 34),
	(6430, 'GEAREK', 465, 34),
	(6431, 'GESELMA (GESELEMA)', 465, 34),
	(6432, 'INIKGAL', 465, 34),
	(6433, 'INIYE', 465, 34),
	(6434, 'KEGAYEM', 465, 34),
	(6435, 'KENYAM', 465, 34),
	(6436, 'KILMID', 465, 34),
	(6437, 'KORA', 465, 34),
	(6438, 'KOROPTAK', 465, 34),
	(6439, 'KREPKURI', 465, 34),
	(6440, 'MAM', 465, 34),
	(6441, 'MAPENDUMA', 465, 34),
	(6442, 'MBUA (MBUGA)', 465, 34),
	(6443, 'MBUA TENGAH', 465, 34),
	(6444, 'MBULMU YALMA', 465, 34),
	(6445, 'MEBAROK', 465, 34),
	(6446, 'MOBA', 465, 34),
	(6447, 'NENGGEAGIN', 465, 34),
	(6448, 'NIRKURI', 465, 34),
	(6449, 'PARO', 465, 34),
	(6450, 'PASIR PUTIH', 465, 34),
	(6451, 'PIJA', 465, 34),
	(6452, 'WOSAK', 465, 34),
	(6453, 'WUSI', 465, 34),
	(6454, 'WUTPAGA', 465, 34),
	(6455, 'YAL', 465, 34),
	(6456, 'YENGGELO', 465, 34),
	(6457, 'YIGI', 465, 34),
	(6458, 'ARADIDE', 466, 34),
	(6459, 'BIBIDA', 466, 34),
	(6460, 'BOGOBAIDA', 466, 34),
	(6461, 'DUMADAMA', 466, 34),
	(6462, 'EKADIDE', 466, 34),
	(6463, 'KEBO', 466, 34),
	(6464, 'PANIAI BARAT', 466, 34),
	(6465, 'PANIAI TIMUR', 466, 34),
	(6466, 'YATAMO', 466, 34),
	(6467, 'ABOY', 467, 34),
	(6468, 'ALEMSOM', 467, 34),
	(6469, 'AWINBON', 467, 34),
	(6470, 'BATANI', 467, 34),
	(6471, 'BATOM', 467, 34),
	(6472, 'BIME', 467, 34),
	(6473, 'BORME', 467, 34),
	(6474, 'EIPUMEK', 467, 34),
	(6475, 'IWUR (OKIWUR)', 467, 34),
	(6476, 'JETFA', 467, 34),
	(6477, 'KALOMDOL', 467, 34),
	(6478, 'KAWOR', 467, 34),
	(6479, 'KIWIROK', 467, 34),
	(6480, 'KIWIROK TIMUR', 467, 34),
	(6481, 'MOFINOP', 467, 34),
	(6482, 'MURKIM', 467, 34),
	(6483, 'NONGME', 467, 34),
	(6484, 'OK AOM', 467, 34),
	(6485, 'OKBAB', 467, 34),
	(6486, 'OKBAPE', 467, 34),
	(6487, 'OKBEMTAU', 467, 34),
	(6488, 'OKBIBAB', 467, 34),
	(6489, 'OKHIKA', 467, 34),
	(6490, 'OKLIP', 467, 34),
	(6491, 'OKSAMOL', 467, 34),
	(6492, 'OKSEBANG', 467, 34),
	(6493, 'OKSIBIL', 467, 34),
	(6494, 'OKSOP', 467, 34),
	(6495, 'PAMEK', 467, 34),
	(6496, 'PEPERA', 467, 34),
	(6497, 'SERAMBAKON', 467, 34),
	(6498, 'TARUP', 467, 34),
	(6499, 'TEIRAPLU', 467, 34),
	(6500, 'WEIME', 467, 34),
	(6501, 'AGADUGUME', 468, 34),
	(6502, 'BEOGA', 468, 34),
	(6503, 'DOUFU', 468, 34),
	(6504, 'GOME', 468, 34),
	(6505, 'ILAGA', 468, 34),
	(6506, 'POGOMA', 468, 34),
	(6507, 'SINAK', 468, 34),
	(6508, 'WANGBE', 468, 34),
	(6509, 'FAWI', 469, 34),
	(6510, 'ILU', 469, 34),
	(6511, 'JIGONIKME', 469, 34),
	(6512, 'MEWOLUK (MEWULOK)', 469, 34),
	(6513, 'MULIA', 469, 34),
	(6514, 'TINGGINAMBUT', 469, 34),
	(6515, 'TORERE', 469, 34),
	(6516, 'YAMO', 469, 34),
	(6517, 'APAWER HULU', 470, 34),
	(6518, 'BONGGO', 470, 34),
	(6519, 'BONGGO TIMUR', 470, 34),
	(6520, 'PANTAI BARAT', 470, 34),
	(6521, 'PANTAI TIMUR', 470, 34),
	(6522, 'PANTAI TIMUR BARAT', 470, 34),
	(6523, 'SARMI', 470, 34),
	(6524, 'SARMI SELATAN', 470, 34),
	(6525, 'SARMI TIMUR', 470, 34),
	(6526, 'TOR ATAS', 470, 34),
	(6527, 'KEPULAUAN ARURI', 471, 34),
	(6528, 'SUPIORI BARAT', 471, 34),
	(6529, 'SUPIORI SELATAN', 471, 34),
	(6530, 'SUPIORI TIMUR', 471, 34),
	(6531, 'SUPIORI UTARA', 471, 34),
	(6532, 'AIRGARAM', 472, 34),
	(6533, 'ANAWI', 472, 34),
	(6534, 'AWEKU', 472, 34),
	(6535, 'BEWANI', 472, 34),
	(6536, 'BIUK', 472, 34),
	(6537, 'BOGONUK', 472, 34),
	(6538, 'BOKONDINI', 472, 34),
	(6539, 'BOKONERI', 472, 34),
	(6540, 'DANIME', 472, 34),
	(6541, 'DOW', 472, 34),
	(6542, 'DUNDU (NDUNDU)', 472, 34),
	(6543, 'EGIAM', 472, 34),
	(6544, 'GEYA', 472, 34),
	(6545, 'GIKA', 472, 34),
	(6546, 'GILUBANDU (GILUMBANDU/GILIMBANDU)', 472, 34),
	(6547, 'GOYAGE', 472, 34),
	(6548, 'GUNDAGI (GUDAGE)', 472, 34),
	(6549, 'KAI', 472, 34),
	(6550, 'KAMBONERI', 472, 34),
	(6551, 'KANGGIME (KANGGIMA )', 472, 34),
	(6552, 'KARUBAGA', 472, 34),
	(6553, 'KEMBU', 472, 34),
	(6554, 'KONDAGA (KONDA)', 472, 34),
	(6555, 'KUARI', 472, 34),
	(6556, 'KUBU', 472, 34),
	(6557, 'LI ANOGOMMA', 472, 34),
	(6558, 'NABUNAGE', 472, 34),
	(6559, 'NELAWI', 472, 34),
	(6560, 'NUMBA', 472, 34),
	(6561, 'NUNGGAWI (MUNGGAWI)', 472, 34),
	(6562, 'PANAGA', 472, 34),
	(6563, 'POGANERI', 472, 34),
	(6564, 'TAGIME', 472, 34),
	(6565, 'TAGINERI', 472, 34),
	(6566, 'TELENGGEME', 472, 34),
	(6567, 'TIMORI', 472, 34),
	(6568, 'UMAGI', 472, 34),
	(6569, 'WAKUWO', 472, 34),
	(6570, 'WARI (TAIYEVE)', 472, 34),
	(6571, 'WENAM', 472, 34),
	(6572, 'WINA', 472, 34),
	(6573, 'WONOKI (WONIKI)', 472, 34),
	(6574, 'WUGI', 472, 34),
	(6575, 'WUNIN (WUMIN)', 472, 34),
	(6576, 'YUKO', 472, 34),
	(6577, 'YUNERI', 472, 34),
	(6578, 'DEMBA MASIREI', 473, 34),
	(6579, 'INGGERUS', 473, 34),
	(6580, 'KIRIHI', 473, 34),
	(6581, 'MASIREI', 473, 34),
	(6582, 'OUDATE WAROPEN', 473, 34),
	(6583, 'RISEI SAYATI', 473, 34),
	(6584, 'UREIFASEI', 473, 34),
	(6585, 'WAPOGA INGGERUS', 473, 34),
	(6586, 'WAROPEN BAWAH', 473, 34),
	(6587, 'AMUMA', 474, 34),
	(6588, 'ANGGRUK', 474, 34),
	(6589, 'BOMELA', 474, 34),
	(6590, 'DEKAI', 474, 34),
	(6591, 'DIRWEMNA (DIRUWENA)', 474, 34),
	(6592, 'DURAM', 474, 34),
	(6593, 'ENDOMEN', 474, 34),
	(6594, 'HEREAPINI (HEREANINI)', 474, 34),
	(6595, 'HILIPUK', 474, 34),
	(6596, 'HOGIO (HUGIO)', 474, 34),
	(6597, 'HOLUON', 474, 34),
	(6598, 'KABIANGGAMA (KABIANGGEMA)', 474, 34),
	(6599, 'KAYO', 474, 34),
	(6600, 'KONA', 474, 34),
	(6601, 'KOROPUN (KORUPUN)', 474, 34),
	(6602, 'KOSAREK', 474, 34),
	(6603, 'KURIMA', 474, 34),
	(6604, 'KWELEMDUA (KWELAMDUA)', 474, 34),
	(6605, 'KWIKMA', 474, 34),
	(6606, 'LANGDA', 474, 34),
	(6607, 'LOLAT', 474, 34),
	(6608, 'MUGI', 474, 34),
	(6609, 'MUSAIK', 474, 34),
	(6610, 'NALCA', 474, 34),
	(6611, 'NINIA', 474, 34),
	(6612, 'NIPSAN', 474, 34),
	(6613, 'OBIO', 474, 34),
	(6614, 'PANGGEMA', 474, 34),
	(6615, 'PASEMA', 474, 34),
	(6616, 'PRONGGOLI (PROGGOLI)', 474, 34),
	(6617, 'PULDAMA', 474, 34),
	(6618, 'SAMENAGE', 474, 34),
	(6619, 'SELA', 474, 34),
	(6620, 'SEREDELA (SEREDALA)', 474, 34),
	(6621, 'SILIMO', 474, 34),
	(6622, 'SOBA', 474, 34),
	(6623, 'SOBAHAM', 474, 34),
	(6624, 'SOLOIKMA', 474, 34),
	(6625, 'SUMO', 474, 34),
	(6626, 'SUNTAMON', 474, 34),
	(6627, 'SURU SURU', 474, 34),
	(6628, 'TALAMBO', 474, 34),
	(6629, 'TANGMA', 474, 34),
	(6630, 'UBAHAK', 474, 34),
	(6631, 'UBALIHI', 474, 34),
	(6632, 'UKHA', 474, 34),
	(6633, 'WALMA', 474, 34),
	(6634, 'WERIMA', 474, 34),
	(6635, 'WUSUMA', 474, 34),
	(6636, 'YAHULIAMBUT', 474, 34),
	(6637, 'YOGOSEM', 474, 34),
	(6638, 'ABENAHO', 475, 34),
	(6639, 'APALAPSILI', 475, 34),
	(6640, 'BENAWA', 475, 34),
	(6641, 'ELELIM', 475, 34),
	(6642, 'WELAREK', 475, 34);
/*!40000 ALTER TABLE `kecamatan` ENABLE KEYS */;

-- membuang struktur untuk table db_kompis_baru.kondisi_sampah
CREATE TABLE IF NOT EXISTS `kondisi_sampah` (
  `id_kondisi_sampah` int(11) NOT NULL AUTO_INCREMENT,
  `ket_kondisi_sampah` varchar(50) DEFAULT NULL,
  PRIMARY KEY (`id_kondisi_sampah`)
) ENGINE=InnoDB AUTO_INCREMENT=3 DEFAULT CHARSET=latin1;

-- Membuang data untuk tabel db_kompis_baru.kondisi_sampah: ~2 rows (lebih kurang)
/*!40000 ALTER TABLE `kondisi_sampah` DISABLE KEYS */;
INSERT INTO `kondisi_sampah` (`id_kondisi_sampah`, `ket_kondisi_sampah`) VALUES
	(1, 'Bersih'),
	(2, 'Kotor');
/*!40000 ALTER TABLE `kondisi_sampah` ENABLE KEYS */;

-- membuang struktur untuk table db_kompis_baru.lelang
CREATE TABLE IF NOT EXISTS `lelang` (
  `id_lelang` int(11) NOT NULL,
  `id_bank_sampah` varchar(8) DEFAULT NULL,
  `id_pengepul` varchar(8) DEFAULT NULL,
  `id_jenis_sampah` int(11) DEFAULT NULL,
  `berat_sampah` int(11) DEFAULT NULL,
  `tanggal_mulai_lelang` datetime DEFAULT NULL,
  `tanggal_selesai_lelang` datetime DEFAULT NULL,
  `harga_awal_penawaran` int(11) DEFAULT NULL,
  `bin_lelang` int(11) DEFAULT NULL,
  `kelipatan_lelang` int(11) DEFAULT NULL,
  PRIMARY KEY (`id_lelang`)
) ENGINE=InnoDB DEFAULT CHARSET=latin1;

-- Membuang data untuk tabel db_kompis_baru.lelang: ~0 rows (lebih kurang)
/*!40000 ALTER TABLE `lelang` DISABLE KEYS */;
/*!40000 ALTER TABLE `lelang` ENABLE KEYS */;

-- membuang struktur untuk table db_kompis_baru.merk_sampah
CREATE TABLE IF NOT EXISTS `merk_sampah` (
  `id_merk` int(11) NOT NULL AUTO_INCREMENT,
  `id_kategori_sampah` int(11) DEFAULT NULL,
  `nama_merk` varchar(50) DEFAULT NULL,
  PRIMARY KEY (`id_merk`)
) ENGINE=InnoDB AUTO_INCREMENT=3 DEFAULT CHARSET=latin1;

-- Membuang data untuk tabel db_kompis_baru.merk_sampah: ~2 rows (lebih kurang)
/*!40000 ALTER TABLE `merk_sampah` DISABLE KEYS */;
INSERT INTO `merk_sampah` (`id_merk`, `id_kategori_sampah`, `nama_merk`) VALUES
	(1, 1, 'AQUA'),
	(2, 5, 'B');
/*!40000 ALTER TABLE `merk_sampah` ENABLE KEYS */;

-- membuang struktur untuk table db_kompis_baru.merk_sampahs
CREATE TABLE IF NOT EXISTS `merk_sampahs` (
  `id` bigint(20) unsigned NOT NULL AUTO_INCREMENT,
  `merek_sampah` varchar(255) COLLATE utf8mb4_unicode_ci NOT NULL,
  `created_at` timestamp NULL DEFAULT NULL,
  `updated_at` timestamp NULL DEFAULT NULL,
  PRIMARY KEY (`id`)
) ENGINE=InnoDB DEFAULT CHARSET=utf8mb4 COLLATE=utf8mb4_unicode_ci;

-- Membuang data untuk tabel db_kompis_baru.merk_sampahs: ~0 rows (lebih kurang)
/*!40000 ALTER TABLE `merk_sampahs` DISABLE KEYS */;
/*!40000 ALTER TABLE `merk_sampahs` ENABLE KEYS */;

-- membuang struktur untuk table db_kompis_baru.migrations
CREATE TABLE IF NOT EXISTS `migrations` (
  `id` int(10) unsigned NOT NULL AUTO_INCREMENT,
  `migration` varchar(255) COLLATE utf8mb4_unicode_ci NOT NULL,
  `batch` int(11) NOT NULL,
  PRIMARY KEY (`id`)
) ENGINE=InnoDB AUTO_INCREMENT=4 DEFAULT CHARSET=utf8mb4 COLLATE=utf8mb4_unicode_ci;

-- Membuang data untuk tabel db_kompis_baru.migrations: ~2 rows (lebih kurang)
/*!40000 ALTER TABLE `migrations` DISABLE KEYS */;
INSERT INTO `migrations` (`id`, `migration`, `batch`) VALUES
	(1, '2020_02_09_075031_create_merk_sampahs_table', 1),
	(2, '2020_02_09_080001_create_merk_sampahs_table', 2),
	(3, '2020_02_09_081339_create_banks_table', 3);
/*!40000 ALTER TABLE `migrations` ENABLE KEYS */;

-- membuang struktur untuk table db_kompis_baru.nabung_online
CREATE TABLE IF NOT EXISTS `nabung_online` (
  `id_setoran` int(11) NOT NULL AUTO_INCREMENT,
  `id_nasabah_online` varchar(8) DEFAULT NULL,
  `id_bank_sampah` varchar(8) DEFAULT NULL,
  `id_status_setoran` int(11) DEFAULT NULL,
  `id_jenis_transaksi` int(11) DEFAULT NULL,
  PRIMARY KEY (`id_setoran`)
) ENGINE=InnoDB DEFAULT CHARSET=latin1;

-- Membuang data untuk tabel db_kompis_baru.nabung_online: ~0 rows (lebih kurang)
/*!40000 ALTER TABLE `nabung_online` DISABLE KEYS */;
/*!40000 ALTER TABLE `nabung_online` ENABLE KEYS */;

-- membuang struktur untuk table db_kompis_baru.nabung_online_detail
CREATE TABLE IF NOT EXISTS `nabung_online_detail` (
  `id_setoran` int(11) NOT NULL,
  `id_nasabah_online` varchar(8) DEFAULT NULL,
  `id_nasabah_offline` varchar(8) DEFAULT NULL,
  `id_kategori_sampah` int(11) DEFAULT NULL,
  `id_jenis_sampah` int(11) DEFAULT NULL,
  `id_merk` int(11) DEFAULT NULL,
  `id_kondisi_sampah` int(11) DEFAULT NULL,
  `berat_setoran` float DEFAULT NULL,
  `harga_setoran` int(11) DEFAULT NULL,
  `datetime_setoran` datetime DEFAULT NULL,
  PRIMARY KEY (`id_setoran`)
) ENGINE=InnoDB DEFAULT CHARSET=latin1;

-- Membuang data untuk tabel db_kompis_baru.nabung_online_detail: ~0 rows (lebih kurang)
/*!40000 ALTER TABLE `nabung_online_detail` DISABLE KEYS */;
/*!40000 ALTER TABLE `nabung_online_detail` ENABLE KEYS */;

-- membuang struktur untuk table db_kompis_baru.nasabah_offline
CREATE TABLE IF NOT EXISTS `nasabah_offline` (
  `id_nasabah_offline` varchar(8) NOT NULL,
  `nama_nasabah_offline` varchar(50) DEFAULT NULL,
  `email_nasabah_offline` varchar(50) DEFAULT NULL,
  `no_hp_nasabah_offline` varchar(15) DEFAULT NULL,
  PRIMARY KEY (`id_nasabah_offline`)
) ENGINE=InnoDB DEFAULT CHARSET=latin1;

-- Membuang data untuk tabel db_kompis_baru.nasabah_offline: ~0 rows (lebih kurang)
/*!40000 ALTER TABLE `nasabah_offline` DISABLE KEYS */;
/*!40000 ALTER TABLE `nasabah_offline` ENABLE KEYS */;

-- membuang struktur untuk table db_kompis_baru.nasabah_offline_detail
CREATE TABLE IF NOT EXISTS `nasabah_offline_detail` (
  `id_nasabah_offline` varchar(8) NOT NULL,
  `id_bank_sampah` varchar(8) NOT NULL DEFAULT '0',
  `alamat_nasabah_offline` varchar(100) DEFAULT NULL,
  `id_provinsi` int(5) DEFAULT NULL,
  `id_kabupaten` int(5) DEFAULT NULL,
  `id_kecamatan` int(5) DEFAULT NULL,
  `no_ktp_nasabah_offline` int(16) NOT NULL DEFAULT '0',
  `foto_ktp_nasabah_offline` varchar(50) NOT NULL DEFAULT '0',
  `saldo_nasabah_offline` int(11) DEFAULT NULL,
  PRIMARY KEY (`id_nasabah_offline`)
) ENGINE=InnoDB DEFAULT CHARSET=latin1;

-- Membuang data untuk tabel db_kompis_baru.nasabah_offline_detail: ~0 rows (lebih kurang)
/*!40000 ALTER TABLE `nasabah_offline_detail` DISABLE KEYS */;
/*!40000 ALTER TABLE `nasabah_offline_detail` ENABLE KEYS */;

-- membuang struktur untuk table db_kompis_baru.nasabah_online
CREATE TABLE IF NOT EXISTS `nasabah_online` (
  `id_nasabah_online` int(11) NOT NULL AUTO_INCREMENT,
  `id_status_nasabah_online` varchar(5) NOT NULL,
  `nama_nasabah_online` varchar(50) DEFAULT NULL,
  `email_nasabah_online` varchar(50) DEFAULT NULL,
  `no_hp_nasabah_online` varchar(15) DEFAULT NULL,
  `password_nasabah_online` varchar(100) DEFAULT NULL,
  `kode_verifikasi_bank_sampah` varchar(50) DEFAULT NULL,
  `last_login` datetime DEFAULT NULL,
  `tgl_join` datetime DEFAULT NULL,
  PRIMARY KEY (`id_nasabah_online`)
) ENGINE=InnoDB AUTO_INCREMENT=5 DEFAULT CHARSET=latin1;

-- Membuang data untuk tabel db_kompis_baru.nasabah_online: ~3 rows (lebih kurang)
/*!40000 ALTER TABLE `nasabah_online` DISABLE KEYS */;
INSERT INTO `nasabah_online` (`id_nasabah_online`, `id_status_nasabah_online`, `nama_nasabah_online`, `email_nasabah_online`, `no_hp_nasabah_online`, `password_nasabah_online`, `kode_verifikasi_bank_sampah`, `last_login`, `tgl_join`) VALUES
	(1, '2', 'mm', 'mm@gmail.com', '12344', '1111', NULL, NULL, NULL),
	(2, '3', 'mamam', 'lele@gmail.com', '12334441', '1', NULL, '2020-02-13 11:19:39', '2020-02-13 11:19:39'),
	(3, '1', 'nasabaha', 'nasabaha@gmail.com', '122222', '11111', NULL, '2020-02-13 14:43:18', '2020-02-13 14:43:18'),
	(4, '1', 'mama', 'keke@gmail.com', '12344', '123333', NULL, '2020-02-17 19:11:45', '2020-02-17 19:11:45');
/*!40000 ALTER TABLE `nasabah_online` ENABLE KEYS */;

-- membuang struktur untuk table db_kompis_baru.nasabah_online_detail
CREATE TABLE IF NOT EXISTS `nasabah_online_detail` (
  `id_nasabah_online_detail` int(11) NOT NULL AUTO_INCREMENT,
  `id_nasabah_online` varchar(8) DEFAULT NULL,
  `alamat_nasabah_online` varchar(100) DEFAULT NULL,
  `lat_nasabah_online` decimal(10,8) DEFAULT NULL,
  `long_nasabah_online` decimal(11,8) DEFAULT NULL,
  `id_provinsi` int(5) DEFAULT NULL,
  `id_kabupaten` int(5) DEFAULT NULL,
  `id_kecamatan` int(5) DEFAULT NULL,
  `no_ktp_nasabah_online` int(16) DEFAULT NULL,
  `foto_ktp_nasabah_online` varchar(50) DEFAULT NULL,
  `saldo_nasabah_online` int(11) DEFAULT NULL,
  `point_nasabah_online` int(11) DEFAULT NULL,
  PRIMARY KEY (`id_nasabah_online_detail`)
) ENGINE=InnoDB AUTO_INCREMENT=2 DEFAULT CHARSET=latin1;

-- Membuang data untuk tabel db_kompis_baru.nasabah_online_detail: ~1 rows (lebih kurang)
/*!40000 ALTER TABLE `nasabah_online_detail` DISABLE KEYS */;
INSERT INTO `nasabah_online_detail` (`id_nasabah_online_detail`, `id_nasabah_online`, `alamat_nasabah_online`, `lat_nasabah_online`, `long_nasabah_online`, `id_provinsi`, `id_kabupaten`, `id_kecamatan`, `no_ktp_nasabah_online`, `foto_ktp_nasabah_online`, `saldo_nasabah_online`, `point_nasabah_online`) VALUES
	(1, '1', '1', NULL, NULL, NULL, NULL, NULL, NULL, NULL, NULL, NULL);
/*!40000 ALTER TABLE `nasabah_online_detail` ENABLE KEYS */;

-- membuang struktur untuk table db_kompis_baru.notifikasi
CREATE TABLE IF NOT EXISTS `notifikasi` (
  `id_notifikasi` int(11) NOT NULL AUTO_INCREMENT,
  `id_nasabah_online` varchar(8) DEFAULT NULL,
  `id_bank_sampah` varchar(8) DEFAULT NULL,
  `id_pengepul` varchar(8) DEFAULT NULL,
  `detail_notifikasi` varchar(100) DEFAULT NULL,
  `url_notifikasi` varchar(100) DEFAULT NULL COMMENT 'khusus website',
  `activity` varchar(100) DEFAULT NULL COMMENT 'khusus apps ',
  `foto_notifikasi` varchar(100) DEFAULT NULL,
  PRIMARY KEY (`id_notifikasi`)
) ENGINE=InnoDB DEFAULT CHARSET=latin1;

-- Membuang data untuk tabel db_kompis_baru.notifikasi: ~0 rows (lebih kurang)
/*!40000 ALTER TABLE `notifikasi` DISABLE KEYS */;
/*!40000 ALTER TABLE `notifikasi` ENABLE KEYS */;

-- membuang struktur untuk table db_kompis_baru.pengepul
CREATE TABLE IF NOT EXISTS `pengepul` (
  `id_pengepul` int(11) NOT NULL AUTO_INCREMENT,
  `id_status_pengepul` int(11) NOT NULL DEFAULT '0',
  `nama_pengepul` varchar(50) DEFAULT NULL,
  `email_pengepul` varchar(50) DEFAULT NULL,
  `no_hp_pengepul` varchar(15) DEFAULT NULL,
  `password_pengepul` varchar(100) DEFAULT NULL,
  `kode_verifikasi_bank_sampah` varchar(50) DEFAULT NULL,
  `last_login` datetime DEFAULT NULL,
  `tgl_join` datetime DEFAULT NULL,
  PRIMARY KEY (`id_pengepul`)
) ENGINE=InnoDB AUTO_INCREMENT=4 DEFAULT CHARSET=latin1;

-- Membuang data untuk tabel db_kompis_baru.pengepul: ~3 rows (lebih kurang)
/*!40000 ALTER TABLE `pengepul` DISABLE KEYS */;
INSERT INTO `pengepul` (`id_pengepul`, `id_status_pengepul`, `nama_pengepul`, `email_pengepul`, `no_hp_pengepul`, `password_pengepul`, `kode_verifikasi_bank_sampah`, `last_login`, `tgl_join`) VALUES
	(1, 1, 'mmm', 'mm@gmail.com', '202020', '202020', '2020', '2020-02-14 10:21:06', '2020-02-14 10:21:06'),
	(2, 3, 'mamam', 'maman@gmail.com', '1020202', '010101', '11', '2020-02-14 11:07:41', '2020-02-14 11:07:41'),
	(3, 1, 'mamamkk', 'keke@gmail.com', '18181', '1233', '1', '2020-02-14 14:06:51', '2020-02-14 14:06:51');
/*!40000 ALTER TABLE `pengepul` ENABLE KEYS */;

-- membuang struktur untuk table db_kompis_baru.pengepul_detail
CREATE TABLE IF NOT EXISTS `pengepul_detail` (
  `id_pengepul` varchar(8) DEFAULT NULL,
  `alamat_pengepul` varchar(100) DEFAULT NULL,
  `id_provinsi` int(5) DEFAULT NULL,
  `id_kabupaten` int(5) DEFAULT NULL,
  `id_kecamatan` int(5) DEFAULT NULL,
  `lat_pengepul` decimal(10,8) DEFAULT NULL,
  `long_pengepul` decimal(11,8) DEFAULT NULL,
  `no_ktp_pengepul` int(16) DEFAULT NULL,
  `foto_ktp_pengepul` varchar(50) DEFAULT NULL,
  `saldo_pengepul` int(11) DEFAULT NULL
) ENGINE=InnoDB DEFAULT CHARSET=latin1;

-- Membuang data untuk tabel db_kompis_baru.pengepul_detail: ~2 rows (lebih kurang)
/*!40000 ALTER TABLE `pengepul_detail` DISABLE KEYS */;
INSERT INTO `pengepul_detail` (`id_pengepul`, `alamat_pengepul`, `id_provinsi`, `id_kabupaten`, `id_kecamatan`, `lat_pengepul`, `long_pengepul`, `no_ktp_pengepul`, `foto_ktp_pengepul`, `saldo_pengepul`) VALUES
	('2', NULL, NULL, NULL, NULL, NULL, NULL, NULL, NULL, NULL),
	('1', NULL, NULL, NULL, NULL, NULL, NULL, NULL, NULL, NULL),
	('3', 'clp', NULL, NULL, NULL, NULL, NULL, NULL, NULL, NULL);
/*!40000 ALTER TABLE `pengepul_detail` ENABLE KEYS */;

-- membuang struktur untuk table db_kompis_baru.pengurus_bank_sampah
CREATE TABLE IF NOT EXISTS `pengurus_bank_sampah` (
  `id_pengurus_bank_sampah` int(11) NOT NULL,
  `id_bank_sampah` varchar(8) NOT NULL,
  `id_jabatan_pengurus` int(11) DEFAULT NULL,
  `nama_pengurus` varchar(100) DEFAULT NULL,
  `no_ktp_pengurus` int(11) DEFAULT NULL,
  `alamat_pengurus` varchar(100) DEFAULT NULL,
  `id_provinsi` int(5) DEFAULT NULL,
  `id_kabupaten` int(5) DEFAULT NULL,
  `id_kecamatan` int(5) DEFAULT NULL,
  `no_hp_pengurus` int(11) DEFAULT NULL,
  `email_pengurus` varchar(50) DEFAULT NULL,
  `foto_ktp_pengurus` varchar(50) DEFAULT NULL,
  `foto_selfie_ktp_pengurus` varchar(50) DEFAULT NULL,
  `status_pengurus_bank_sampah` varchar(20) DEFAULT NULL,
  PRIMARY KEY (`id_pengurus_bank_sampah`)
) ENGINE=InnoDB DEFAULT CHARSET=latin1;

-- Membuang data untuk tabel db_kompis_baru.pengurus_bank_sampah: ~0 rows (lebih kurang)
/*!40000 ALTER TABLE `pengurus_bank_sampah` DISABLE KEYS */;
/*!40000 ALTER TABLE `pengurus_bank_sampah` ENABLE KEYS */;

-- membuang struktur untuk table db_kompis_baru.posts
CREATE TABLE IF NOT EXISTS `posts` (
  `id` bigint(20) unsigned NOT NULL AUTO_INCREMENT,
  `slug` varchar(255) COLLATE utf8mb4_unicode_ci NOT NULL,
  `title` varchar(255) COLLATE utf8mb4_unicode_ci NOT NULL,
  `body` text COLLATE utf8mb4_unicode_ci NOT NULL,
  `created_at` timestamp NULL DEFAULT NULL,
  `updated_at` timestamp NULL DEFAULT NULL,
  PRIMARY KEY (`id`)
) ENGINE=InnoDB AUTO_INCREMENT=5 DEFAULT CHARSET=utf8mb4 COLLATE=utf8mb4_unicode_ci;

-- Membuang data untuk tabel db_kompis_baru.posts: ~4 rows (lebih kurang)
/*!40000 ALTER TABLE `posts` DISABLE KEYS */;
INSERT INTO `posts` (`id`, `slug`, `title`, `body`, `created_at`, `updated_at`) VALUES
	(1, 'Oke', 'MMM', 'MANTAP', '2020-02-09 15:28:07', '2020-02-09 15:28:08'),
	(2, 'MANTUL', 'MUAAH', 'BERAAA', '2020-02-09 15:28:34', '2020-02-09 15:28:35'),
	(3, 'HIYAA', 'LELEL', 'mmle', '2020-02-09 15:30:23', '2020-02-09 15:30:23'),
	(4, 'mantaplurr', 'MANTAPLURR', 'BODYMNATAPP', '2020-02-09 15:37:09', '2020-02-09 15:37:09');
/*!40000 ALTER TABLE `posts` ENABLE KEYS */;

-- membuang struktur untuk table db_kompis_baru.promo
CREATE TABLE IF NOT EXISTS `promo` (
  `id_promo` int(11) NOT NULL AUTO_INCREMENT,
  `judul_promo` varchar(50) DEFAULT NULL,
  `gambar_promo` varchar(50) DEFAULT NULL,
  `detail_promo` varchar(100) DEFAULT NULL,
  `tipe_promo` int(11) DEFAULT NULL,
  `created_at_promo` timestamp NULL DEFAULT NULL,
  `status_promo` varchar(50) DEFAULT NULL COMMENT 'status promo: promo bank sampah atau promo nasabah',
  PRIMARY KEY (`id_promo`)
) ENGINE=InnoDB AUTO_INCREMENT=9 DEFAULT CHARSET=latin1;

-- Membuang data untuk tabel db_kompis_baru.promo: ~1 rows (lebih kurang)
/*!40000 ALTER TABLE `promo` DISABLE KEYS */;
INSERT INTO `promo` (`id_promo`, `judul_promo`, `gambar_promo`, `detail_promo`, `tipe_promo`, `created_at_promo`, `status_promo`) VALUES
	(8, 'kk', 'd8c4afa2551acb1777b7bb9a9ec360e2.png', 'ananaaaamam', 134, NULL, '1');
/*!40000 ALTER TABLE `promo` ENABLE KEYS */;

-- membuang struktur untuk table db_kompis_baru.provinsi
CREATE TABLE IF NOT EXISTS `provinsi` (
  `id_provinsi` int(5) NOT NULL,
  `nama_provinsi` varchar(50) NOT NULL,
  PRIMARY KEY (`id_provinsi`)
) ENGINE=MyISAM AUTO_INCREMENT=35 DEFAULT CHARSET=latin1;

-- Membuang data untuk tabel db_kompis_baru.provinsi: 34 rows
/*!40000 ALTER TABLE `provinsi` DISABLE KEYS */;
INSERT INTO `provinsi` (`id_provinsi`, `nama_provinsi`) VALUES
	(1, 'BANTEN'),
	(2, 'DKI JAKARTA'),
	(3, 'JAWA BARAT'),
	(4, 'JAWA TENGAH'),
	(5, 'DI YOGYAKARTA'),
	(6, 'JAWA TIMUR'),
	(7, 'BALI'),
	(8, 'NANGGROE ACEH DARUSSALAM (NAD)'),
	(9, 'SUMATERA UTARA'),
	(10, 'SUMATERA BARAT'),
	(11, 'RIAU'),
	(12, 'KEPULAUAN RIAU'),
	(13, 'JAMBI'),
	(14, 'BENGKULU'),
	(15, 'SUMATERA SELATAN'),
	(16, 'BANGKA BELITUNG'),
	(17, 'LAMPUNG'),
	(18, 'KALIMANTAN BARAT'),
	(19, 'KALIMANTAN TENGAH'),
	(20, 'KALIMANTAN SELATAN'),
	(21, 'KALIMANTAN TIMUR'),
	(22, 'KALIMANTAN UTARA'),
	(23, 'SULAWESI BARAT'),
	(24, 'SULAWESI SELATAN'),
	(25, 'SULAWESI TENGGARA'),
	(26, 'SULAWESI TENGAH'),
	(27, 'GORONTALO'),
	(28, 'SULAWESI UTARA'),
	(29, 'MALUKU'),
	(30, 'MALUKU UTARA'),
	(31, 'NUSA TENGGARA BARAT (NTB)'),
	(32, 'NUSA TENGGARA TIMUR (NTT)'),
	(33, 'PAPUA BARAT'),
	(34, 'PAPUA');
/*!40000 ALTER TABLE `provinsi` ENABLE KEYS */;

-- membuang struktur untuk table db_kompis_baru.redeem_bank_sampah
CREATE TABLE IF NOT EXISTS `redeem_bank_sampah` (
  `id_redeem_bank_sampah` int(11) NOT NULL AUTO_INCREMENT,
  `id_bank_sampah` int(11) DEFAULT NULL,
  `id_reward` int(11) DEFAULT NULL,
  `id_merchant` int(11) DEFAULT NULL,
  `datetime_redeem_bank_sampah` datetime DEFAULT NULL,
  PRIMARY KEY (`id_redeem_bank_sampah`)
) ENGINE=InnoDB DEFAULT CHARSET=latin1;

-- Membuang data untuk tabel db_kompis_baru.redeem_bank_sampah: ~0 rows (lebih kurang)
/*!40000 ALTER TABLE `redeem_bank_sampah` DISABLE KEYS */;
/*!40000 ALTER TABLE `redeem_bank_sampah` ENABLE KEYS */;

-- membuang struktur untuk table db_kompis_baru.redeem_nasabah
CREATE TABLE IF NOT EXISTS `redeem_nasabah` (
  `id_redeem_nasabah` int(11) NOT NULL AUTO_INCREMENT,
  `id_nasabah_online` varchar(8) DEFAULT NULL,
  `id_reward` int(11) DEFAULT NULL,
  `id_merchant` int(11) DEFAULT NULL,
  `datetime_redeem_nasabah` datetime DEFAULT NULL,
  PRIMARY KEY (`id_redeem_nasabah`)
) ENGINE=InnoDB DEFAULT CHARSET=latin1;

-- Membuang data untuk tabel db_kompis_baru.redeem_nasabah: ~0 rows (lebih kurang)
/*!40000 ALTER TABLE `redeem_nasabah` DISABLE KEYS */;
/*!40000 ALTER TABLE `redeem_nasabah` ENABLE KEYS */;

-- membuang struktur untuk table db_kompis_baru.review
CREATE TABLE IF NOT EXISTS `review` (
  `id_review` int(11) NOT NULL AUTO_INCREMENT,
  `id_nasabah_online` varchar(8) DEFAULT NULL,
  `id_bank_sampah` varchar(8) DEFAULT NULL,
  `id_pengepul` varchar(8) DEFAULT NULL,
  `nilai_nasabah_online` int(11) DEFAULT NULL,
  `nilai_bank_sampah` int(11) DEFAULT NULL COMMENT 'bintang 1 sampai 5',
  `nilai_pengepul` int(11) DEFAULT NULL,
  `ulasan_review` varchar(100) DEFAULT NULL,
  `datetime_review` datetime DEFAULT NULL,
  PRIMARY KEY (`id_review`)
) ENGINE=InnoDB DEFAULT CHARSET=latin1;

-- Membuang data untuk tabel db_kompis_baru.review: ~0 rows (lebih kurang)
/*!40000 ALTER TABLE `review` DISABLE KEYS */;
/*!40000 ALTER TABLE `review` ENABLE KEYS */;

-- membuang struktur untuk table db_kompis_baru.reward
CREATE TABLE IF NOT EXISTS `reward` (
  `id_reward` int(11) NOT NULL AUTO_INCREMENT,
  `id_tipe_bank_sampah` int(11) DEFAULT NULL,
  `nama_reward` varchar(50) DEFAULT NULL,
  `detail_reward` varchar(50) DEFAULT NULL,
  `poin_reward` int(11) DEFAULT NULL,
  `status_reward` varchar(50) DEFAULT NULL COMMENT 'Aktif dan Non Aktif',
  PRIMARY KEY (`id_reward`)
) ENGINE=InnoDB AUTO_INCREMENT=3 DEFAULT CHARSET=latin1;

-- Membuang data untuk tabel db_kompis_baru.reward: ~2 rows (lebih kurang)
/*!40000 ALTER TABLE `reward` DISABLE KEYS */;
INSERT INTO `reward` (`id_reward`, `id_tipe_bank_sampah`, `nama_reward`, `detail_reward`, `poin_reward`, `status_reward`) VALUES
	(1, 2, 'mantap', 'Mantaaaapnnn', 10, '1'),
	(2, 1, 'nene', 'mmee', 19, '91');
/*!40000 ALTER TABLE `reward` ENABLE KEYS */;

-- membuang struktur untuk table db_kompis_baru.riwayat_penawaran
CREATE TABLE IF NOT EXISTS `riwayat_penawaran` (
  `id_lelang` int(11) DEFAULT NULL,
  `id_pengepul` varchar(8) DEFAULT NULL,
  `id_bank_sampah` varchar(8) DEFAULT NULL,
  `jumlah_penawaran` int(11) DEFAULT NULL
) ENGINE=InnoDB DEFAULT CHARSET=latin1;

-- Membuang data untuk tabel db_kompis_baru.riwayat_penawaran: ~0 rows (lebih kurang)
/*!40000 ALTER TABLE `riwayat_penawaran` DISABLE KEYS */;
/*!40000 ALTER TABLE `riwayat_penawaran` ENABLE KEYS */;

-- membuang struktur untuk table db_kompis_baru.sekolah
CREATE TABLE IF NOT EXISTS `sekolah` (
  `id_lembaga_pendidikan` int(11) NOT NULL,
  `id_jenjang_pendidikan` int(11) DEFAULT NULL,
  `id_bank_sampah` varchar(8) DEFAULT NULL,
  PRIMARY KEY (`id_lembaga_pendidikan`)
) ENGINE=InnoDB DEFAULT CHARSET=latin1;

-- Membuang data untuk tabel db_kompis_baru.sekolah: ~0 rows (lebih kurang)
/*!40000 ALTER TABLE `sekolah` DISABLE KEYS */;
/*!40000 ALTER TABLE `sekolah` ENABLE KEYS */;

-- membuang struktur untuk table db_kompis_baru.siswa
CREATE TABLE IF NOT EXISTS `siswa` (
  `nis` varchar(50) NOT NULL,
  `nama_siswa` varchar(100) DEFAULT NULL,
  `email_siswa` varchar(50) DEFAULT NULL,
  `no_hp_siswa` varchar(15) DEFAULT NULL,
  PRIMARY KEY (`nis`)
) ENGINE=InnoDB DEFAULT CHARSET=latin1;

-- Membuang data untuk tabel db_kompis_baru.siswa: ~0 rows (lebih kurang)
/*!40000 ALTER TABLE `siswa` DISABLE KEYS */;
/*!40000 ALTER TABLE `siswa` ENABLE KEYS */;

-- membuang struktur untuk table db_kompis_baru.smartbin
CREATE TABLE IF NOT EXISTS `smartbin` (
  `id_smartbin` int(11) NOT NULL AUTO_INCREMENT,
  `id_brand` int(11) NOT NULL DEFAULT '0',
  `kode_smartbin` varchar(10) DEFAULT NULL,
  `lokasi_smartbin` varchar(50) DEFAULT NULL,
  `detail_smartbin` varchar(50) DEFAULT NULL,
  `code_versi_smartbin` varchar(10) DEFAULT NULL,
  `api_check_smartbin` varchar(50) DEFAULT NULL,
  `api_flush_smartbin` varchar(50) DEFAULT NULL,
  `status_smartbin` varchar(50) DEFAULT NULL,
  PRIMARY KEY (`id_smartbin`)
) ENGINE=InnoDB DEFAULT CHARSET=latin1;

-- Membuang data untuk tabel db_kompis_baru.smartbin: ~0 rows (lebih kurang)
/*!40000 ALTER TABLE `smartbin` DISABLE KEYS */;
/*!40000 ALTER TABLE `smartbin` ENABLE KEYS */;

-- membuang struktur untuk table db_kompis_baru.smartbin_counter
CREATE TABLE IF NOT EXISTS `smartbin_counter` (
  `id_smartbin` int(11) NOT NULL,
  `id_nasabah_online` varchar(8) DEFAULT NULL,
  `kode_smartbin` varchar(10) DEFAULT NULL,
  `jumlah_botol` int(11) DEFAULT NULL,
  `point` int(11) DEFAULT NULL,
  `datetime` datetime DEFAULT NULL,
  `status` varchar(50) DEFAULT NULL,
  `createsd_at` date DEFAULT NULL,
  PRIMARY KEY (`id_smartbin`)
) ENGINE=InnoDB DEFAULT CHARSET=latin1;

-- Membuang data untuk tabel db_kompis_baru.smartbin_counter: ~0 rows (lebih kurang)
/*!40000 ALTER TABLE `smartbin_counter` DISABLE KEYS */;
/*!40000 ALTER TABLE `smartbin_counter` ENABLE KEYS */;

-- membuang struktur untuk table db_kompis_baru.status_bank_sampah
CREATE TABLE IF NOT EXISTS `status_bank_sampah` (
  `id_status_bank_sampah` varchar(5) NOT NULL,
  `ket_status_bank_sampah` varchar(50) DEFAULT NULL,
  PRIMARY KEY (`id_status_bank_sampah`)
) ENGINE=InnoDB DEFAULT CHARSET=latin1;

-- Membuang data untuk tabel db_kompis_baru.status_bank_sampah: ~4 rows (lebih kurang)
/*!40000 ALTER TABLE `status_bank_sampah` DISABLE KEYS */;
INSERT INTO `status_bank_sampah` (`id_status_bank_sampah`, `ket_status_bank_sampah`) VALUES
	('0', 'Belum Verifikasi Email'),
	('1', 'Belum Upload Berkas'),
	('2', 'Sudah Terverifikasi'),
	('3', 'Blokir');
/*!40000 ALTER TABLE `status_bank_sampah` ENABLE KEYS */;

-- membuang struktur untuk table db_kompis_baru.status_buka_bank_sampah
CREATE TABLE IF NOT EXISTS `status_buka_bank_sampah` (
  `id_status_buka_bank_sampah` int(11) NOT NULL AUTO_INCREMENT,
  `ket_status_buka_bank_sampah` varchar(50) DEFAULT NULL,
  PRIMARY KEY (`id_status_buka_bank_sampah`)
) ENGINE=InnoDB AUTO_INCREMENT=6 DEFAULT CHARSET=latin1;

-- Membuang data untuk tabel db_kompis_baru.status_buka_bank_sampah: ~5 rows (lebih kurang)
/*!40000 ALTER TABLE `status_buka_bank_sampah` DISABLE KEYS */;
INSERT INTO `status_buka_bank_sampah` (`id_status_buka_bank_sampah`, `ket_status_buka_bank_sampah`) VALUES
	(1, 'Buka di jam terpilih'),
	(2, 'Selalu Buka'),
	(3, 'Tidak Ada Informasi Jam Buka'),
	(4, 'Ditutup Sementara'),
	(5, 'Ditutup Permanen');
/*!40000 ALTER TABLE `status_buka_bank_sampah` ENABLE KEYS */;

-- membuang struktur untuk table db_kompis_baru.status_nasabah_online
CREATE TABLE IF NOT EXISTS `status_nasabah_online` (
  `id_status_nasabah_online` varchar(5) NOT NULL,
  `ket_status_nasabah_online` varchar(50) DEFAULT NULL,
  PRIMARY KEY (`id_status_nasabah_online`)
) ENGINE=InnoDB DEFAULT CHARSET=latin1;

-- Membuang data untuk tabel db_kompis_baru.status_nasabah_online: ~4 rows (lebih kurang)
/*!40000 ALTER TABLE `status_nasabah_online` DISABLE KEYS */;
INSERT INTO `status_nasabah_online` (`id_status_nasabah_online`, `ket_status_nasabah_online`) VALUES
	('0', 'Belum Verifikasi Email'),
	('1', 'Belum Upload Berkas'),
	('2', 'Sudah Terverifikasi'),
	('3', 'Blokir');
/*!40000 ALTER TABLE `status_nasabah_online` ENABLE KEYS */;

-- membuang struktur untuk table db_kompis_baru.status_pengepul
CREATE TABLE IF NOT EXISTS `status_pengepul` (
  `id_status_pengepul` varchar(5) NOT NULL,
  `ket_status_pengepul` varchar(50) DEFAULT NULL,
  PRIMARY KEY (`id_status_pengepul`)
) ENGINE=InnoDB DEFAULT CHARSET=latin1;

-- Membuang data untuk tabel db_kompis_baru.status_pengepul: ~4 rows (lebih kurang)
/*!40000 ALTER TABLE `status_pengepul` DISABLE KEYS */;
INSERT INTO `status_pengepul` (`id_status_pengepul`, `ket_status_pengepul`) VALUES
	('0', 'Belum Verifikasi Email'),
	('1', 'Belum Upload Berkas'),
	('2', 'Sudah Terverifikasi'),
	('3', 'Blokir');
/*!40000 ALTER TABLE `status_pengepul` ENABLE KEYS */;

-- membuang struktur untuk table db_kompis_baru.status_setoran
CREATE TABLE IF NOT EXISTS `status_setoran` (
  `id_status_setoran` int(11) NOT NULL AUTO_INCREMENT,
  `nama_status_setoran` varchar(50) DEFAULT NULL,
  PRIMARY KEY (`id_status_setoran`)
) ENGINE=InnoDB AUTO_INCREMENT=6 DEFAULT CHARSET=latin1;

-- Membuang data untuk tabel db_kompis_baru.status_setoran: ~5 rows (lebih kurang)
/*!40000 ALTER TABLE `status_setoran` DISABLE KEYS */;
INSERT INTO `status_setoran` (`id_status_setoran`, `nama_status_setoran`) VALUES
	(1, 'Diterima'),
	(2, 'Ditolak'),
	(3, 'Sedang Diproses'),
	(4, 'Proses Penjemputan'),
	(5, 'Selesai');
/*!40000 ALTER TABLE `status_setoran` ENABLE KEYS */;

-- membuang struktur untuk table db_kompis_baru.tabel_harga
CREATE TABLE IF NOT EXISTS `tabel_harga` (
  `id_tabel_harga` int(11) NOT NULL AUTO_INCREMENT,
  `id_kategori_sampah` int(11) DEFAULT NULL,
  `id_jenis_sampah` int(11) DEFAULT NULL,
  `harga_nasional` int(11) NOT NULL,
  PRIMARY KEY (`id_tabel_harga`)
) ENGINE=InnoDB AUTO_INCREMENT=3 DEFAULT CHARSET=latin1;

-- Membuang data untuk tabel db_kompis_baru.tabel_harga: ~0 rows (lebih kurang)
/*!40000 ALTER TABLE `tabel_harga` DISABLE KEYS */;
INSERT INTO `tabel_harga` (`id_tabel_harga`, `id_kategori_sampah`, `id_jenis_sampah`, `harga_nasional`) VALUES
	(1, 3, 2, 1000),
	(2, 5, 2, 700);
/*!40000 ALTER TABLE `tabel_harga` ENABLE KEYS */;

-- membuang struktur untuk table db_kompis_baru.tabel_harga_detail
CREATE TABLE IF NOT EXISTS `tabel_harga_detail` (
  `id_tbl_harga_detail` int(11) NOT NULL AUTO_INCREMENT,
  `id_tabel_harga` int(11) DEFAULT NULL,
  `id_provinsi` int(5) DEFAULT NULL,
  `harga_provinsi` int(11) DEFAULT NULL,
  PRIMARY KEY (`id_tbl_harga_detail`)
) ENGINE=InnoDB DEFAULT CHARSET=latin1;

-- Membuang data untuk tabel db_kompis_baru.tabel_harga_detail: ~0 rows (lebih kurang)
/*!40000 ALTER TABLE `tabel_harga_detail` DISABLE KEYS */;
/*!40000 ALTER TABLE `tabel_harga_detail` ENABLE KEYS */;

-- membuang struktur untuk table db_kompis_baru.tarik_saldo_offline
CREATE TABLE IF NOT EXISTS `tarik_saldo_offline` (
  `id_tarik_saldo_offline` int(11) NOT NULL AUTO_INCREMENT,
  `id_jenis_tarik_saldo_offline` int(11) DEFAULT NULL,
  `id_nasabah_offline` varchar(8) DEFAULT NULL,
  `id_bank_sampah` varchar(8) DEFAULT NULL,
  `datetime_tarik_saldo_offline` datetime DEFAULT NULL,
  PRIMARY KEY (`id_tarik_saldo_offline`)
) ENGINE=InnoDB DEFAULT CHARSET=latin1;

-- Membuang data untuk tabel db_kompis_baru.tarik_saldo_offline: ~0 rows (lebih kurang)
/*!40000 ALTER TABLE `tarik_saldo_offline` DISABLE KEYS */;
/*!40000 ALTER TABLE `tarik_saldo_offline` ENABLE KEYS */;

-- membuang struktur untuk table db_kompis_baru.tarik_saldo_online
CREATE TABLE IF NOT EXISTS `tarik_saldo_online` (
  `id_tarik_saldo_online` int(11) NOT NULL AUTO_INCREMENT,
  `id_jenis_tarik_saldo_online` int(11) DEFAULT NULL,
  `id_nasabah_online` varchar(8) DEFAULT NULL,
  `id_bank_sampah` varchar(8) DEFAULT NULL,
  `datetime_transaksi_saldo` datetime DEFAULT NULL,
  PRIMARY KEY (`id_tarik_saldo_online`)
) ENGINE=InnoDB DEFAULT CHARSET=latin1;

-- Membuang data untuk tabel db_kompis_baru.tarik_saldo_online: ~0 rows (lebih kurang)
/*!40000 ALTER TABLE `tarik_saldo_online` DISABLE KEYS */;
/*!40000 ALTER TABLE `tarik_saldo_online` ENABLE KEYS */;

-- membuang struktur untuk table db_kompis_baru.tb_superadmin
CREATE TABLE IF NOT EXISTS `tb_superadmin` (
  `id_super` int(11) NOT NULL AUTO_INCREMENT,
  `username` varchar(30) COLLATE utf8_unicode_ci DEFAULT NULL,
  `password` varchar(100) COLLATE utf8_unicode_ci DEFAULT NULL,
  `email` varchar(50) COLLATE utf8_unicode_ci DEFAULT NULL,
  `nama_admin` varchar(50) COLLATE utf8_unicode_ci DEFAULT NULL,
  `last_login` datetime DEFAULT NULL,
  `dibuat_tgl` datetime DEFAULT NULL,
  PRIMARY KEY (`id_super`)
) ENGINE=InnoDB AUTO_INCREMENT=2 DEFAULT CHARSET=utf8 COLLATE=utf8_unicode_ci;

-- Membuang data untuk tabel db_kompis_baru.tb_superadmin: ~0 rows (lebih kurang)
/*!40000 ALTER TABLE `tb_superadmin` DISABLE KEYS */;
INSERT INTO `tb_superadmin` (`id_super`, `username`, `password`, `email`, `nama_admin`, `last_login`, `dibuat_tgl`) VALUES
	(1, 'super', '481f6cc0511143ccdd7e2d1b1b94faf0a700a8b49cd13922a70b5ae28acaa8c5', 'ulin@gmail.com', 'wafikn', '2020-02-17 19:17:46', '2020-02-07 12:42:21');
/*!40000 ALTER TABLE `tb_superadmin` ENABLE KEYS */;

-- membuang struktur untuk table db_kompis_baru.tipe_bank_sampah
CREATE TABLE IF NOT EXISTS `tipe_bank_sampah` (
  `id_tipe_bank_sampah` int(11) NOT NULL AUTO_INCREMENT,
  `nama_tipe_bank_sampah` varchar(50) DEFAULT NULL,
  PRIMARY KEY (`id_tipe_bank_sampah`)
) ENGINE=InnoDB AUTO_INCREMENT=4 DEFAULT CHARSET=latin1;

-- Membuang data untuk tabel db_kompis_baru.tipe_bank_sampah: ~3 rows (lebih kurang)
/*!40000 ALTER TABLE `tipe_bank_sampah` DISABLE KEYS */;
INSERT INTO `tipe_bank_sampah` (`id_tipe_bank_sampah`, `nama_tipe_bank_sampah`) VALUES
	(1, 'Bank Sampah Umum'),
	(2, 'Bank Sampah Sekolah'),
	(3, 'Manajemen Sampah Rumah Sakit');
/*!40000 ALTER TABLE `tipe_bank_sampah` ENABLE KEYS */;

/*!40101 SET SQL_MODE=IFNULL(@OLD_SQL_MODE, '') */;
/*!40014 SET FOREIGN_KEY_CHECKS=IF(@OLD_FOREIGN_KEY_CHECKS IS NULL, 1, @OLD_FOREIGN_KEY_CHECKS) */;
/*!40101 SET CHARACTER_SET_CLIENT=@OLD_CHARACTER_SET_CLIENT */;
